-- MySQL dump 10.13  Distrib 5.5.58, for debian-linux-gnu (x86_64)
--
-- Host: localhost    Database: zhuangxiu
-- ------------------------------------------------------
-- Server version	5.5.58-0ubuntu0.14.04.1

/*!40101 SET @OLD_CHARACTER_SET_CLIENT=@@CHARACTER_SET_CLIENT */;
/*!40101 SET @OLD_CHARACTER_SET_RESULTS=@@CHARACTER_SET_RESULTS */;
/*!40101 SET @OLD_COLLATION_CONNECTION=@@COLLATION_CONNECTION */;
/*!40101 SET NAMES utf8 */;
/*!40103 SET @OLD_TIME_ZONE=@@TIME_ZONE */;
/*!40103 SET TIME_ZONE='+00:00' */;
/*!40014 SET @OLD_UNIQUE_CHECKS=@@UNIQUE_CHECKS, UNIQUE_CHECKS=0 */;
/*!40014 SET @OLD_FOREIGN_KEY_CHECKS=@@FOREIGN_KEY_CHECKS, FOREIGN_KEY_CHECKS=0 */;
/*!40101 SET @OLD_SQL_MODE=@@SQL_MODE, SQL_MODE='NO_AUTO_VALUE_ON_ZERO' */;
/*!40111 SET @OLD_SQL_NOTES=@@SQL_NOTES, SQL_NOTES=0 */;

--
-- Table structure for table `activity`
--

DROP TABLE IF EXISTS `activity`;
/*!40101 SET @saved_cs_client     = @@character_set_client */;
/*!40101 SET character_set_client = utf8 */;
CREATE TABLE `activity` (
  `id` int(11) NOT NULL AUTO_INCREMENT,
  `name` varchar(100) NOT NULL DEFAULT '' COMMENT '活动标题',
  `img` varchar(255) DEFAULT '' COMMENT '图片',
  `img_big` varchar(255) DEFAULT '' COMMENT '大图',
  `admin_id` int(11) NOT NULL DEFAULT '1' COMMENT '添加活动管理员',
  `start_time` int(11) NOT NULL DEFAULT '0' COMMENT '活动开始时间',
  `end_time` int(11) NOT NULL DEFAULT '0' COMMENT '活动结束时间',
  `address` varchar(255) DEFAULT '' COMMENT '活动地址',
  `pnum` int(11) DEFAULT '0' COMMENT '已报名人数',
  `info` text COMMENT '内容',
  `create_time` int(11) DEFAULT '0',
  `update_time` int(11) DEFAULT '0',
  `st` tinyint(4) DEFAULT '1' COMMENT '1正常 0删除',
  `charm` varchar(255) DEFAULT '' COMMENT '摘要',
  `type` tinyint(4) DEFAULT '1' COMMENT '1在线活动 2验房活动',
  `attend_num` int(11) DEFAULT '0' COMMENT '验房活动已参加人数',
  `imgs` varchar(100) DEFAULT '' COMMENT '内容长图',
  PRIMARY KEY (`id`)
) ENGINE=InnoDB AUTO_INCREMENT=16 DEFAULT CHARSET=utf8 COMMENT='在线活动（平台发布）';
/*!40101 SET character_set_client = @saved_cs_client */;

--
-- Dumping data for table `activity`
--

LOCK TABLES `activity` WRITE;
/*!40000 ALTER TABLE `activity` DISABLE KEYS */;
INSERT INTO `activity` VALUES (3,'双十一团购会','/upload/activity/20171107/f035d9047e595354f46c7b628d9ce522.jpg','/upload/activity/20171107/4619b48d22a968a6ace5202b4711f455.jpg',1,1509897600,1510329600,'十里河五环大酒店',2,'55家会员双十一团购会，十里河五环大酒店，各大品牌参与团购活动，优惠多多，现场赠送优惠券。',1510036242,1510285636,0,'',1,0,''),(4,'公益验房','/upload/activity/20171107/3ec0ecf79c4fea9433407394836038c0.jpg','/upload/activity/20171107/de3704e0110ae2552890d86ffcd48db7.jpg',1,1509897600,1510934400,'北京四季怡园',3,'公益验房，专业看房。',1510037187,1510285632,0,'',1,0,''),(5,'双十一优惠团购会','/upload/activity/20171108/68e6b31dc9ba1b69cfbaade15b708409.jpeg','/upload/activity/20171107/7fa829416d6945fc8a91c6e72482225e.jpg',1,1509897600,1510416000,'北京十里河大酒店',2,'55家会员特权补贴券:\r\n55家会员特权补贴券面额300元和500元:\r\n领取方式：凭购房合同首页照片以及本人身份证原件和互动吧报名截图，11号活动现场9点半开始领取，每户限一张，多领无效。200份先到先得领完为止！此券是11号团购价格基础上使用！\r\n参团福利\r\n1、商家价格为何能做的更低？活动成本最小化，无高档酒店无砍价师！节约的成本直补55会员！\r\n2、55家居云集新老小区众多网友一起开团，销量决定价格，单独一户和千户一起购买价格肯定不同，这就是为什么要有组织性！\r\n3、每期活动您一定可以收获装修有关的知识，有资深设计讲解装修设计，也有资深装修专家和55BBS装修达人分享干货。\r\n4、由于价格是敏感信息，亲们可以先比价后参团，事事做到心中有数，件件都能放心团购。商家折扣一经举报，必须在原来基础上再让利给55会员！\r\n5、依托55BBS强大监督平台，业主消费有保障。下单，零风险。无论您是在平台下单，还是在线上下单或是拨打我们的团购电话抢先订购的，对于任何品牌，只要没有提供上门服务，只要是您通过55家居平台下订，有平台官方订单，就可以一分不少的归还给您。',1510037684,1510285627,0,'现金补贴券',1,0,''),(6,'55家第一期线下沙龙来啦','/upload/activity/20171120/107c8252c867ce6ad571ff19cc63ff81.jpg','/upload/activity/20171120/4b75616a4e20289673b85cc250bf6dd8.jpg',1,1510848000,1512144000,'北三环蓝景丽家负一层会议室',60,'非常感谢支持55家居的会员朋友，经广大网友强烈要求组织线下沙龙，面对面来一场别开生面、大咖倾力巨献的坐谈会。\r\n\r\n就在12月2日，55家第一期线下沙龙开始了！\r\n从材料到施工，一场精彩绝伦的装修菜鸟蜕变华章！\r\n不但谈情还要讲钱，一场连吃带拿的装修盛宴！\r\n品牌BOSS特权福利现场送不停，装修为您省钱不断……\r\n\r\n签到送好礼\r\n百亚甲醛治理提供的空气甲醛自测盒\r\n\r\n\r\n时间：12月2日13:30-16:30\r\n地点：北三环蓝景丽家负一层会议室\r\n主办方：55家居\r\n本场大佬：……………………………………\r\n活动亮点：\r\n●面对面听专家讲解，装修方案功能疑难解答\r\n●品牌老总现场送福利，装修又省一笔\r\n活动时间安排：\r\n13:30签到\r\n13:30—14:30装修干货分享\r\n14:30—15:30设计师案例讲解\r\n15:30—16:30互动时间\r\n微信报名咨询：加小嘿xiaohei55bbs\r\n电话报名咨询：13581523097\r\n场地有限，仅限50户，大家报名加快嗖嗖的来吧~\r\n\r\n乘车路线:\r\n地铁：13号线大钟寺A口出，过天桥步行450米左右\r\n公交:（395、300内蓟门桥西下）(84路地铁大钟寺下)',1510286997,1512096275,1,'非常感谢支持55家居的会员朋友，经广大网友强烈要求组织线下沙龙，面对面来一场别开生面、大咖倾力巨献的坐谈会。',1,0,'/upload/activity/20171125/f39ab7334d1f9c7a71af71b658e88f46.jpg'),(7,'不只是今天','/upload/activity/20171121/3e734dfc8ee56a28d144a990091f50eb.jpg','/upload/activity/20171121/5931a5e87b69d02c59c915c7e1564010.jpg',1,1511107200,1511539200,'北京大兴区嘉悦广场2号楼888',0,'<img  src=\'../updload/jjj.png\' />',1511243596,1511248097,0,'<img  src=\'../updload/jjj.png\' />',1,0,''),(8,'现在验房','/upload/activity/20171125/1368bcb57f5adaa203d130b63b1d6bfe.jpg','/upload/activity/20171124/0ec1742d4782ccdb08446ca7e40c9072.jpg',1,1511366400,1511798400,'',1,'“发布审核”是指由用户发起，将其完成初始化开发的小程序提交至腾讯，由腾讯自行或委托第三方对该小程序的合法性、合理性、安全性、稳定性、可操作性、用户体验等各方面，采用包括但不限于开发信息核对、安全测试、UI测试、随机测试、动态测试、安全测试等方式，进行审查、甄别、试验与评估的过程。发布审核结果包括审核通过与审核不通过两种。审核不通过的，该小程序将无法发布。 ',1511517202,1511592446,0,'“发布审核”是指由用户发起，将其完成初始化开发的小程序提交至腾讯，由腾讯自',2,12,''),(9,'yanfangguole','','/upload/activity/20171124/f36575e1a5d7bd3d4e995c49329c4ed7.jpg',1,1509552000,1510243200,'',0,'微信应用号（小程序，「应用号」的新称呼）终于来了！目前还处于内测阶段，微信只邀请了部分企业参与封测。想必大家都关心应用号的最终形态到底是什么样子？怎样将一个「服务号」改造成为「小程序」？我们暂时以一款简单的第三方工具的实例，来演示一下开发过程吧。 \r\n\r\nOK，为了让大家尽快看到这份教程，博卡君注定要熬夜了！今晚开始更新，希望明天一早就能发布第一篇教程！记录开始！看看几天能完成变身吧！ \r\n\r\n序言 ',1511517488,1511592450,0,'微信应用号（小程序，「应用号」的新称呼）终于来了！目前还处于内测阶段，微信只邀请了部分企业参与封测。想必大家都关心应用号的最终形态到底是',2,0,''),(10,'lishiyanfang2','','/upload/activity/20171124/c900f447442821f18c2454e34f88a592.jpg',1,1509638400,1510070400,'',0,'\r\n我们需要通过开发者工具，来完成小程序创建和代码编辑。 \r\n\r\n开发者工具安装完成后，打开并使用微信扫码登录。选择创建「项目」，填入上文获取到的 AppID，设置一个本地项目的名称（非小程序名称），比如「我的第一个项目」，并选择一个本地的文件夹作为代码存储的目录，点击「新建项目」就可以了。 \r\n\r\n为方便初学者了解微信小程序的基本代码结构，在创建过程中，如果选择的本地文件夹是个空文件夹，开发者工具会提示，是否需要创建一个 quick start 项目。选择「是」，开发者工具会帮助我们在开发目录里生成一个简单的 demo。 ',1511517579,1511592453,0,'本文档将带你一步步创建完成一个微信小程序，并可以在手机上体验该小程序的实际效果。这个小程序的首页将会显示欢迎语',2,0,''),(11,'【恒大名都】小区公益验房火热报名中！','/upload/activity/20171125/6d212fac37e0a8687d317647581591cc.jpg','/upload/activity/20171125/3803ba16fc4daf617b01342a9c39d3ba.jpg',1,1511539200,1514649600,'',1,'【恒大名都】小区公益验房火热报名中！\r\n\r\n恒大名都要收房的业主们注意咯！\r\n55家送福利啦！\r\n55家2017专家公益验房活动开始报名啦！\r\n新房拿到手可是不知道质量好不好？不用怕! 专家现场检测让您有坚实的后盾，保障您的权利。让验房“小白”也能轻松搞定质量检测。\r\n只要您是快收房，就可以报名验房，验房当天只需要您把大门打开即可~~~\r\n公益验房的基本原则是三公：公益、公正、公开\r\n公益验房内容：\r\n1．详细检验房屋质量：包括地面，墙面，顶面，水路，电路，门，窗，暖气，防水等等。\r\n2．专业人士亲临现场，与您面对面的交流沟通，为您的居室出谋划策。\r\n活动须知：\r\n1、参与人群：A、恒大名都准收房业主    B、北京其它准备收房的小区业主\r\n2、 活动时间：2017年（以小区实际收房时间为准）具体时间另行通知，敬请关注\r\n3、验房资格：本小区有5户以上的业主报名验房才算有效申请。我们会根据情况和时间进行统一的验房活动\r\n业主验房须知：\r\n1、申请验房的业主现场需携带纸和笔，用于记录现场专家发现的问题和讲解的知识。（如果业主有相应专业设备也可以带到现场） \r\n2、验收时要求业主全程陪同，新房验房时不得出现其他的验收组织验收、设计师或者施工队现场测量等行为，专家组有权拒绝提供新房或装修质量验收帮助。\r\n 3、业主需允许“专家公益验收团”的报道人员及参与现场学习的其他业主现场拍摄及网络实况报道（含文字说明、房屋图片、人物照片）。\r\n活动流程：\r\n1：凡想参加本次公益验房活动的业主请先加客服微信：xiaosi55bbs,进入55家公益验房官方群\r\n2：在下方“验房报名”位置进行个人信息填写和提交工作。\r\n3：官方客服会与您取得联系，并进行验房时间和活动要求的沟通。\r\n4：活动当天报名参加验房的业主根据要求进行验房活动。     ',1511592901,1511943662,1,'【恒大名都】小区公益验房火热报名中！\r\n\r\n恒大名都要收房的业主们注意咯！\r\n55家送福利啦！\r\n55家2017专家公益验房活动开始报名啦！\r\n新房拿到手可是不知道质量好不好？不用怕! 专家现场检测让您有坚实的后盾，保障您的权利。让验房“小白”也能轻松搞定质量检测。',2,2,'/upload/activity/20171125/b07e36f3f3c20a7c6491efa6cfab2dbf.jpg'),(12,'业之峰装饰大型专场（留筑2017）震撼来袭','/upload/activity/20171127/3124f05d5e3c5bb340051ba9c0a23c96.jpg','/upload/activity/20171127/33a88db4ce69144edf751d974c212f60.jpg',1,1511712000,1513353600,'北京市朝阳区东三环南路100号船舶重工酒店内（十里河桥东北角）三层宴会厅',3,'',1511765914,1512095544,1,'',1,0,'/upload/activity/20171128/af142dd7dcc212a22f73659bc143d144.jpg'),(13,'55“家”年华，吃喝嗨不停','/upload/activity/20171208/eb0522dabeb1bd5d85dd31b98158d05a.jpg','/upload/activity/20171208/137224fc97f24c37249b140cacf0e4cc.jpg',1,1512662400,1514822400,'',6,'亲爱的邻居们，2017年的元旦即将到来，大家一直线上聊天，还没有机会线下相聚，为了让大家更熟悉，咱们群里计划来一场吃喝聚会，我们为大家订饭菜，坐在一起聚聚，吃点，喝点，侃侃大山……\r\n',1512717617,1512718120,1,'',1,0,''),(14,'33333','/upload/activity/20171218/1b4a98c374a287135b3f53c59af4ca69.jpg','',1,1513526400,1513699200,'33333',1,'33333333',1513568311,1513747505,0,'333333',1,0,''),(15,'亚林上苑（亚五）逛店活动报名开始了！！！','/upload/activity/20171225/68d2c225a5d19be0baf68b3162cf55b7.jpg','/upload/activity/20171225/bf84cd51a91875ee5dc0bd18b2fb8e27.jpg',1,1514131200,1514563200,'十里河地铁站A口集合',30,'集合时间：2017.12.30上午9:30—10:00开始\r\n活动时间：2017.12.30上午10：00－15:00（提供午餐）\r\n地铁接待：十里河地铁Ａ口有班车接送\r\n指路电话：15701260360/13581523097\r\n啦啦啦…注意啦！公益活动逛起来……\r\n　　随着亚五小区收房越来越近，邻居们也开始研究自己新家装修的具体事项了，在畅想将来小家能装成什么样子的同时，也为要买什么样的产品，怎么挑适合自己的产品而发愁；装修互助群近一段时间一直在给大家分享相关的知识，不过都停留在理论上，本周六我们带大家到实体店面实践。从理论走到实践来，邻居们抓紧报名。本次活动只限３０户。\r\n      本次逛店学习产品有磁砖、厨柜、新风、烟机灶具，防盗门等，需要更多的可以随时告知团长。\r\n特殊福利：参与本次活动的３０户邻居将获得５５公益验收小组帮助，收房时免费陪同大家验收新房－－门窗、水电、入户门、空鼓、地面平整度等相关事项。\r\n往期逛店活动：\r\n',1514194735,1514357027,1,'集合时间：上午9:30—10:00开始\r\n活动时间：上午10：00－15:00（中间有午餐）\r\n地铁接待：十里河地铁Ａ口有班车接送\r\n指路电话：15701260360/13581523097',1,28,'/upload/activity/20171225/747717278a42faff268081a6d3558d20.jpg');
/*!40000 ALTER TABLE `activity` ENABLE KEYS */;
UNLOCK TABLES;

--
-- Table structure for table `activity_attend`
--

DROP TABLE IF EXISTS `activity_attend`;
/*!40101 SET @saved_cs_client     = @@character_set_client */;
/*!40101 SET character_set_client = utf8 */;
CREATE TABLE `activity_attend` (
  `id` int(11) NOT NULL AUTO_INCREMENT,
  `activity_id` int(11) NOT NULL COMMENT '活动id',
  `user_id` int(11) NOT NULL,
  `truename` varchar(255) NOT NULL DEFAULT '' COMMENT '姓名',
  `mobile` varchar(50) NOT NULL DEFAULT '' COMMENT '电话',
  `zuoji` varchar(50) DEFAULT '' COMMENT '座机',
  `xiaoqu` varchar(255) NOT NULL DEFAULT '' COMMENT '小区地址',
  `nigou` varchar(100) DEFAULT '' COMMENT '拟购产品',
  `create_time` int(11) DEFAULT '0',
  `update_time` int(11) DEFAULT '0',
  `time_to` int(11) DEFAULT '0' COMMENT '验房时间',
  `st` tinyint(4) DEFAULT '1' COMMENT '1成功 2用户删除',
  PRIMARY KEY (`id`),
  KEY `activity_id` (`activity_id`)
) ENGINE=InnoDB AUTO_INCREMENT=111 DEFAULT CHARSET=utf8 COMMENT='活动报名';
/*!40101 SET character_set_client = @saved_cs_client */;

--
-- Dumping data for table `activity_attend`
--

LOCK TABLES `activity_attend` WRITE;
/*!40000 ALTER TABLE `activity_attend` DISABLE KEYS */;
INSERT INTO `activity_attend` VALUES (1,6,71,'张养瑞','18614235352','','花香四季','陇星散热器',1510363695,1510363776,0,1),(2,6,64,'胡澜涛','13810486148','','花香四季','散热器',1510363739,1510363739,0,1),(3,6,84,'石晨','13910320668','','花香四季','',1510363809,1510363809,0,1),(4,6,73,'邓文泽','15201189684','','花香四季','陇星',1510363832,1510363840,0,1),(5,6,86,'酸酸果','18612376782','','花香四季','陇星，凤铝',1510363867,1510363922,0,1),(6,6,76,'吴','13521052630','','花香四季','陇星',1510363898,1511243899,0,1),(7,6,98,'杨婷','13601085628','','花香四季','',1510364198,1510364198,0,1),(8,6,111,'周伟智','13811738200','','花香','',1510364429,1510364429,0,1),(9,6,115,'周绅绅','13511061336','','花香四季','',1510364542,1510364542,0,1),(10,6,66,'曲倩卫','13911754920','','花香四季','隆星',1510365135,1510365135,0,1),(11,6,142,'王海露','13810653984','','南十里居','',1510366609,1510366609,0,1),(12,6,217,'段帅','18810316476','','花香四季','凤铝门窗，陇星散热器',1510412117,1510412117,0,1),(13,6,179,'王峰','13811992182','','东洲家园','',1511159560,1511181095,0,1),(14,6,7,'李秋敏','15230311110','','东洲','凤铝',1511159630,1511159630,0,1),(15,6,521,'李洪星','13521366878','','恒大名都','',1511160741,1511160741,0,1),(16,6,225,'田雪岩','13810301109','','大屯里','',1511162500,1511162500,0,1),(17,6,260,'王女士','18310268680','','璐潮佳苑','家电',1511165693,1511165831,0,1),(18,6,323,'张先生','13699286992','','恒大','',1511166641,1511166641,0,1),(19,6,491,'刘晟男','18612187881','','六铺炕','',1511170969,1511170969,0,1),(20,6,175,'彭先生','13693337745','','本家润园','',1511173321,1511173321,0,1),(21,6,548,'陆琳莹','13021229549','','民安','',1511190101,1511190101,0,1),(22,6,247,'张妍','13810623611','','恒大名都','',1511235352,1511235352,0,1),(23,6,354,'王珊','13439500654','','恒大名都','',1511235430,1511235430,0,1),(24,6,369,'邓晓莉','18600859047','','紫峰','',1511235921,1511235921,0,1),(25,6,367,'霍女士','13520525164','','宏福苑','',1511244705,1511244849,0,1),(26,6,564,'岁月','13520264521','','东坝顺园','',1511251903,1511251972,0,1),(27,6,565,'李铮','15101185198','','东洲','',1511255570,1511840638,0,1),(28,6,574,'程先生','15801679628','','肖家河','',1511303791,1511303791,0,1),(29,6,584,'李女士','13501282685','','晨光家园','',1511332105,1511332105,0,1),(30,6,589,'小燕','13126684585','','南三环','',1511355225,1511355225,0,1),(31,6,156,'张智文','13511056303','','恒大名都','',1511355941,1511355941,0,1),(32,6,171,'刘洋','13681304488','','益丰苑','',1511416326,1511416326,0,1),(33,6,595,'梁伟','13051790707','','西城区三里河东路28号','',1511417536,1511417536,0,1),(34,6,596,'刘静','13910173419','','裕中','',1511418721,1511418721,0,1),(35,6,597,'刘雪辉','13811603739','','鲁能丰合台','',1511418990,1511418990,0,1),(38,6,598,'李','18800117169','','莲玉','',1511425356,1511425356,0,1),(39,6,476,'苏静','18515512885','','十字坡','无',1511445229,1511445229,0,1),(40,6,553,'刘女士','18612597670','','南沙滩小区','',1511492961,1511492961,0,1),(41,6,538,'周姐','18618171867','','紫南小区','',1511493182,1511493182,0,1),(42,6,605,'张新','13811747671','','温泉凯盛家园','',1511504178,1511504178,0,1),(43,8,302,'张迎光','13433238888','','adfasgasgd','',1511585968,1513131147,1513008000,2),(44,6,302,'张锭光','15888878888','','这个是小区,测试的','',1511590506,1513131062,0,2),(45,6,246,'任','13311357117','','名都小区','',1511696897,1511696897,0,1),(46,6,542,'珍','13718403479','','恒大名都嘉园','',1511697110,1511697110,0,1),(47,6,243,'陈女士','15210250497','','恒大名都','',1511699022,1511699022,0,1),(48,6,640,'兰女士','13810146245','','永泰西里','',1511760527,1511760527,0,1),(49,6,641,'步婷华','15731171672','','富力蕙兰','',1511761128,1511761128,0,1),(50,6,604,'石艳丽','13501199149','','西外太平庄6号楼','',1511764135,1511764154,0,1),(51,6,655,'刘建山','18511579257','','良乡西潞园小区','',1511768321,1511768321,0,1),(52,6,408,'张静惠','15030638755','','理想新城','',1511770537,1511770537,0,1),(53,6,668,'张先生','15901085218','','恒大名都','',1511792583,1511792583,0,1),(54,6,670,'李德','13811766865','','恒大名都','',1511825175,1511825175,0,1),(55,6,343,'张先生','17137214675','','清缘里','',1511846886,1511846886,0,1),(56,6,661,'陈女士','13601199918','','西红门','',1511863346,1511863346,0,1),(57,6,691,'常乐','18911900934','','融泽嘉园','',1511937867,1511937867,0,1),(58,6,692,'贾孝恩','15210136080','','东洲家园','',1511938750,1511938750,0,1),(59,6,266,'翟堃','15652963296','','荣丰2007','',1511939377,1511939377,0,1),(60,6,693,'胡福强','13331100543','','芳园里','',1511939583,1511939583,0,1),(61,6,473,'高惠香','15116983183','','朝阳区大柳树西','',1512105657,1512105657,0,1),(62,13,396,'赵','13611355161','','天泰','',1512717823,1512717823,0,1),(63,12,785,'高女士','13910159972','','海淀区大柳树','',1512877532,1512877532,0,1),(64,13,5,'测','13691239763','','试','',1512957792,1512957792,0,1),(65,12,28,'何娟娟','18511482476','','大酒店发发发','',1513131766,1513131766,0,1),(66,12,43,'东洲','15230311110','','东洲','',1513132343,1513132343,0,1),(67,13,28,'进京','15230311110','','大 ','',1513134197,1513739464,0,1),(68,13,302,'张生生','13455678787','','小区地址','',1513238874,1513239715,0,2),(69,11,302,'zhangyg','15988458898','','asdf6a465gasdg','',1513239020,1513240179,0,2),(70,12,302,'张先生','15988455561','','小区在加龙','',1513239576,1513240735,0,2),(71,11,302,'张标明要','13241241242','','asdasgdasgdasg','',1513240253,1514256884,0,2),(72,13,302,'sadga','13434234235','','asdasga34','',1513240270,1514256853,0,2),(73,11,533,'陈先生','18513766325','','恒大江湾','',1513433002,1513433002,1514563200,1),(74,14,28,'赵','13611355161','','天泰','',1513568373,1513568373,0,1),(75,11,28,'娟','15230311110','','大兴','',1513739409,1513739409,0,1),(76,13,43,'京','15230311110','','大兴','',1513929508,1513929508,0,1),(77,11,43,'给你','1523860084','','大兴','',1513929934,1513929934,0,1),(78,15,936,'田子枫','18811041846','','亚林上苑','',1514197957,1514197957,0,1),(79,15,942,'邢现英','13910850035','','亚林1号楼D户型','',1514198456,1514198456,0,1),(80,15,944,'张女士','15001365564','','亚五','',1514198600,1514198600,0,1),(81,15,945,'张晓云','13683021993','','亚林上苑（亚五）','',1514198673,1514198673,0,1),(82,15,947,'赵献楠','13811308923','','亚五','',1514199073,1514199073,0,1),(83,15,955,'崔某某','18901301189','','亚林上苑','',1514200152,1514200152,0,1),(84,15,956,'李女士','13810189518','','亚林','',1514200558,1514200558,0,1),(85,15,958,'赵媛','18701663981','','亚林上苑','',1514200654,1514200654,0,1),(86,15,965,'韩萍','13641008587','','亚林上苑','',1514201712,1514201712,0,1),(87,15,968,'刘旭','13910135227','','亚5','',1514202074,1514202074,0,1),(88,15,15,'张飞','15010065429','','亚五','',1514202928,1514202928,0,1),(89,15,948,'王金荣','13641172375','','亚林上苑','',1514203122,1514203122,0,1),(90,15,974,'宋俊梅','13810074968','','亚林上苑','',1514203155,1514203155,0,1),(91,15,975,'珍惜','13581713982','','亚林上苑','',1514203226,1514203226,0,1),(92,15,978,'李萍','13911388964','','亚林','',1514203882,1514203882,0,1),(93,15,977,'王华','13810348815','','亚五','',1514206022,1514206022,0,1),(94,15,982,'李辰','13910407601','','亚林5','',1514206769,1514206769,0,1),(95,15,993,'张文','13911698398','','亚五','',1514241129,1514241129,0,1),(96,15,962,'宋晶峰','13910274886','','亚林上苑','',1514241793,1514241793,0,1),(97,15,28,'何娟娟','15285412586','','大兴','',1514253923,1514253923,0,1),(98,15,959,'赵云菲','13601008663','','亚林上苑','',1514256769,1514256769,0,1),(99,11,302,'张先生`','15688745512','','在这里测试的地址','',1514257081,1514257089,0,2),(100,11,302,'张先生','15688787454','','j百事因顺','',1514257122,1514257193,0,2),(101,13,302,'张先生们','13332444444','','在这里的','',1514257353,1514257353,0,1),(102,15,1013,'杨严','17010996079','','亚林上苑','',1514258375,1514258375,0,1),(103,15,264,'王先生','18311396264','','亚林上苑','',1514258648,1514258648,0,1),(104,15,1046,'张晓光','13601268471','','亚林上苑','',1514267479,1514267479,0,1),(105,15,1078,'元小元','13811797755','','亚五','',1514286254,1514286254,0,1),(106,15,1079,'Max','18516851172','','亚林上苑','',1514286617,1514286617,0,1),(107,15,983,'李伟民','13910816338','','亚五','',1514287470,1514287470,0,1),(108,15,964,'周强','13810321282','','亚林上苑','',1514300375,1514300375,0,1),(109,15,951,'风儿','15811168925','','亚林上苑','',1514337650,1514337650,0,1),(110,15,1084,'刘雯','13401066031','','亚林上苑','',1514415769,1514415769,0,1);
/*!40000 ALTER TABLE `activity_attend` ENABLE KEYS */;
UNLOCK TABLES;

--
-- Table structure for table `ad`
--

DROP TABLE IF EXISTS `ad`;
/*!40101 SET @saved_cs_client     = @@character_set_client */;
/*!40101 SET character_set_client = utf8 */;
CREATE TABLE `ad` (
  `id` int(11) NOT NULL AUTO_INCREMENT,
  `name` varchar(100) DEFAULT '',
  `img` varchar(255) NOT NULL DEFAULT '' COMMENT '图片保存路径',
  `url` varchar(100) DEFAULT '',
  `position` tinyint(4) NOT NULL DEFAULT '1' COMMENT '所处位置：1首页 ',
  `st` tinyint(4) NOT NULL DEFAULT '1' COMMENT '0删除状态,1正常，2不显示',
  `sort` tinyint(4) DEFAULT '0',
  `create_time` int(11) DEFAULT '0',
  `update_time` int(11) DEFAULT '0',
  `url_to` tinyint(4) DEFAULT '0' COMMENT '链接到哪里：0无 1活动详情 2商品详情 3店铺详情 4店铺列表',
  `url_bianhao` int(11) DEFAULT '0' COMMENT '商品编号等',
  PRIMARY KEY (`id`),
  KEY `position` (`position`)
) ENGINE=MyISAM AUTO_INCREMENT=68 DEFAULT CHARSET=utf8 COMMENT='广告图／轮播图表';
/*!40101 SET character_set_client = @saved_cs_client */;

--
-- Dumping data for table `ad`
--

LOCK TABLES `ad` WRITE;
/*!40000 ALTER TABLE `ad` DISABLE KEYS */;
INSERT INTO `ad` VALUES (53,'ad1','/upload/ad/20171026/9c21ca66ad8cd46082544263bb67c2eb.jpg','',1,0,0,1508304667,1509432753,0,0),(54,'','/upload/ad/20171031/605c7680573e56f4e9561bc1099bc7d1.jpg','',1,0,0,1509429345,1509439679,0,0),(55,'','/upload/ad/20171031/17cf439fb2d8a1aa485de1f98267ba0e.jpg','',1,0,5,1509429480,1512718164,0,0),(56,'','/upload/ad/20171031/5cdfa7305d2be2ee2842ccc907fc4672.jpg','',1,1,4,1509429691,1510543187,0,0),(57,'','/upload/ad/20171031/b9b1618c180215649250c4b6abdbbb6c.jpg','',1,1,3,1509439846,1510302322,0,6),(58,'补单','/upload/ad/20171104/db57aa8cc5a9d287dc895f22378141fe.jpg','/pages/goods/goods',1,0,0,1509761913,1510280619,4,141),(59,'双十一团购会','/upload/ad/20171108/c6dbfa2011360254caef07e4b696e8c9.jpeg','/pages/activity_detail/activity_detail?id=5',1,0,0,1510036290,1510280613,1,5),(60,'公益验房','/upload/ad/20171107/8a0f141d8a44d50aad30ab47025e39d5.jpg','/pages/groupPurchase/groupPurchase?activity_id=4',1,0,0,1510037251,1510280609,1,4),(61,'55家第一期线下沙龙来啦','/upload/ad/20171120/5d966eadd4895db605a6e2ed1531b50f.jpg','/pages/groupPurchase/groupPurchase?activity_id=6',1,0,1,1510289400,1512615762,1,6),(62,'公益验房','/upload/ad/20171110/15d7b8ae721470e512ab62b25c4453cd.jpg','/pages/house/house',1,1,2,1510300457,1510305250,6,0),(63,'双十一补单限时专用券','/upload/ad/20171113/fd92b084526d6a611113c7485a352ca2.jpg','/pages/goods/goods',1,0,0,1510539762,1511145136,4,0),(64,'adf','/upload/ad/20171116/beead618bc5866618e270650aa5473a3.jpg','',1,0,0,1510818555,1510818623,0,0),(65,'业之峰装饰大型专场（留筑2017）震撼来袭','/upload/ad/20171207/ec9fbea81e32aa2254f3f3245eea2b75.jpg','/pages/groupPurchase/groupPurchase?activity_id=12',1,0,0,1512615872,1514269928,1,12),(66,'55”家”年华，吃喝嗨不停','/upload/ad/20171208/2f049ac97800401cfa79bb7916184064.jpg','/pages/groupPurchase/groupPurchase?activity_id=13',1,1,1,1512717648,1514270245,1,13),(67,'亚林上苑逛店活动报名','/upload/ad/20171226/b4889e12e1c5ec522780330384a9b5fc.jpg','/pages/groupPurchase/groupPurchase?activity_id=15',1,1,0,1514270023,1514270250,1,15);
/*!40000 ALTER TABLE `ad` ENABLE KEYS */;
UNLOCK TABLES;

--
-- Table structure for table `address`
--

DROP TABLE IF EXISTS `address`;
/*!40101 SET @saved_cs_client     = @@character_set_client */;
/*!40101 SET character_set_client = utf8 */;
CREATE TABLE `address` (
  `id` int(11) NOT NULL AUTO_INCREMENT,
  `user_id` int(11) NOT NULL,
  `truename` varchar(50) NOT NULL,
  `mobile` char(11) NOT NULL,
  `is_default` tinyint(4) NOT NULL DEFAULT '0' COMMENT '1为默认收货地址 0为\n\n其他',
  `pcd` varchar(100) NOT NULL DEFAULT '',
  `info` varchar(100) NOT NULL COMMENT '收货地址其它信息',
  `create_time` int(11) DEFAULT NULL,
  `update_time` int(11) DEFAULT NULL,
  `st` tinyint(4) NOT NULL DEFAULT '1' COMMENT '0删除 1正常',
  PRIMARY KEY (`id`),
  KEY `user_id` (`user_id`)
) ENGINE=InnoDB AUTO_INCREMENT=127 DEFAULT CHARSET=utf8 COMMENT='收货人地址表';
/*!40101 SET character_set_client = @saved_cs_client */;

--
-- Dumping data for table `address`
--

LOCK TABLES `address` WRITE;
/*!40000 ALTER TABLE `address` DISABLE KEYS */;
INSERT INTO `address` VALUES (1,5,'vgv','13685588888',0,'北京市昌平区沙河镇松兰堡派柏·云酒店昌平沙河地铁大学城店1层蜀天情火锅(沙河店)','666',1510322042,1510322042,1),(2,14,'杜乾坤','18801282561',1,'西城区阜成门万通大厦','B座903',1510353153,1510353153,1),(3,22,'王浩','15201524658',1,'翠林小区','11-2-405',1510354093,1510354093,1),(4,25,'王艳伟','18338720378',1,'北京市丰台区','建设三里10号楼4门202',1510354949,1510354949,1),(5,26,'李先生','17610886831',1,'光明楼小区7-3-6','',1510355682,1510355682,1),(6,59,'牧童','13466725517',1,'花香','',1510363388,1510363388,1),(7,66,'曲倩卫','13911754920',1,'花香四季9号楼1单元503','',1510363680,1510363680,1),(8,60,'苏文秋','18500817908',1,'北京市丰台区花乡四季7号楼2502','花香四季',1510363685,1510363685,1),(9,67,'李平丽','15510688629',0,'北京市丰台区樊羊路与白盆窑路交汇处东北侧首开华润·花香四季','花香四季7-17',1510363701,1510364169,1),(10,69,'曾亦橙','13683055542',1,'花香四季','',1510363735,1510363735,1),(11,76,'吴莹','13521052630',1,'丰台区花乡，花香四季小区，6号楼1003','花香四季小区',1510363825,1510363825,1),(12,84,'石晨','13910320668',1,'丰台区花香四季13号楼701','',1510363896,1510363896,1),(13,82,'李玮玮','18810328296',1,'花香四季10-302','花香四季',1510363935,1510363935,1),(14,63,'彭建标','18800188299',1,'北京市丰台区花香四季13号楼一单元101','丰台花乡，花香四季',1510364068,1510364068,1),(15,96,'董超','18515996169',1,'花香四季15号楼1201','花香四季',1510364075,1510364075,1),(16,100,'卢熙','18611977631',1,'花香四季12号楼','',1510364140,1510364140,1),(17,101,'左志浩','13488795268',1,'北京','花香四季',1510364175,1510364175,1),(18,106,'周伟智','13811738200',1,'花香四季14号楼','花香四季',1510364203,1510364404,1),(19,104,'杨敏','18301533066',1,'北京市丰台区花香四季小区14号楼','',1510364225,1510364225,1),(20,67,'李平丽','15510688629',1,'北京市丰台区樊羊路与白盆窑路交汇处东北侧首开华润·花香四季','花香四季7-17',1510364238,1510364238,1),(21,103,'王先生','13146284609',1,'北京市丰台区樊羊路与白盆窑路交汇处东北侧首开华润·花香四季','花香',1510364241,1510364241,1),(22,102,'杜娜','13466389600',1,'丰台区樊羊路','花香四季',1510364265,1510364265,1),(23,99,'刘羿','18911991363',1,'北京市丰台区益泽路1号院丽泽景园','花香四季',1510364304,1510364304,1),(24,88,'李明杰','18311003955',1,'北京市丰台区花乡乡白盆窑村','花香四季15号楼1902',1510364400,1510364400,1),(25,105,'杨先生','13910592846',1,'花香9号楼','',1510364414,1510364414,1),(26,94,'李岳峰','13426196336',1,'花香四季及翠微嘉园','两套',1510364500,1510364500,1),(27,97,'李龙龙','18810274953',1,'北京市丰台区花香四季14-2-102','',1510364565,1510364565,1),(28,97,'李龙龙','18810274953',0,'北京市丰台区花香四季14-2-102','',1510364565,1510364565,1),(29,79,'王思敏','13691291960',1,'北京丰台区','花香四季7号楼1604',1510364653,1510364653,1),(30,116,'王鹏月','18634186065',1,'花香四季11号楼1502','',1510364663,1510364801,1),(31,117,'宋','13718001851',1,'朝阳区','',1510364716,1510364716,1),(32,110,'徐春燕','13439175298',1,'花香四季','花香四季',1510365059,1510365059,1),(33,126,'李秋芬','18518798765',1,'北京','花香四季',1510365512,1510365512,1),(34,62,'孙宇','18600119630',1,'丰台区花香四季七号楼2104','',1510365521,1510365521,1),(35,124,'高山','15901017457',1,'北京市丰台区花香四季8号楼','',1510365584,1510365584,1),(36,123,'冯吉喆','13488728325',1,'花香四季9','花香四季',1510365592,1510365592,1),(37,127,'朱晓琪','18501340714',1,'花香四季10-403','',1510365806,1510365806,1),(38,90,'许静','13718709815',1,'丰台东大街5号院','',1510366078,1510366078,1),(39,136,'梁睿','13811627457',1,'丰台区','花乡四季12号楼',1510366527,1510366527,1),(40,64,'胡澜涛','13810486148',1,'北京市丰台区六圈路','花香四季小区',1510366539,1510366539,1),(41,83,'李涛','13581717845',1,'丰台花乡四季','',1510366937,1510366937,1),(42,86,'徐颂','18612376782',1,'北京市丰台区','花香四季6－2204',1510367205,1510367205,1),(43,147,'曹亚平','15210806075',1,'东洲家园','',1510367365,1510367365,1),(44,135,'沙楠','13911999657',1,'花香四季8号楼1603','',1510367611,1510367611,1),(45,149,'王彦','17610876559',1,'丰台区长辛店建设三里丰台区长辛店建设三里','',1510368133,1510368133,1),(46,131,'魏冉冉','15801694197',1,'花香四季','',1510368342,1510368342,1),(47,151,'王丹','14714417342',1,'北影小区17号楼2单元602','',1510368410,1510368410,1),(48,73,'邓文泽','15201189684',1,'花香四季','',1510368617,1510368617,1),(49,72,'白雪玲','13439862316',0,'北京市丰台区','花香四季',1510368995,1510368995,1),(50,72,'白雪玲','13439862316',1,'北京市丰台区','花香四季',1510368996,1510368996,1),(51,153,'孔勇','13261423661',1,'北京市丰台区','鲁能丰和台 27号楼2单元1904',1510369069,1510369069,1),(52,178,'李泽','18810067255',1,'恒大名都','恒大名都',1510369231,1510369231,1),(53,71,'张养瑞','18614235352',1,'花香四季6号楼901','',1510369273,1510369273,1),(54,109,'李春琳','18801099269',1,'花香四季5号楼','花香四季',1510369279,1510369279,1),(55,181,'李晶','15011229907',1,'朝阳区劲松四区410号楼1单元16','劲松四区410号楼1单元16号楼',1510370038,1510370038,1),(56,186,'周莉绚','13811414743',1,'北京市东城区东直门内北小街16号院2号楼4单元501','',1510371224,1510371224,1),(57,29,'万杰','18849222242',1,'北京市大兴区旧宫镇西毓顺庄大兴区旧宫镇西毓顺庄','',1510372080,1510372080,1),(58,188,'王','13693641137',1,'花香四季','',1510372226,1510372226,1),(59,189,'白雪','15810355638',1,'大兴区旧宫清逸园11号楼5门402','',1510372849,1510372849,1),(60,189,'白雪','15810355638',0,'清逸园','',1510372895,1510372895,1),(61,190,'白雪','15810355638',1,'旧宫清逸园11号楼5-402','',1510373002,1510373002,1),(62,195,'李春蕾','18310035175',1,'丰台区望园西里2号楼5门602','',1510374009,1510374009,1),(63,197,'王超','13811426958',1,'北京市朝阳区崔各庄来广营北路东洲家园','',1510375034,1510375034,1),(64,199,'赵琪','15801671827',1,'北京市房山区','天资华府',1510377012,1510377012,1),(65,200,'李维维','13581630925',1,'冠华苑','',1510378381,1510378381,1),(66,162,'崔女士','13641199812',1,'河北省廊坊市固安县孔雀大卫城1期30号楼1803','',1510380019,1510380019,1),(67,162,'崔丹','13641199812',0,'河北省廊坊市','固安县孔雀大卫城1期30号楼二单元1803',1510380107,1510380107,1),(68,207,'黄俊文','18610311324',1,'冠华苑小区','',1510382228,1510382228,1),(69,156,'张智文','13511056303',1,'北京市朝阳区恒大名都3-1-103','',1510384097,1510384097,1),(70,141,'李','13601031803',1,'北京市','',1510384237,1510384237,1),(71,210,'熊兰','13601074010',1,'金色漫香林','芳苑小区',1510387367,1510387408,1),(72,210,'熊兰','13601074010',0,'金色漫香林','',1510387367,1510387367,1),(73,221,'杨鑫','13301168556',1,'新街口西里三区6号楼12门502','',1510399477,1510399477,1),(74,217,'段帅','18810316476',1,'北京市丰台区花香四季','花香四季',1510400221,1510412145,1),(75,39,'李先生','13241265619',1,'丰台区角门西马场北里社区(马家堡路东)丰台区角门西马场北里社区(马家堡路东)','西马厂北里7号楼',1510401897,1510401897,1),(76,255,'没开机','13855555555',1,'家里酷兔兔','呕吐吐了',1510454698,1510454698,1),(77,288,'刘佳','13332603827',1,'北沙滩','',1510455607,1510455607,1),(78,289,'陈燕','15910248893',1,'朝阳区','十八里店',1510455677,1510455677,1),(79,295,'张睿','13552252507',1,'朝阳区来广营北路88号院东洲家园1号楼3单元1305','',1510473248,1510473248,1),(80,28,'何娟娟','18511482476',1,'北京市CDD创意港嘉悦广场北CDD创意港嘉悦广场北','',1510539247,1510539247,1),(81,7,'小嘿','13581523097',1,'CDD创意港嘉悦广场西北CDD创意港嘉悦广场西北','',1510543452,1510543452,1),(82,302,'呵呵','13456789012',1,'昌平区回龙观腾讯众创空间(回龙观东大街)昌平区回龙观腾讯众创空间(回龙观东大街)','123456',1510544066,1510544066,1),(83,362,'孙力田','13522111186',1,'丰台区临泓路37号','洋桥职工住宅',1510579359,1510579359,1),(84,15,'张飞','15010065429',1,'嘉悦广场','',1510623491,1510623491,1),(85,3,'马志达','17310488884',1,'昌平区回龙观腾讯众创空间东北昌平区回龙观腾讯众创空间东北','某小区',1510641099,1510641099,1),(86,166,'李立然','15650795560',1,'北京市朝阳区东坝路坝鑫家园3-1402','坝鑫家园',1510716131,1510724312,1),(87,13,'王','17611182535',1,'北京大兴','',1510733826,1510733826,1),(88,461,'七月','13001909397',1,'测试','测试',1510758370,1510758370,1),(89,491,'刘晟男','18612187881',1,'西城区','六铺炕',1510921478,1510921478,1),(90,367,'霍玉华','13520525164',1,'北京昌平宏福苑南一区13楼1门701','',1510929805,1510929805,1),(91,266,'胡福强','13331100543',1,'北京市朝阳区','芳园里小区',1510974464,1510974464,1),(92,512,'刘娟娟','15811315584',1,'北京市丰台区京开西路宜兰园-二区','宜兰园二区21号楼4单元202',1511074572,1511074572,1),(93,43,'李燕京','13681184277',1,'北京市大兴区香海园38-101','大兴香海园',1511490037,1512889623,1),(94,560,'客服电话','13126628771',1,'北京','北京',1511859049,1511859049,1),(95,556,'小四','18610947356',1,'CDD创意港嘉悦广场西北CDD创意港嘉悦广场西北','嘉悦广场',1511859099,1511859099,1),(96,396,'赵','13611355161',1,'CDD创意港嘉悦广场北CDD创意港嘉悦广场北','天泰新景',1512355770,1512355770,1),(97,396,'赵','13611355161',0,'CDD创意港嘉悦广场北CDD创意港嘉悦广场北','天泰新景',1512355770,1512355770,1),(98,5,'阿三','13333333333',1,'北京市昌平区回龙观创客广场腾讯众创空间(北京昌平)','',1512442385,1512442385,1),(99,11,'醒','1383838438',1,'北京市昌平区龙锦苑邮政局北侧逸和商务快捷酒店','',1512610415,1512610415,1),(100,793,'杨毅斌','18059248569',1,'东城区春秀路胡家园15号楼303','胡家园',1512889681,1512889681,1),(101,801,'余方博','13911367303',1,'北京市东城区广渠门培新街乙5号院1-7-702','',1512903556,1512903556,1),(102,763,'田娣','13401129826',1,'海淀区清河小营桥西阳光北里4号楼1404','',1512981438,1512981438,1),(103,775,'周迪','13051727580',1,'北京市西城区小红庙13号楼3门502','小红庙',1512981873,1512981873,1),(104,816,'赵女士','13611355161',1,'北京市房山区稻田村南','天泰新景7-5-601',1512981943,1512981943,1),(105,824,'张健','13911278437',1,'北京朝阳','东洲家园5-1-15',1513160188,1513160188,1),(106,784,'陈女士','17801428912',1,'西城区德外大街新明胡同1号楼1单元10号（四层）','',1513316061,1513316061,1),(107,287,'王宁','13581928918',1,'北京市西城区四平园小区2号楼16单元501','',1513424211,1513424211,1),(108,853,'贾俊','18201482006',1,'北京朝阳区','',1513429427,1513429427,1),(109,343,'张先生','13911860871',1,'北京市海淀区清河清缘东里(龙岗路南110米)清缘东里','',1513438306,1513438306,1),(110,242,'赵阳','13811304777',1,'北京市丰台区南三环洋桥向南三星庄园','三星庄园4-2',1513519970,1513519970,1),(111,863,'陈兆娟','13401121050',1,'大兴区','福苑小区24号楼5单元302',1513562377,1513562377,1),(112,864,'陈冲','18519269986',1,'北京市朝阳区定福家园南里1号院3-3底商','',1513562834,1513562834,1),(113,167,'贾晓钧','13901218390',1,'北京市朝阳区和平东桥樱花园小区8-8-102','',1513563198,1513563198,1),(114,400,'闫立军','13641237338',1,'朝阳区青年路华纺新天地底商3-5','',1513563404,1513563404,1),(115,809,'栾宇','13811138440',1,'北京市丰台区南苑西路诚苑南里1号楼','北京市丰台区诚苑南里一号楼1单元701',1513573035,1513573035,1),(116,809,'栾宇','13811138440',0,'北京市丰台区南苑西路诚苑南里1号楼','北京市丰台区诚苑南里一号楼1单元701',1513573037,1513573037,1),(117,3,'那只','13344445555',0,'腾讯众创空间北京昌平腾讯众创空间北京昌平','123',1513584789,1513584789,0),(118,3,'呵呵呵','13377779999',0,'故宫博物院故宫博物院','66',1513586650,1513586650,1),(119,198,'你是谁','14723456789',1,'北京市回龙观腾讯众创空间北京昌平东回龙观腾讯众创空间北京昌平东','123456',1513666375,1513666375,1),(120,767,'李诗颖','18612275112',1,'北京市朝阳区甘露园中街天鹅湾北区19号楼','',1513689662,1513689662,1),(121,758,'张丽','15910297543',1,'张丽','回龙观流星花园三区30号楼三单元403',1514010142,1514010142,1),(122,789,'王淑丽','18910673005',1,'北京东城区光明楼七号楼三单元六号','',1514015210,1514015210,1),(123,907,'赵敬','13611274863',1,'北京','枫泉花园',1514119848,1514119848,1),(124,452,'13910135057','13910135057',1,'朝阳嘉铭桐城C区C2-2111','',1514275214,1514275214,1),(125,1065,'陶女士','13810068660',1,'北京市东城区崇内大街84号','王麻子刀剪铺旁胡同内',1514366153,1514366153,1),(126,1058,'王女士','13301162039',1,'海淀区北清路百旺府二区1号楼1单元301','',1514387805,1514387805,1);
/*!40000 ALTER TABLE `address` ENABLE KEYS */;
UNLOCK TABLES;

--
-- Table structure for table `admin`
--

DROP TABLE IF EXISTS `admin`;
/*!40101 SET @saved_cs_client     = @@character_set_client */;
/*!40101 SET character_set_client = utf8 */;
CREATE TABLE `admin` (
  `id` int(11) NOT NULL AUTO_INCREMENT,
  `name` varchar(50) NOT NULL COMMENT '账号',
  `truename` varchar(50) DEFAULT '',
  `shop_id` int(11) NOT NULL DEFAULT '0' COMMENT '店铺id',
  `pwd` char(32) DEFAULT NULL COMMENT '密码',
  `times` int(11) DEFAULT '0' COMMENT '登录次数',
  `type` tinyint(4) DEFAULT '2' COMMENT '1超级 2一般(店铺管理员)',
  `create_time` int(11) DEFAULT '0',
  `update_time` int(11) DEFAULT '0',
  `st` tinyint(4) DEFAULT '1',
  `income` decimal(10,2) DEFAULT '0.00' COMMENT '商家的收益',
  `privilege` varchar(255) NOT NULL DEFAULT '' COMMENT '一般管理员权限',
  `withdraw_ok` decimal(10,2) DEFAULT '0.00' COMMENT '已提现 ',
  PRIMARY KEY (`id`),
  UNIQUE KEY `name` (`name`),
  KEY `shop_id` (`shop_id`)
) ENGINE=MyISAM AUTO_INCREMENT=84 DEFAULT CHARSET=utf8 COMMENT='后台管理员（超级及一般）';
/*!40101 SET character_set_client = @saved_cs_client */;

--
-- Dumping data for table `admin`
--

LOCK TABLES `admin` WRITE;
/*!40000 ALTER TABLE `admin` DISABLE KEYS */;
INSERT INTO `admin` VALUES (1,'admin','',0,'29c4f82544e320e4b10eac802dc68659',481,1,0,1508377282,1,0.00,'',0.00),(2,'admin_shop1','asdg',12,'e43246d6459ffdc4f5705dbedd00b42e',1,2,1508227949,1510041472,0,0.00,'',0.00),(3,'shopadmin2','商家姓名2',10,'e43246d6459ffdc4f5705dbedd00b42e',14,2,1508229830,1509432254,0,0.00,'',0.00),(4,'admin2','asdg',0,'671467d49d5cc0bca499ff444ee0e9f1',4,3,1508576438,1508581247,1,0.00,'22,11,2,7',0.00),(5,'shop4-admin','段六',22,'671467d49d5cc0bca499ff444ee0e9f1',1,2,1509590667,1510041443,0,0.00,'',0.00),(6,'德高门窗','张森雪',39,'05b325b105ce98b23b897a8d6a0b8c70',9,2,1509603217,1509603217,1,0.00,'',0.00),(7,'实拓装饰','北京实拓装饰有限公司',38,'1f34c29b5387cf87d470959c8075a473',6,2,1509603561,1513567825,1,0.35,'',0.00),(8,'乐家吊顶','高强',31,'2be196d0fed60c6757a3bc0d89d2a62b',0,2,1509603612,1510022619,0,0.00,'',0.00),(9,'宏宸工长','宏宸工长俱乐部',30,'67c57b0f2b9c816741398e0923ae307f',14,2,1509603721,1513242584,1,0.02,'',0.00),(10,'凤铝门窗','徐玲',37,'15ab19c6b46399ea30f943137b4b2c51',10,2,1509603750,1513316086,1,1612.06,'',0.00),(11,'都芳漆','杨胜利',29,'71d0fce901c23d9fd11eb456cad55182',3,2,1509603774,1511923523,1,100.00,'',0.00),(12,'振生防盗门','振生安防全自动防盗门',36,'23ac39a1b3872cb1ebe642fd2f3a0d43',6,2,1509603831,1510285025,1,0.00,'',0.00),(13,'金迪木门',' 孙艳伟',28,'aae0ccd457969eea14c88869b06070e8',7,2,1509603834,1511161658,1,100.00,'',0.00),(14,'欧派定制','欧派全屋定制',35,'bfd737568333e3875b2fdb59ec641654',4,2,1509603921,1509603921,1,0.00,'',0.00),(15,'地康远大','彭颖超',27,'01adb9fcb3a3fba4f21d1abd2e5e51d0',11,2,1509603930,1514251477,1,500.01,'',0.00),(16,'南山','李新',34,'03e5be57b6945d36b389857fecbc5500',1,2,1509604031,1509604070,1,0.00,'',0.00),(17,'赛纳全屋定制','赛纳全屋定制',26,'bf78cbdcc7a5f27a8151205690bd4636',3,2,1509604038,1513913805,1,1.00,'',0.00),(18,'港典门窗','李芸',24,'f5d9a0e40d28ef9a56ba1db71affd33c',3,2,1509604080,1513568759,1,400.00,'',0.00),(19,'陇星','张景良',33,'4ac7c355ce3e70797a17c509eb53fa94',1,2,1509604118,1513827124,1,900.00,'',0.00),(20,'秦艺阁','北京秦艺阁装饰材料有限公司',23,'5079836a02244ffdf40ae3965508cabf',2,2,1509604130,1510288725,1,0.00,'',0.00),(21,'龙强柏家','王利',32,'e80fcf4ac5260d1193bd2461aadf4f06',3,2,1509604210,1513913858,1,0.01,'',0.00),(22,'爱尚家','爱尚家装饰大小S工长',40,'11bf7c736f7902790c865efa65076ba4',2,2,1509605499,1510367707,1,100.00,'',0.00),(23,'米兰春天','李鹤鸣',41,'31cdc5c78cdf1705bcc2a7107df5bd37',3,2,1509673185,1509673185,1,0.00,'',0.00),(24,'晾霸','晾霸智能晾衣机',42,'9ced5538b4cccc9741bc9b6222fe7ce3',2,2,1509687635,1513567877,1,100.00,'',0.00),(25,'TATA木门','TATA木门',83,'0c28c1ce633fec6a6b0dfd28e5fdfc52',0,2,1510024500,1510024500,1,0.00,'',0.00),(26,'3M净水器','3M净水器',43,'edd75a34ac13c2a3a6739241f75df8ef',0,2,1510024538,1510024538,1,0.00,'',0.00),(27,'admin3','',0,'671467d49d5cc0bca499ff444ee0e9f1',0,3,1510024589,1510024589,1,0.00,'22,7',0.00),(28,'百邦辛沐','百邦辛沐布艺',47,'a892b81b0b6bf79585bdcd444869beb5',0,2,1510024675,1510209714,0,0.00,'',0.00),(29,'爱依瑞斯','爱依瑞斯',46,'7ce617b34b5ea76b5aeacae7950d0bdd',0,2,1510024713,1510024713,1,0.00,'',0.00),(30,'正然','正然硅藻泥',82,'bcfd85d578e652db7098fdeeaefb6fcd',0,2,1510024727,1510024727,1,0.00,'',0.00),(31,'艾肯','艾肯',45,'adcbf3b7d3083ccb67ad5353b4719cd9',0,2,1510024750,1510024750,1,0.00,'',0.00),(32,'阿贝尼','阿贝尼',44,'f086c9ebc84ffd217e4e208ce75bef7d',2,2,1510024788,1512108283,1,-0.01,'',0.00),(33,'阳光','阳光美缝',81,'f3c5b9fcf3a9d8abd7331fd8f9848a5c',2,2,1510024809,1510024809,1,0.00,'',0.00),(34,'德盾','德盾',51,'01b45245b410b400354f3ff186d6bdac',6,2,1510024823,1510024823,1,0.00,'',0.00),(35,'大金空调','大金空调',50,'709398088381be56580dcdd01eac42bd',0,2,1510024885,1510024885,1,0.00,'',0.00),(36,'西门子','西门子',80,'3422ce5630b5c11f426d3fa68bfb7087',0,2,1510024895,1510024895,1,0.00,'',0.00),(37,'通利','通利大理石',79,'32f224bc983c6aa4e31122e3356a2669',0,2,1510024959,1510024959,1,0.00,'',0.00),(38,'撘窝','撘窝',49,'8d0ed18a5305ff19598d1fb85fbcc2e6',4,2,1510024963,1513142572,1,100.00,'',0.00),(39,'伯艺','伯艺',48,'44e80868e2c18e59180a8834ae0498e6',0,2,1510024999,1510024999,1,0.00,'',0.00),(40,'法恩莎','法恩莎',55,'1c9a2771e9b66d7b0d1a995a6f1c04de',0,2,1510025045,1510025045,1,0.00,'',0.00),(41,'多乐士','多乐士',54,'a38f211db45ad7c28ef5120c3b6df6f3',0,2,1510025074,1510025074,1,0.00,'',0.00),(42,'圣象','圣象地板',78,'c956f61467f766513db5b19c90e78750',0,2,1510025077,1510025077,1,0.00,'',0.00),(43,'独立设计团','独立设计团',53,'0439dc52a0bc37bdaf67b2ff0528227a',0,2,1510025106,1510025106,1,0.00,'',0.00),(44,'东鹏瓷砖','东鹏瓷砖',52,'1734c23d36969cc217ca8c3e0514843c',0,2,1510025142,1510025142,1,0.00,'',0.00),(45,'海尔','海尔',59,'1da06aeed88c7aa827f6624e58bba9af',0,2,1510025180,1510212393,0,0.00,'',0.00),(46,'哈佛','哈佛',58,'cefcb333e11a5932373cf1b6d536da96',0,2,1510025209,1510025209,1,0.00,'',0.00),(47,'森林花园','森林花园',76,'78511214d8de1276859c8ced34dac8bd',0,2,1510025210,1510025210,1,0.00,'',0.00),(48,'冠珠陶瓷','冠珠陶瓷',57,'1b7be6582fda46ea2c7367e85afb0136',0,2,1510025244,1510210066,0,0.00,'',0.00),(49,'格力','格力',56,'48b365d24637289139614595166e1ee5',0,2,1510025280,1510025280,1,0.00,'',0.00),(50,'潜水艇','潜水艇地漏',75,'d6200b64a72f068b3694062efabc7e32',0,2,1510025300,1514258020,1,2.00,'',0.00),(51,'京兰','京兰',63,'6256c207d6775698cd6c33a1bd6f27a4',0,2,1510025349,1513218690,1,100.00,'',0.00),(52,'欧斯宝','欧斯宝',74,'910537f8f43e5190731891f6b8146789',1,2,1510025379,1514281311,1,200.01,'',0.00),(53,'京大金属床具','京大金属床具',62,'1b94b77cf9d559351378a2c646d83168',0,2,1510025395,1510025395,1,0.00,'',0.00),(54,'霍尼韦尔','霍尼韦尔',61,'d5ad069f2e2e9d0e37ef574c09a206df',0,2,1510025433,1510025433,1,0.00,'',0.00),(55,'名族','名族吊顶',73,'4fc8cf99721d4c09f3b0ce02f667dc7d',0,2,1510025460,1510025460,1,0.00,'',0.00),(56,'华工长','华工长',60,'8a69451fbb008090f73a9da89444795f',0,2,1510025464,1510025464,1,0.00,'',0.00),(57,'雷士照明','雷士照明',67,'93eba797fe35ca09bcdaab22e2857bf6',0,2,1510025511,1510025511,1,0.00,'',0.00),(58,'米凯尔','米凯尔',72,'b7093e67988e53496649f83a62c4c9f5',0,2,1510025517,1510025517,1,0.00,'',0.00),(59,'老板','老板',66,'0966b9ed104ed562f104acd64acc0e6c',18,2,1510025575,1514251386,1,-700.00,'',0.00),(60,'莱博顿','莱博顿',65,'441db774bc78878a53d729009b78437c',0,2,1510025651,1510025651,1,0.00,'',0.00),(61,'科勒','科勒',64,'eba01d05a9c88fd558467e879dbcb196',0,2,1510025688,1510025688,1,0.00,'',0.00),(62,'美陶','美陶瓷砖',71,'61c8d71523ee6c8028406469f18eb19e',2,2,1510025736,1511162065,1,0.00,'',0.00),(63,'林内','林内',68,'951d51eb2a68236bb094fb2a4c1d3e53',0,2,1510025792,1510025792,1,0.00,'',0.00),(64,'卢森','卢森地板',70,'cb3f23a04f1eb273b56a783fc0d637cf',0,2,1510025820,1510025820,1,0.00,'',0.00),(65,'龙鼎天著','龙鼎天著',69,'daa392f5e1746687322a471f4634d34e',0,2,1510025829,1510025829,1,0.00,'',0.00),(66,'尚品宅配','尚品宅配',77,'4abd630eb7b09d8f19be85769214256b',0,2,1510026562,1510026562,1,0.00,'',0.00),(67,'海尔专卖店','海尔专卖店',84,'612e679d381d74e221b988e15bcbd788',16,2,1510212415,1514277500,1,0.00,'',0.00),(68,'远大','远大新风',90,'d37c8b3ae1f3efe8ccd0c007ce24f562',0,2,1510296505,1512108651,1,0.00,'',0.00),(69,'一良尚品','一良尚品榻榻米',88,'86db5e3f8b56b33e869e7e4ea2cde4de',0,2,1510296806,1510296806,1,0.00,'',0.00),(70,'红苹果家具','红苹果家具',87,'18629558be6e7c9f35dd0bce6643512e',5,2,1510296875,1514173914,1,0.00,'',0.00),(71,'西门子电器','西门子',89,'00ed6b0afbd3783085cf342032123051',0,2,1510296940,1510296940,1,0.00,'',0.00),(72,'诗尼曼','诗尼曼',86,'3b498a50919a0abe092f1daaba8aee89',1,2,1510296941,1510296941,1,0.00,'',0.00),(73,'马可波罗','马可波罗',85,'7c09072515676757c0307f5bdfa8b177',0,2,1510296988,1510296988,1,0.00,'',0.00),(74,'百亚','百亚甲醛治理',91,'bcd97893c6ae8611b332018f1493a8cc',0,2,1510307230,1514252838,1,0.02,'',0.00),(75,'松下新风','松下新风旗舰店',92,'7b1bfbaf938c1036b20e39392c4df99d',2,2,1511489460,1511489460,1,0.00,'',0.00),(76,'家家鸿','吕璐',93,'536dce6cb4409ecc255b42256acb5f3e',1,2,1511746460,1513048701,1,0.00,'',0.00),(77,'AAVI雅威','姚经理',97,'013ba5506eb62375b65f146648ba5de0',2,2,1511749100,1511749100,1,0.00,'',0.00),(78,'管家帮','管家帮',98,'ded1c9f4fbc2dba4bd08a77fbd3cbdc2',1,2,1512616938,1514366171,1,1708.00,'',0.00),(79,'陆枫','陆枫原创设计工作室',99,'484fc9bfbac0515914cfec44d8ef619c',1,2,1513129599,1513129599,1,0.00,'',0.00),(80,'带你装','带你装',101,'84186b799b271329a79504801df8fcb1',0,2,1513138333,1513929639,1,1.00,'',0.00),(81,'米罗啦','米罗啦',102,'c3d84b35fdf0561715b32dcad5262ca7',7,2,1514173538,1514277666,1,0.00,'',0.00),(82,'shopceshi1','张革要',103,'671467d49d5cc0bca499ff444ee0e9f1',11,2,1514183156,1514281710,1,-0.53,'',0.53),(83,'万家乐','崔雪光',104,'003f7e471d22335af7dd41ac9813ef63',0,2,1514430978,1514430978,1,0.00,'',0.00);
/*!40000 ALTER TABLE `admin` ENABLE KEYS */;
UNLOCK TABLES;

--
-- Table structure for table `admin_log`
--

DROP TABLE IF EXISTS `admin_log`;
/*!40101 SET @saved_cs_client     = @@character_set_client */;
/*!40101 SET character_set_client = utf8 */;
CREATE TABLE `admin_log` (
  `id` int(11) NOT NULL AUTO_INCREMENT,
  `admin_id` int(11) NOT NULL DEFAULT '1' COMMENT 'admin_id',
  `ip` varchar(50) DEFAULT '' COMMENT '上次登录ip',
  `create_time` int(11) DEFAULT '0',
  `update_time` int(11) DEFAULT '0',
  PRIMARY KEY (`id`)
) ENGINE=MyISAM AUTO_INCREMENT=768 DEFAULT CHARSET=utf8 COMMENT='后台管理员登录日志';
/*!40101 SET character_set_client = @saved_cs_client */;

--
-- Dumping data for table `admin_log`
--

LOCK TABLES `admin_log` WRITE;
/*!40000 ALTER TABLE `admin_log` DISABLE KEYS */;
INSERT INTO `admin_log` VALUES (93,3,'::1',1508204806,1508204806),(94,3,'::1',1508204885,1508204885),(95,3,'::1',1508216647,1508216647),(96,1,'::1',1508291605,1508291605),(97,3,'127.0.0.1',1508299247,1508299247),(98,3,'127.0.0.1',1508299761,1508299761),(99,1,'::1',1508302355,1508302355),(100,3,'127.0.0.1',1508307611,1508307611),(101,1,'::1',1508307740,1508307740),(102,1,'::1',1508308014,1508308014),(103,1,'::1',1508308892,1508308892),(104,1,'::1',1508308978,1508308978),(105,1,'::1',1508309324,1508309324),(106,3,'127.0.0.1',1508309345,1508309345),(107,3,'::1',1508309527,1508309527),(108,1,'::1',1508309565,1508309565),(109,3,'::1',1508309580,1508309580),(110,1,'::1',1508310347,1508310347),(111,3,'::1',1508310387,1508310387),(112,1,'::1',1508310503,1508310503),(113,1,'::1',1508376078,1508376078),(114,1,'::1',1508377250,1508377250),(115,1,'::1',1508377289,1508377289),(116,1,'::1',1508388701,1508388701),(117,1,'::1',1508403292,1508403292),(118,3,'::1',1508403974,1508403974),(119,1,'::1',1508405820,1508405820),(120,3,'::1',1508405863,1508405863),(121,1,'::1',1508406671,1508406671),(122,3,'::1',1508406732,1508406732),(123,3,'::1',1508407078,1508407078),(124,1,'::1',1508407148,1508407148),(125,2,'::1',1508407191,1508407191),(126,1,'::1',1508461451,1508461451),(127,1,'::1',1508476264,1508476264),(128,1,'::1',1508480825,1508480825),(129,3,'::1',1508480893,1508480893),(130,1,'::1',1508484347,1508484347),(131,3,'::1',1508486639,1508486639),(132,1,'::1',1508486690,1508486690),(133,1,'::1',1508548460,1508548460),(134,1,'::1',1508563335,1508563335),(135,4,'::1',1508580155,1508580155),(136,1,'127.0.0.1',1508581158,1508581158),(137,4,'127.0.0.1',1508581180,1508581180),(138,1,'127.0.0.1',1508581239,1508581239),(139,4,'127.0.0.1',1508581272,1508581272),(140,1,'::1',1508581373,1508581373),(141,1,'::1',1508581416,1508581416),(142,4,'127.0.0.1',1508581455,1508581455),(143,1,'::1',1508720900,1508720900),(144,1,'::1',1508723118,1508723118),(145,1,'::1',1508730982,1508730982),(146,1,'::1',1508735028,1508735028),(147,1,'::1',1508737494,1508737494),(148,1,'::1',1508809692,1508809692),(149,1,'::1',1508828025,1508828025),(150,1,'::1',1508895155,1508895155),(151,1,'::1',1508907151,1508907151),(152,3,'::1',1508909579,1508909579),(153,1,'::1',1508909629,1508909629),(154,1,'::1',1508979248,1508979248),(155,1,'124.202.184.186',1508980315,1508980315),(156,1,'121.69.81.74',1508986895,1508986895),(157,1,'124.202.184.186',1508989828,1508989828),(158,1,'121.69.81.74',1508995229,1508995229),(159,1,'124.202.184.186',1508995557,1508995557),(160,1,'121.69.81.74',1509002443,1509002443),(161,1,'218.241.251.159',1509003709,1509003709),(162,1,'124.202.184.186',1509006095,1509006095),(163,1,'124.202.184.186',1509009542,1509009542),(164,1,'218.241.251.159',1509012176,1509012176),(165,1,'124.202.184.186',1509073902,1509073902),(166,1,'124.202.184.186',1509075776,1509075776),(167,1,'124.202.184.186',1509089679,1509089679),(168,1,'124.202.184.186',1509092217,1509092217),(169,1,'218.241.251.159',1509171155,1509171155),(170,1,'218.241.251.159',1509179870,1509179870),(171,1,'218.241.251.159',1509326841,1509326841),(172,1,'218.241.251.159',1509330474,1509330474),(173,1,'124.202.184.186',1509335658,1509335658),(174,1,'124.202.184.186',1509340392,1509340392),(175,1,'218.241.251.159',1509351937,1509351937),(176,1,'124.202.184.186',1509357391,1509357391),(177,1,'218.241.251.159',1509357450,1509357450),(178,1,'124.202.184.186',1509412182,1509412182),(179,1,'124.202.184.186',1509414001,1509414001),(180,1,'124.202.184.186',1509418067,1509418067),(181,1,'124.202.184.186',1509422189,1509422189),(182,1,'124.202.184.186',1509428950,1509428950),(183,1,'124.202.184.186',1509428986,1509428986),(184,1,'124.202.184.186',1509430446,1509430446),(185,1,'124.202.184.186',1509430783,1509430783),(186,1,'124.202.184.186',1509437022,1509437022),(187,1,'124.202.184.186',1509439210,1509439210),(188,1,'124.202.184.186',1509504926,1509504926),(189,1,'124.202.184.186',1509515543,1509515543),(190,1,'124.202.184.186',1509515639,1509515639),(191,1,'106.121.72.142',1509515917,1509515917),(192,1,'106.121.72.142',1509517225,1509517225),(193,1,'124.202.184.186',1509519486,1509519486),(194,1,'124.202.184.186',1509520990,1509520990),(195,1,'124.202.184.186',1509521893,1509521893),(196,1,'106.121.72.142',1509524995,1509524995),(197,1,'124.202.184.186',1509531620,1509531620),(198,1,'124.202.184.186',1509585857,1509585857),(199,1,'106.121.72.142',1509586244,1509586244),(200,1,'106.121.72.142',1509586563,1509586563),(201,1,'124.202.184.186',1509589158,1509589158),(202,1,'106.121.72.142',1509590721,1509590721),(203,1,'124.202.184.186',1509596272,1509596272),(204,1,'106.121.72.142',1509598051,1509598051),(205,1,'106.121.72.142',1509598190,1509598190),(206,1,'124.202.184.186',1509600586,1509600586),(207,1,'124.202.184.186',1509600871,1509600871),(208,1,'124.202.184.186',1509602752,1509602752),(209,1,'124.202.184.186',1509603843,1509603843),(210,1,'124.202.184.186',1509605737,1509605737),(211,1,'106.121.72.142',1509608768,1509608768),(212,1,'124.202.184.186',1509609508,1509609508),(213,5,'124.202.184.186',1509615661,1509615661),(214,1,'124.202.184.186',1509615670,1509615670),(215,1,'124.202.184.186',1509616274,1509616274),(216,1,'124.202.184.186',1509617709,1509617709),(217,1,'124.202.184.186',1509624090,1509624090),(218,1,'124.202.184.186',1509672103,1509672103),(219,1,'106.121.72.142',1509673066,1509673066),(220,1,'106.121.72.142',1509673891,1509673891),(221,1,'106.121.72.142',1509680625,1509680625),(222,1,'106.121.72.142',1509686469,1509686469),(223,1,'124.202.184.186',1509689565,1509689565),(224,1,'124.202.184.186',1509694277,1509694277),(225,1,'106.121.72.142',1509694470,1509694470),(226,1,'124.202.184.186',1509695160,1509695160),(227,1,'106.121.72.142',1509697068,1509697068),(228,1,'124.202.184.186',1509703125,1509703125),(229,1,'106.121.72.142',1509761296,1509761296),(230,1,'106.121.72.142',1509761440,1509761440),(231,1,'106.121.72.142',1509776368,1509776368),(232,1,'106.121.72.142',1509779912,1509779912),(233,1,'124.202.184.186',1509852643,1509852643),(234,1,'124.202.184.186',1509932054,1509932054),(235,1,'106.121.72.142',1509932353,1509932353),(236,1,'124.202.184.186',1509937706,1509937706),(237,1,'106.121.72.142',1509945453,1509945453),(238,1,'124.202.184.186',1509947827,1509947827),(239,1,'124.202.184.186',1509950552,1509950552),(240,1,'124.202.184.186',1509950607,1509950607),(241,1,'106.121.72.142',1509953069,1509953069),(242,1,'124.202.184.186',1509953905,1509953905),(243,1,'124.202.184.186',1509958038,1509958038),(244,1,'124.202.184.186',1510015725,1510015725),(245,1,'124.202.184.186',1510020122,1510020122),(246,1,'106.121.72.142',1510020237,1510020237),(247,1,'106.121.72.142',1510020312,1510020312),(248,1,'124.202.184.186',1510022961,1510022961),(249,1,'124.202.184.186',1510024885,1510024885),(250,1,'124.202.184.186',1510031240,1510031240),(251,1,'106.121.72.142',1510031719,1510031719),(252,1,'124.202.184.186',1510035031,1510035031),(253,1,'106.121.72.142',1510035494,1510035494),(254,1,'106.121.72.142',1510035732,1510035732),(255,1,'124.202.184.186',1510036985,1510036985),(256,1,'124.202.184.186',1510045698,1510045698),(257,1,'106.121.72.142',1510045941,1510045941),(258,1,'106.121.72.142',1510046022,1510046022),(259,1,'124.202.184.186',1510104240,1510104240),(260,1,'106.121.72.142',1510104598,1510104598),(261,1,'124.202.184.186',1510104702,1510104702),(262,1,'106.121.72.142',1510108394,1510108394),(263,1,'124.202.184.186',1510116803,1510116803),(264,1,'124.202.184.186',1510122004,1510122004),(265,1,'106.121.13.82',1510122502,1510122502),(266,1,'106.121.13.82',1510129192,1510129192),(267,1,'124.202.184.186',1510131377,1510131377),(268,1,'124.202.184.186',1510132629,1510132629),(269,1,'124.202.184.186',1510138185,1510138185),(270,1,'124.202.184.186',1510190676,1510190676),(271,1,'106.121.77.161',1510192767,1510192767),(272,1,'124.202.184.186',1510193806,1510193806),(273,1,'124.202.184.186',1510197419,1510197419),(274,1,'114.242.250.56',1510197782,1510197782),(275,1,'106.121.75.215',1510202886,1510202886),(276,1,'106.121.75.215',1510203920,1510203920),(277,1,'124.202.184.186',1510204697,1510204697),(278,1,'124.202.184.186',1510212532,1510212532),(279,1,'124.202.184.186',1510214334,1510214334),(280,1,'106.121.75.215',1510217269,1510217269),(281,1,'106.121.75.215',1510219236,1510219236),(282,1,'124.202.184.186',1510223555,1510223555),(283,1,'124.202.184.186',1510276672,1510276672),(284,1,'106.121.69.207',1510277063,1510277063),(285,1,'106.121.69.207',1510277905,1510277905),(286,1,'106.121.69.207',1510280443,1510280443),(287,1,'106.121.69.207',1510284391,1510284391),(288,1,'124.202.184.186',1510285020,1510285020),(289,1,'106.121.69.207',1510288814,1510288814),(290,1,'124.202.184.186',1510290371,1510290371),(291,1,'106.121.69.207',1510290736,1510290736),(292,1,'106.121.69.207',1510291289,1510291289),(293,1,'106.121.69.207',1510296422,1510296422),(294,1,'124.202.184.186',1510300355,1510300355),(295,1,'106.121.69.207',1510307074,1510307074),(296,1,'114.243.41.141',1510362469,1510362469),(297,1,'111.196.246.57',1510366395,1510366395),(298,1,'106.121.69.207',1510536899,1510536899),(299,7,'106.121.69.207',1510538479,1510538479),(300,10,'106.121.69.207',1510538778,1510538778),(301,1,'106.121.69.207',1510542742,1510542742),(302,1,'124.202.184.186',1510543804,1510543804),(303,1,'106.121.69.207',1510549579,1510549579),(304,1,'124.202.184.186',1510549888,1510549888),(305,1,'124.202.184.186',1510554621,1510554621),(306,1,'106.121.69.207',1510557207,1510557207),(307,1,'106.121.69.207',1510624016,1510624016),(308,1,'106.121.69.207',1510624255,1510624255),(309,59,'106.121.69.207',1510626225,1510626225),(310,1,'124.202.184.186',1510627404,1510627404),(311,59,'106.121.69.207',1510629013,1510629013),(312,10,'106.121.69.207',1510629585,1510629585),(313,59,'106.121.69.207',1510629695,1510629695),(314,1,'124.202.184.186',1510629943,1510629943),(315,10,'106.121.69.207',1510629982,1510629982),(316,1,'124.202.184.186',1510630222,1510630222),(317,59,'124.202.184.186',1510630278,1510630278),(318,1,'124.202.184.186',1510630511,1510630511),(319,1,'121.69.81.74',1510630711,1510630711),(320,1,'124.202.184.186',1510630807,1510630807),(321,59,'124.202.184.186',1510630905,1510630905),(322,1,'124.202.184.186',1510637795,1510637795),(323,59,'124.202.184.186',1510637815,1510637815),(324,22,'106.121.69.207',1510640543,1510640543),(325,1,'106.121.69.207',1510640670,1510640670),(326,1,'124.202.184.186',1510641015,1510641015),(327,1,'106.121.69.207',1510642368,1510642368),(328,1,'124.202.184.186',1510648439,1510648439),(329,59,'124.202.184.186',1510652071,1510652071),(330,10,'106.121.69.207',1510709850,1510709850),(331,1,'218.241.251.159',1510734368,1510734368),(332,1,'124.202.184.186',1510794329,1510794329),(333,1,'124.202.184.186',1510794971,1510794971),(334,67,'124.202.184.186',1510799328,1510799328),(335,1,'124.202.184.186',1510800009,1510800009),(336,1,'106.121.69.207',1510802302,1510802302),(337,1,'124.202.184.186',1510810309,1510810309),(338,1,'106.121.69.207',1510810660,1510810660),(339,10,'106.121.69.207',1510811616,1510811616),(340,1,'106.121.69.207',1510811783,1510811783),(341,59,'106.121.69.207',1510811853,1510811853),(342,1,'106.121.69.207',1510812481,1510812481),(343,1,'124.202.184.186',1510818539,1510818539),(344,1,'106.121.69.207',1510824542,1510824542),(345,1,'124.202.184.186',1510826179,1510826179),(346,1,'106.38.133.149',1510883543,1510883543),(347,1,'124.202.184.186',1510889891,1510889891),(348,1,'124.202.184.186',1510896533,1510896533),(349,1,'124.202.184.186',1510904435,1510904435),(350,1,'124.202.184.186',1510908688,1510908688),(351,1,'124.202.184.186',1510911412,1510911412),(352,1,'106.38.133.149',1510968987,1510968987),(353,1,'106.38.133.149',1510971233,1510971233),(354,72,'106.38.133.149',1510971350,1510971350),(355,13,'106.38.133.149',1510973399,1510973399),(356,62,'106.38.133.149',1510973615,1510973615),(357,11,'106.38.133.149',1510973663,1510973663),(358,1,'106.38.133.149',1510973840,1510973840),(359,1,'106.38.133.149',1511141708,1511141708),(360,1,'106.38.133.149',1511142103,1511142103),(361,1,'124.202.184.186',1511143989,1511143989),(362,1,'106.38.133.149',1511144817,1511144817),(363,1,'106.38.133.149',1511144858,1511144858),(364,1,'106.38.133.149',1511144932,1511144932),(365,24,'106.38.133.149',1511144960,1511144960),(366,1,'106.38.133.149',1511145004,1511145004),(367,1,'106.38.133.149',1511145110,1511145110),(368,1,'106.38.133.149',1511145130,1511145130),(369,1,'124.202.184.186',1511149518,1511149518),(370,1,'106.38.133.149',1511156207,1511156207),(371,1,'106.38.133.149',1511156354,1511156354),(372,1,'124.202.184.186',1511158939,1511158939),(373,1,'106.38.133.149',1511160832,1511160832),(374,32,'106.38.133.149',1511161054,1511161054),(375,11,'106.38.133.149',1511161906,1511161906),(376,62,'106.38.133.149',1511161988,1511161988),(377,13,'106.38.133.149',1511164658,1511164658),(378,10,'106.38.133.149',1511164781,1511164781),(379,1,'106.38.133.149',1511164996,1511164996),(380,1,'124.202.184.186',1511165199,1511165199),(381,1,'106.38.133.149',1511166102,1511166102),(382,1,'106.38.133.149',1511166145,1511166145),(383,1,'124.202.184.186',1511168734,1511168734),(384,1,'106.38.133.149',1511169115,1511169115),(385,32,'106.38.133.149',1511170068,1511170068),(386,15,'106.38.133.149',1511170170,1511170170),(387,1,'106.38.133.149',1511170468,1511170468),(388,1,'124.202.184.186',1511171892,1511171892),(389,1,'106.38.133.149',1511228072,1511228072),(390,1,'124.202.184.186',1511228206,1511228206),(391,15,'106.38.133.149',1511228426,1511228426),(392,1,'106.38.133.149',1511229450,1511229450),(393,1,'124.202.184.186',1511231843,1511231843),(394,10,'124.202.184.186',1511232689,1511232689),(395,1,'124.202.184.186',1511232855,1511232855),(396,1,'106.38.133.149',1511234383,1511234383),(397,1,'106.38.133.149',1511236813,1511236813),(398,1,'124.202.184.186',1511239527,1511239527),(399,1,'106.38.133.149',1511244109,1511244109),(400,1,'124.202.184.186',1511247439,1511247439),(401,1,'106.38.133.149',1511249917,1511249917),(402,1,'124.202.184.186',1511253849,1511253849),(403,1,'124.202.184.186',1511254900,1511254900),(404,1,'124.202.184.186',1511257280,1511257280),(405,1,'124.202.184.186',1511312705,1511312705),(406,1,'106.38.133.149',1511318033,1511318033),(407,1,'106.38.133.149',1511318122,1511318122),(408,1,'124.202.184.186',1511318277,1511318277),(409,1,'106.38.133.149',1511319402,1511319402),(410,52,'106.38.133.149',1511321008,1511321008),(411,1,'106.38.133.149',1511324145,1511324145),(412,1,'124.202.184.186',1511325724,1511325724),(413,1,'124.202.184.186',1511328288,1511328288),(414,1,'124.202.184.186',1511331092,1511331092),(415,38,'106.38.133.149',1511332086,1511332086),(416,38,'106.38.133.149',1511332146,1511332146),(417,1,'106.38.133.149',1511332776,1511332776),(418,1,'124.202.184.186',1511332842,1511332842),(419,1,'124.202.184.186',1511339418,1511339418),(420,1,'124.202.184.186',1511339687,1511339687),(421,1,'121.69.81.74',1511401289,1511401289),(422,1,'124.202.184.186',1511401573,1511401573),(423,1,'124.202.184.186',1511403245,1511403245),(424,1,'106.38.133.149',1511405537,1511405537),(425,1,'121.69.81.74',1511414077,1511414077),(426,1,'106.38.133.149',1511416279,1511416279),(427,38,'106.38.133.149',1511419590,1511419590),(428,1,'124.202.184.186',1511419726,1511419726),(429,1,'124.202.184.186',1511420309,1511420309),(430,1,'106.38.133.149',1511422024,1511422024),(431,1,'124.202.184.186',1511424556,1511424556),(432,1,'121.69.81.74',1511424632,1511424632),(433,1,'106.38.129.69',1511487575,1511487575),(434,1,'106.38.129.69',1511488851,1511488851),(435,9,'106.38.129.69',1511490689,1511490689),(436,1,'106.38.129.69',1511491948,1511491948),(437,1,'124.202.184.186',1511492463,1511492463),(438,1,'106.38.129.69',1511493121,1511493121),(439,1,'106.38.129.69',1511501792,1511501792),(440,1,'106.38.129.69',1511504679,1511504679),(441,1,'106.38.129.69',1511505583,1511505583),(442,1,'106.38.129.69',1511507478,1511507478),(443,1,'124.202.184.186',1511508186,1511508186),(444,1,'106.38.129.69',1511513558,1511513558),(445,1,'106.38.129.69',1511514784,1511514784),(446,1,'124.202.184.186',1511516306,1511516306),(447,1,'106.38.129.69',1511574595,1511574595),(448,1,'124.202.184.186',1511583404,1511583404),(449,1,'106.38.129.69',1511592083,1511592083),(450,1,'124.202.184.186',1511744914,1511744914),(451,1,'106.38.129.69',1511746378,1511746378),(452,1,'124.202.184.186',1511746946,1511746946),(453,1,'106.38.129.69',1511749376,1511749376),(454,1,'106.38.129.69',1511754523,1511754523),(455,59,'106.38.129.69',1511754710,1511754710),(456,59,'106.38.129.69',1511758903,1511758903),(457,1,'124.202.184.186',1511761049,1511761049),(458,59,'106.38.129.69',1511762115,1511762115),(459,1,'106.38.129.69',1511762207,1511762207),(460,59,'106.38.129.69',1511762300,1511762300),(461,1,'106.38.129.69',1511762325,1511762325),(462,9,'106.38.129.69',1511762366,1511762366),(463,59,'106.38.129.69',1511762408,1511762408),(464,1,'106.38.129.69',1511762751,1511762751),(465,59,'106.38.129.69',1511762866,1511762866),(466,9,'106.38.129.69',1511762884,1511762884),(467,1,'106.38.129.69',1511763969,1511763969),(468,1,'106.38.129.69',1511764170,1511764170),(469,1,'106.38.129.69',1511769272,1511769272),(470,1,'124.202.184.186',1511771037,1511771037),(471,77,'106.38.129.69',1511773244,1511773244),(472,1,'124.202.184.186',1511774265,1511774265),(473,9,'106.38.129.69',1511774314,1511774314),(474,59,'106.38.129.69',1511774329,1511774329),(475,59,'106.38.129.69',1511774336,1511774336),(476,1,'106.38.129.69',1511774568,1511774568),(477,1,'121.69.81.74',1511833535,1511833535),(478,1,'106.38.129.69',1511835323,1511835323),(479,1,'106.38.129.69',1511835688,1511835688),(480,1,'106.38.129.69',1511836011,1511836011),(481,10,'106.38.129.69',1511836052,1511836052),(482,1,'106.38.129.69',1511836140,1511836140),(483,1,'121.69.81.74',1511838682,1511838682),(484,1,'106.38.129.69',1511840713,1511840713),(485,1,'121.69.81.74',1511846265,1511846265),(486,1,'124.202.184.186',1511846506,1511846506),(487,1,'121.69.81.74',1511848248,1511848248),(488,1,'106.38.129.69',1511848984,1511848984),(489,1,'124.202.184.186',1511850275,1511850275),(490,1,'106.38.129.69',1511851459,1511851459),(491,1,'106.38.129.69',1511855215,1511855215),(492,1,'106.38.129.69',1511856322,1511856322),(493,1,'106.38.129.69',1511856353,1511856353),(494,59,'106.38.129.69',1511857085,1511857085),(495,21,'106.38.129.69',1511858076,1511858076),(496,1,'106.38.129.69',1511858314,1511858314),(497,1,'106.38.129.69',1511858340,1511858340),(498,1,'121.69.81.74',1511861461,1511861461),(499,1,'106.38.129.69',1511919603,1511919603),(500,1,'106.38.129.69',1511922546,1511922546),(501,1,'106.38.129.69',1511924214,1511924214),(502,1,'106.38.129.69',1511924547,1511924547),(503,1,'106.38.129.69',1511927160,1511927160),(504,1,'106.38.129.69',1511927652,1511927652),(505,1,'106.38.129.69',1511930718,1511930718),(506,1,'124.202.184.186',1511930735,1511930735),(507,1,'106.38.129.69',1511932990,1511932990),(508,1,'106.38.129.69',1511934050,1511934050),(509,1,'124.202.184.186',1511938562,1511938562),(510,1,'106.38.129.69',1511939443,1511939443),(511,1,'106.38.129.69',1511945428,1511945428),(512,1,'106.38.129.69',1512007626,1512007626),(513,1,'106.38.129.69',1512008224,1512008224),(514,1,'106.38.129.69',1512009991,1512009991),(515,1,'106.38.129.69',1512011468,1512011468),(516,1,'106.38.129.69',1512011569,1512011569),(517,1,'106.38.129.69',1512020080,1512020080),(518,1,'106.38.129.69',1512091912,1512091912),(519,1,'106.38.129.69',1512094328,1512094328),(520,1,'106.38.129.69',1512095262,1512095262),(521,1,'106.38.129.69',1512096452,1512096452),(522,1,'106.38.129.69',1512096534,1512096534),(523,38,'106.38.129.69',1512096797,1512096797),(524,1,'106.38.129.69',1512096907,1512096907),(525,1,'106.38.129.69',1512097012,1512097012),(526,1,'106.38.129.69',1512107474,1512107474),(527,1,'106.38.129.69',1512108123,1512108123),(528,1,'106.121.69.1',1512352346,1512352346),(529,1,'106.121.69.1',1512355411,1512355411),(530,1,'106.121.69.1',1512454319,1512454319),(531,1,'106.121.69.1',1512526322,1512526322),(532,1,'106.121.69.1',1512530223,1512530223),(533,1,'106.121.69.1',1512534644,1512534644),(534,1,'106.121.69.1',1512547014,1512547014),(535,1,'106.121.69.1',1512614519,1512614519),(536,1,'106.121.69.1',1512615336,1512615336),(537,1,'106.121.69.1',1512625150,1512625150),(538,1,'106.121.69.1',1512638777,1512638777),(539,1,'106.121.69.1',1512701275,1512701275),(540,1,'106.121.69.1',1512701506,1512701506),(541,1,'124.202.184.186',1512701523,1512701523),(542,1,'106.121.69.1',1512708318,1512708318),(543,1,'106.121.69.1',1512717517,1512717517),(544,1,'106.121.69.1',1512721732,1512721732),(545,1,'106.121.69.1',1512956459,1512956459),(546,1,'124.202.184.186',1512958983,1512958983),(547,1,'106.121.69.1',1512981867,1512981867),(548,1,'106.121.69.1',1512982281,1512982281),(549,1,'106.121.69.1',1513048413,1513048413),(550,1,'106.121.69.1',1513049882,1513049882),(551,1,'106.121.66.194',1513061338,1513061338),(552,1,'106.121.66.194',1513129199,1513129199),(553,1,'106.121.66.194',1513131722,1513131722),(554,1,'106.121.66.194',1513135027,1513135027),(555,1,'106.121.66.194',1513135614,1513135614),(556,1,'106.121.66.194',1513142594,1513142594),(557,1,'106.121.66.194',1513144156,1513144156),(558,1,'106.121.66.194',1513153382,1513153382),(559,1,'106.121.66.194',1513215925,1513215925),(560,1,'106.121.66.194',1513216442,1513216442),(561,1,'106.121.66.194',1513224280,1513224280),(562,1,'124.202.184.186',1513238459,1513238459),(563,1,'106.121.66.194',1513304520,1513304520),(564,1,'124.202.184.186',1513307579,1513307579),(565,1,'124.202.184.186',1513325274,1513325274),(566,1,'106.121.66.194',1513329265,1513329265),(567,1,'106.121.71.48',1513562067,1513562067),(568,15,'106.121.71.48',1513562806,1513562806),(569,1,'106.121.71.48',1513563338,1513563338),(570,1,'106.121.71.48',1513563504,1513563504),(571,67,'106.121.71.48',1513563564,1513563564),(572,67,'106.121.71.48',1513563611,1513563611),(573,1,'124.202.184.186',1513564995,1513564995),(574,67,'223.255.127.137',1513565892,1513565892),(575,67,'124.126.135.97',1513566559,1513566559),(576,1,'106.121.71.48',1513567793,1513567793),(577,1,'106.121.71.48',1513568193,1513568193),(578,1,'106.121.71.48',1513576210,1513576210),(579,1,'106.121.71.48',1513576824,1513576824),(580,1,'124.202.184.186',1513577978,1513577978),(581,10,'106.121.71.48',1513580397,1513580397),(582,1,'106.121.71.48',1513587165,1513587165),(583,1,'106.121.71.48',1513587335,1513587335),(584,1,'124.202.184.186',1513644120,1513644120),(585,1,'106.121.71.48',1513650128,1513650128),(586,1,'106.121.15.100',1513734691,1513734691),(587,1,'106.121.15.100',1513735928,1513735928),(588,1,'106.121.15.100',1513747485,1513747485),(589,1,'106.121.15.100',1513760776,1513760776),(590,1,'106.121.15.100',1513827064,1513827064),(591,1,'124.202.184.186',1513834781,1513834781),(592,9,'106.121.15.100',1513842452,1513842452),(593,9,'106.121.15.100',1513843750,1513843750),(594,11,'106.121.15.100',1513843771,1513843771),(595,13,'106.121.15.100',1513843789,1513843789),(596,15,'106.121.15.100',1513843807,1513843807),(597,17,'106.121.15.100',1513843887,1513843887),(598,18,'106.121.15.100',1513843993,1513843993),(599,20,'106.121.15.100',1513844012,1513844012),(600,6,'106.121.15.100',1513844029,1513844029),(601,7,'106.121.15.100',1513844048,1513844048),(602,10,'106.121.15.100',1513844066,1513844066),(603,12,'106.121.15.100',1513844083,1513844083),(604,14,'106.121.15.100',1513844104,1513844104),(605,16,'106.121.15.100',1513844123,1513844123),(606,19,'106.121.15.100',1513844163,1513844163),(607,21,'106.121.15.100',1513844181,1513844181),(608,22,'106.121.15.100',1513844219,1513844219),(609,23,'106.121.15.100',1513844255,1513844255),(610,24,'106.121.15.100',1513844272,1513844272),(611,75,'106.121.15.100',1513844313,1513844313),(612,76,'106.121.15.100',1513844332,1513844332),(613,77,'106.121.15.100',1513844351,1513844351),(614,9,'114.240.226.131',1513844764,1513844764),(615,7,'123.119.180.83',1513844960,1513844960),(616,9,'114.240.226.131',1513844970,1513844970),(617,23,'123.151.77.121',1513846015,1513846015),(618,23,'106.121.15.100',1513846138,1513846138),(619,20,'218.241.251.172',1513852845,1513852845),(620,7,'123.119.180.83',1513855966,1513855966),(621,15,'120.7.242.153',1513859836,1513859836),(622,7,'123.119.180.83',1513864790,1513864790),(623,13,'123.151.77.123',1513869374,1513869374),(624,7,'123.119.180.83',1513905517,1513905517),(625,1,'106.121.65.250',1513907561,1513907561),(626,15,'120.7.242.153',1513909515,1513909515),(627,6,'123.151.77.90',1513913177,1513913177),(628,17,'106.121.65.250',1513913600,1513913600),(629,1,'106.121.65.250',1513913629,1513913629),(630,6,'106.121.65.250',1513913962,1513913962),(631,17,'106.121.65.250',1513914016,1513914016),(632,21,'106.121.65.250',1513914041,1513914041),(633,6,'114.252.21.117',1513914223,1513914223),(634,15,'120.7.242.153',1513921427,1513921427),(635,1,'106.121.65.250',1513921852,1513921852),(636,1,'124.202.184.186',1513923198,1513923198),(637,6,'114.252.21.117',1513923840,1513923840),(638,15,'120.7.242.153',1513925175,1513925175),(639,1,'106.121.65.250',1513929425,1513929425),(640,1,'124.202.184.186',1513930224,1513930224),(641,6,'114.252.21.117',1513931191,1513931191),(642,6,'114.252.21.117',1513934066,1513934066),(643,1,'106.121.65.250',1514010253,1514010253),(644,1,'106.121.65.250',1514015344,1514015344),(645,6,'114.252.29.46',1514088432,1514088432),(646,12,'114.253.76.196',1514089491,1514089491),(647,12,'114.253.76.196',1514089633,1514089633),(648,1,'106.121.65.250',1514165957,1514165957),(649,1,'106.121.65.250',1514169868,1514169868),(650,18,'123.118.154.224',1514170801,1514170801),(651,18,'123.118.154.224',1514170957,1514170957),(652,1,'124.202.184.186',1514171128,1514171128),(653,1,'106.121.65.250',1514172177,1514172177),(654,34,'106.121.65.250',1514173465,1514173465),(655,78,'106.121.65.250',1514173511,1514173511),(656,79,'106.121.65.250',1514173553,1514173553),(657,34,'36.106.177.141',1514173578,1514173578),(658,81,'106.121.65.250',1514173652,1514173652),(659,33,'106.121.65.250',1514173669,1514173669),(660,1,'106.121.65.250',1514173706,1514173706),(661,1,'106.121.65.250',1514173805,1514173805),(662,70,'106.121.65.250',1514173961,1514173961),(663,1,'106.121.65.250',1514173985,1514173985),(664,75,'114.244.134.212',1514174615,1514174615),(665,9,'114.240.227.94',1514176704,1514176704),(666,6,'114.252.18.124',1514177880,1514177880),(667,70,'106.121.65.250',1514178355,1514178355),(668,1,'106.121.65.250',1514179908,1514179908),(669,13,'124.237.46.251',1514179963,1514179963),(670,9,'114.240.227.94',1514180516,1514180516),(671,9,'114.240.227.94',1514181373,1514181373),(672,9,'106.121.65.250',1514181452,1514181452),(673,14,'218.241.177.236',1514182379,1514182379),(674,14,'218.241.177.236',1514182592,1514182592),(675,1,'124.202.184.186',1514182644,1514182644),(676,14,'218.241.177.236',1514182799,1514182799),(677,1,'106.121.65.250',1514183007,1514183007),(678,9,'106.121.65.250',1514183065,1514183065),(679,82,'124.202.184.186',1514183207,1514183207),(680,1,'124.202.184.186',1514183356,1514183356),(681,82,'124.202.184.186',1514183383,1514183383),(682,1,'124.202.184.186',1514184759,1514184759),(683,82,'124.202.184.186',1514184885,1514184885),(684,15,'39.155.185.20',1514184934,1514184934),(685,1,'124.202.184.186',1514185150,1514185150),(686,82,'124.202.184.186',1514185295,1514185295),(687,15,'39.155.185.20',1514185374,1514185374),(688,1,'124.202.184.186',1514185423,1514185423),(689,82,'124.202.184.186',1514185462,1514185462),(690,1,'124.202.184.186',1514185518,1514185518),(691,82,'124.202.184.186',1514185609,1514185609),(692,1,'124.202.184.186',1514185644,1514185644),(693,82,'124.202.184.186',1514185753,1514185753),(694,1,'124.202.184.186',1514185769,1514185769),(695,82,'124.202.184.186',1514185797,1514185797),(696,1,'124.202.184.186',1514185942,1514185942),(697,82,'124.202.184.186',1514186013,1514186013),(698,15,'39.155.185.20',1514187578,1514187578),(699,70,'223.104.3.200',1514188516,1514188516),(700,1,'124.202.184.186',1514190428,1514190428),(701,1,'106.121.65.250',1514193095,1514193095),(702,1,'124.202.184.186',1514194556,1514194556),(703,1,'106.2.231.18',1514200289,1514200289),(704,33,'117.136.0.229',1514201692,1514201692),(705,70,'114.243.45.121',1514205121,1514205121),(706,1,'124.202.184.186',1514250624,1514250624),(707,1,'106.121.65.250',1514251360,1514251360),(708,1,'106.121.65.250',1514254413,1514254413),(709,1,'124.202.184.186',1514254425,1514254425),(710,67,'106.121.65.250',1514255182,1514255182),(711,1,'106.121.65.250',1514255353,1514255353),(712,67,'124.126.178.255',1514255381,1514255381),(713,67,'106.121.65.250',1514255411,1514255411),(714,1,'106.121.65.250',1514255813,1514255813),(715,9,'114.240.224.80',1514256040,1514256040),(716,12,'125.33.165.3',1514256763,1514256763),(717,1,'106.121.65.250',1514257976,1514257976),(718,67,'106.121.65.250',1514259565,1514259565),(719,34,'36.106.177.141',1514259703,1514259703),(720,59,'106.121.65.250',1514259748,1514259748),(721,1,'106.121.65.250',1514259763,1514259763),(722,34,'106.121.65.177',1514261309,1514261309),(723,1,'106.121.65.177',1514261412,1514261412),(724,1,'124.202.184.186',1514264724,1514264724),(725,34,'124.202.184.186',1514264770,1514264770),(726,1,'106.121.65.177',1514269656,1514269656),(727,12,'123.121.91.215',1514271569,1514271569),(728,1,'124.202.184.186',1514271783,1514271783),(729,34,'106.121.65.177',1514272754,1514272754),(730,1,'106.121.65.177',1514273478,1514273478),(731,12,'123.121.87.128',1514274743,1514274743),(732,1,'106.121.65.177',1514276018,1514276018),(733,67,'106.121.65.177',1514276127,1514276127),(734,1,'106.121.65.177',1514276163,1514276163),(735,67,'106.121.65.177',1514276207,1514276207),(736,1,'106.121.65.177',1514276289,1514276289),(737,82,'124.202.184.186',1514276352,1514276352),(738,81,'106.121.65.177',1514276373,1514276373),(739,1,'106.121.65.177',1514276387,1514276387),(740,81,'106.121.65.177',1514276435,1514276435),(741,1,'106.121.65.177',1514276608,1514276608),(742,67,'106.121.65.177',1514277525,1514277525),(743,67,'106.121.65.177',1514277538,1514277538),(744,1,'106.121.65.177',1514277637,1514277637),(745,70,'114.243.45.121',1514294545,1514294545),(746,1,'124.202.184.186',1514339802,1514339802),(747,82,'124.202.184.186',1514340111,1514340111),(748,1,'124.202.184.186',1514352661,1514352661),(749,67,'124.126.178.255',1514353756,1514353756),(750,1,'106.121.65.177',1514356963,1514356963),(751,67,'124.126.178.255',1514358036,1514358036),(752,1,'106.121.65.177',1514359161,1514359161),(753,1,'106.121.65.177',1514361463,1514361463),(754,1,'124.202.184.186',1514365113,1514365113),(755,67,'106.121.65.177',1514365657,1514365657),(756,1,'106.121.65.177',1514365673,1514365673),(757,81,'113.96.231.120',1514421683,1514421683),(758,1,'106.121.65.177',1514426397,1514426397),(759,13,'106.121.65.177',1514430377,1514430377),(760,1,'106.121.65.177',1514430548,1514430548),(761,13,'106.121.65.177',1514431074,1514431074),(762,1,'106.121.65.177',1514431093,1514431093),(763,1,'106.121.65.177',1514443858,1514443858),(764,81,'106.121.65.177',1514447176,1514447176),(765,1,'106.121.65.177',1514447188,1514447188),(766,81,'113.96.231.120',1514447331,1514447331),(767,81,'118.144.141.153',1514447580,1514447580);
/*!40000 ALTER TABLE `admin_log` ENABLE KEYS */;
UNLOCK TABLES;

--
-- Table structure for table `article`
--

DROP TABLE IF EXISTS `article`;
/*!40101 SET @saved_cs_client     = @@character_set_client */;
/*!40101 SET character_set_client = utf8 */;
CREATE TABLE `article` (
  `id` int(11) NOT NULL AUTO_INCREMENT,
  `cate_id` int(11) DEFAULT '1' COMMENT '文章分类id',
  `name` varchar(100) NOT NULL,
  `img` varchar(100) NOT NULL DEFAULT '',
  `cont` text NOT NULL,
  `charm` varchar(255) NOT NULL DEFAULT '',
  `clicks` int(11) NOT NULL DEFAULT '1',
  `admin_id` tinyint(4) NOT NULL DEFAULT '1',
  `st` tinyint(4) NOT NULL DEFAULT '1' COMMENT '0删除状态,1正常，2不显示',
  `index_show` tinyint(4) DEFAULT '0' COMMENT '首页推荐',
  `create_time` int(11) NOT NULL DEFAULT '0',
  `update_time` int(11) NOT NULL DEFAULT '0',
  `type` tinyint(4) NOT NULL DEFAULT '1' COMMENT '1为百科 2为验房 3为团购活动',
  `baoming_id` int(11) DEFAULT '0' COMMENT '报名id',
  `tuangou_id` int(11) DEFAULT NULL COMMENT '团购活动总结',
  PRIMARY KEY (`id`),
  KEY `cate_id` (`cate_id`),
  KEY `baoming_id` (`baoming_id`)
) ENGINE=InnoDB AUTO_INCREMENT=11 DEFAULT CHARSET=utf8 COMMENT='文章表';
/*!40101 SET character_set_client = @saved_cs_client */;

--
-- Dumping data for table `article`
--

LOCK TABLES `article` WRITE;
/*!40000 ALTER TABLE `article` DISABLE KEYS */;
INSERT INTO `article` VALUES (1,1,'baike1','/upload/article/20171110/b9adc57abcd5f60b17678bbd2c5dafe9.jpg','adasgadgs','',1,1,1,0,1510284763,1510284763,1,0,NULL),(2,64,'baike1','/upload/article/20171110/6964be2744a3dccc2791f7f4b9150d4f.jpg','asdgadsg','',1,1,0,1,1510284889,1510286047,1,0,NULL),(3,65,'如何选择设计师','/upload/article/20171110/d36df650878b12ea972016fb01d7701c.jpeg','设计师不是来帮你省钱，满足你无限欲望带你装B带你飞的。设计师是在你预想的基础上给出一个合理，适度，满足预算条件且可实施的方案以及实施计划并最终实现的人。\r\n外行人来鉴别设计师水平是很难的，要想找一个靠谱点的设计师难上加难的事情。\r\n不管是设计还是施工，你得靠自己。 “舒适”是你的核心诉求对吧，好，牢牢抓住这个点，在有限的”资金”和“筛选设计师和装修公司的时间精力成本”以及“效果”方面，要做好平衡。\r\n就像街边小店和米其林餐厅，可能都能吃饱，但是用餐体验上肯定是有区别的\r\n设计师还是要谈的，你要表达清楚你的核心诉求是“舒适”，跟你大谈风格，品味啊什么的可以pass掉了，能从空间，成本方面给出具体建议的设计师才是你该继续谈的对象——说实话这点不容乐观。\r\n在预算不足的情况下，巧妇难为无米之炊，设计师可以帮你避免不合理的浪费达到省钱的目的，但是不能强行把材料变廉价。\r\n如果找不到这样的，你只能退而求其次找那么一个相对”实在”点的。在你这个房子级别上面，有”责任心”是比“有实力”更优先选项——装饰公司同理。\r\n我会告诉你在“空间”，“结构”方面好多设计师自己都是一团浆糊吗？不要把建筑师和室内设计师混为一谈哦，当然我也不会告诉你他们中好多人搞设计跟你写论文是一样的套路。\r\n重装饰轻装修如果要保证设计度和耐看方面的需求，软装是要一定时间就更换的\r\n我无异攻击那些优秀的设计师，这个行业乱像是事实，也并非全是设计师个人的原因。\r\n这个户型怎么改，还是自己家人多商量，再和设计师多商量，这方面给不了具体的建议——毕竟非专业。\r\n说了这么多好像还没答到点子上，我的建议是，先多谈几家，再来决定是否自己操刀。至于”省钱”，千万别拿”非物质成本”不当钱。\r\n设计费的高低取决于你所选的公司及设计师等因素，标准的设计费就能满足你平常正常使用了，需求更多则需要付出更多。但不同档次的基础设计费会体现在最终效果上。\r\n在预算有限且这个预算并不能足够覆盖设计费与达成该设计的情况下最实惠的办法是自己多看经验贴，自己弄，但肯定会有一定合理性的欠缺而且比较累。\r\n而最出设计感的办法是选择一家适合需求和预算的公司以轻度装修后期配饰来提现方案，但是同样需要你自己付出时间和精力，并且这是长期的。\r\n设计师的作用体现在把你的想法转化成合理实用的现实，但不能凭空变出来。并且大体上遵循一份钱一份人。\r\n你主要考虑财务问题，报出你的预算，让他给你出方案和看他以前差不多价位的预算做出来的方案。\r\n你主要考虑设计感，设计师的时候先看他最得意的方案，让他谈谈这么设计的理念，根据你的爱好，设计出满意的方案，不然很难谈得下去。\r\n无良坑爹的公司和设计师是存在的，而好的设计从不廉价，人品也一样。\r\n','',1,1,0,1,1510286439,1510625616,1,0,NULL),(4,66,'床垫的那些学问！！！','/upload/article/20171110/477d79f8b5acf2d302c5b4c489f68be0.jpeg','小编有些朋友是做床垫的，床垫这行业水真的很深，经常开他们的玩笑，说是：你们太黑了。（哈哈）黑的原因有两个，一个是把简单的商品复杂化，包装了很多概念迷惑消费者。另外一个是利用消费者的心理去把商品高利润化。\r\n首先要在买西床垫知道床垫那些分类、材质、品牌。根据家里我的卧室，买多大的尺寸，在结合自己的需求，挑选适合的软硬度（舒适度和软硬度，软硬度≠硬）。最好做好预算，在预算之内买最好的。\r\n告诉大家一个残忍的事实，根据调查结果显示，无论你怎么试躺也是试不出来效果的。还是多多关心价格，材质，尺寸和软硬度吧！（福利呦）\r\n去买床垫的穿着很重要，摘掉所有能证明你很有钱的代表性的东西，简单、纯朴的着装。给导购制造一种假象，看不透你的底线。这样就有了砍价的主动权。\r\n到了店里先询问是不是全国统一售价，最低价格是多少和下次活动的时间、有没有赠品，赠品是什么。最好砍价的心理准备，是一种心理战术。导购会根据你的言谈举止、工作带判断有没有消费能力（少说些话吧），在预算之内的2-3家中选择，怎么选择呢？搜索下淘宝同款的最低价+运费x110%进行砍价，一般导购都会县套路拒绝，最后表现的很无奈的卖给您。不要以为这就是结束了，选好自己的赠品，带上回家（自己编些小故事吧）\r\n线上线下一定问清楚售后怎么服务，以哪种方式，发票留好。\r\n分割线\r\n床垫的谎言，切勿相信，在这里给大家解释下。\r\n硬床垫对身体好，有利健康。要根据身体的线条，需要床垫进行依托，因为怎么睡也是到不了一个平面上（平躺、侧卧）。\r\n过硬的床垫对身体不好\r\n床垫带有保健功能，更是不靠谱的说法，正规合格的床垫，性能不会差太多的。\r\n棕榈床垫取材于天然材料，所以更健康环保。这种材料的床垫保养不善，很容易滋生细菌，引起皮肤感染。','',1,1,0,1,1510286585,1510625611,1,0,NULL),(5,66,'床垫的那些学问！！！','/upload/article/20171110/ccdacb89625c624c8dd32c6d9a63b34c.jpg','小编有些朋友是做床垫的，床垫这行业水真的很深，经常开他们的玩笑，说是：你们太黑了。（哈哈）黑的原因有两个，一个是把简单的商品复杂化，包装了很多概念迷惑消费者。另外一个是利用消费者的心理去把商品高利润化。\r\n首先要在买西床垫知道床垫那些分类、材质、品牌。根据家里我的卧室，买多大的尺寸，在结合自己的需求，挑选适合的软硬度（舒适度和软硬度，软硬度≠硬）。最好做好预算，在预算之内买最好的。\r\n告诉大家一个残忍的事实，根据调查结果显示，无论你怎么试躺也是试不出来效果的。还是多多关心价格，材质，尺寸和软硬度吧！（福利呦）\r\n去买床垫的穿着很重要，摘掉所有能证明你很有钱的代表性的东西，简单、纯朴的着装。给导购制造一种假象，看不透你的底线。这样就有了砍价的主动权。\r\n到了店里先询问是不是全国统一售价，最低价格是多少和下次活动的时间、有没有赠品，赠品是什么。最好砍价的心理准备，是一种心理战术。导购会根据你的言谈举止、工作带判断有没有消费能力（少说些话吧），在预算之内的2-3家中选择，怎么选择呢？搜索下淘宝同款的最低价+运费x110%进行砍价，一般导购都会县套路拒绝，最后表现的很无奈的卖给您。不要以为这就是结束了，选好自己的赠品，带上回家（自己编些小故事吧）\r\n线上线下一定问清楚售后怎么服务，以哪种方式，发票留好。\r\n分割线\r\n床垫的谎言，切勿相信，在这里给大家解释下。\r\n硬床垫对身体好，有利健康。要根据身体的线条，需要床垫进行依托，因为怎么睡也是到不了一个平面上（平躺、侧卧）。\r\n过硬的床垫对身体不好\r\n床垫带有保健功能，更是不靠谱的说法，正规合格的床垫，性能不会差太多的。\r\n棕榈床垫取材于天然材料，所以更健康环保。这种材料的床垫保养不善，很容易滋生细菌，引起皮肤感染。','',1,1,0,0,1510286614,1510286620,1,0,NULL),(6,1,'团购','/upload/article/20171128/82015f6189cc9328fd1b4620a3459bb8.jpg','团购很划算','',1,1,1,0,1511858476,1511858476,3,0,1),(7,1,'1','/upload/article/20171129/713524bc9ff0e5a961caf1fa95e36cae.jpg','参团人数已满','',1,1,1,0,1511938189,1511938189,3,0,2),(8,1,'33','/upload/article/20171130/f7e743ca2528bdf05afe8867da0dbaac.jpg','44444','',1,1,1,0,1512008821,1512008821,3,0,5),(9,1,'gggg','/upload/article/20171218/c2815888d0b6c80c2a62262dc2867bc6.jpg','gggggg','',1,1,1,0,1513587759,1513587759,3,0,10),(10,1,'拼团成功结束','/upload/article/20171225/c14cc7930fe2e654deecdc3140d55244.jpg','拼团很成功','',1,1,1,0,1514170095,1514170095,3,0,7);
/*!40000 ALTER TABLE `article` ENABLE KEYS */;
UNLOCK TABLES;

--
-- Table structure for table `baoming`
--

DROP TABLE IF EXISTS `baoming`;
/*!40101 SET @saved_cs_client     = @@character_set_client */;
/*!40101 SET character_set_client = utf8 */;
CREATE TABLE `baoming` (
  `id` int(11) NOT NULL AUTO_INCREMENT,
  `user_id` int(11) DEFAULT NULL,
  `truename` varchar(50) NOT NULL COMMENT '报名人姓名',
  `mobile` varchar(11) NOT NULL,
  `address` varchar(100) NOT NULL DEFAULT '' COMMENT '报名人地址',
  `time_to` int(11) DEFAULT '0' COMMENT '验房时间',
  `st` tinyint(4) DEFAULT '1' COMMENT '1',
  `create_time` int(11) DEFAULT '0',
  `update_time` int(11) DEFAULT '0',
  `article_st` tinyint(4) DEFAULT '0' COMMENT '是否添加了总结',
  PRIMARY KEY (`id`)
) ENGINE=InnoDB AUTO_INCREMENT=2 DEFAULT CHARSET=utf8 COMMENT='报名（验房表）';
/*!40101 SET character_set_client = @saved_cs_client */;

--
-- Dumping data for table `baoming`
--

LOCK TABLES `baoming` WRITE;
/*!40000 ALTER TABLE `baoming` DISABLE KEYS */;
INSERT INTO `baoming` VALUES (1,28,'刘娟娟','18556431854','北京大兴',1970,2,1511507405,1511508281,0);
/*!40000 ALTER TABLE `baoming` ENABLE KEYS */;
UNLOCK TABLES;

--
-- Table structure for table `cart`
--

DROP TABLE IF EXISTS `cart`;
/*!40101 SET @saved_cs_client     = @@character_set_client */;
/*!40101 SET character_set_client = utf8 */;
CREATE TABLE `cart` (
  `id` int(11) NOT NULL AUTO_INCREMENT,
  `user_id` int(11) NOT NULL,
  `shop_id` int(11) NOT NULL,
  `sum_price` decimal(8,2) NOT NULL DEFAULT '0.00',
  `create_time` int(11) NOT NULL DEFAULT '0',
  `update_time` int(11) NOT NULL DEFAULT '0',
  `st` tinyint(4) NOT NULL DEFAULT '1' COMMENT '1表示有商品，0表示没有',
  PRIMARY KEY (`id`)
) ENGINE=InnoDB AUTO_INCREMENT=11 DEFAULT CHARSET=utf8;
/*!40101 SET character_set_client = @saved_cs_client */;

--
-- Dumping data for table `cart`
--

LOCK TABLES `cart` WRITE;
/*!40000 ALTER TABLE `cart` DISABLE KEYS */;
INSERT INTO `cart` VALUES (1,43,32,448.00,1513929415,1513929415,1),(2,3,38,0.00,1513931520,1513931584,0),(3,5,98,0.00,1514181626,1514181873,0),(4,5,33,304.00,1514181653,1514181806,1),(5,302,103,0.21,1514184859,1514254298,1),(6,28,103,0.01,1514207823,1514252789,1),(7,198,103,0.02,1514275352,1514279822,1),(8,198,37,0.00,1514276053,1514276841,0),(9,1119,28,1180.00,1514382517,1514382517,1),(10,481,38,20.00,1514438258,1514438260,1);
/*!40000 ALTER TABLE `cart` ENABLE KEYS */;
UNLOCK TABLES;

--
-- Table structure for table `cart_good`
--

DROP TABLE IF EXISTS `cart_good`;
/*!40101 SET @saved_cs_client     = @@character_set_client */;
/*!40101 SET character_set_client = utf8 */;
CREATE TABLE `cart_good` (
  `id` int(11) NOT NULL AUTO_INCREMENT,
  `cart_id` int(11) NOT NULL COMMENT '购物车id',
  `shop_id` int(11) DEFAULT NULL COMMENT '商家id',
  `good_id` int(11) NOT NULL COMMENT '商品id,用于关联商品表',
  `num` int(11) NOT NULL DEFAULT '0' COMMENT '某个商品的数量',
  `create_time` int(11) DEFAULT '0',
  `update_time` int(11) DEFAULT '0',
  `st` tinyint(4) NOT NULL DEFAULT '1' COMMENT '1正常 0删除',
  PRIMARY KEY (`id`),
  KEY `cart_id` (`cart_id`)
) ENGINE=InnoDB AUTO_INCREMENT=29 DEFAULT CHARSET=utf8 COMMENT='购物车商品表';
/*!40101 SET character_set_client = @saved_cs_client */;

--
-- Dumping data for table `cart_good`
--

LOCK TABLES `cart_good` WRITE;
/*!40000 ALTER TABLE `cart_good` DISABLE KEYS */;
INSERT INTO `cart_good` VALUES (1,1,32,50,1,1513929415,1513929415,1),(2,2,38,100,12,1513931520,1513931584,0),(3,3,98,262,2,1514181626,1514181750,0),(4,4,33,83,1,1514181653,1514181653,1),(5,4,33,86,1,1514181706,1514181770,0),(6,3,98,262,2,1514181785,1514181873,0),(7,4,33,91,2,1514181806,1514181806,1),(8,5,103,297,2,1514184859,1514190296,0),(9,5,103,299,1,1514184864,1514190292,0),(10,6,103,299,2,1514207823,1514251652,0),(11,5,103,298,2,1514251543,1514252710,0),(12,5,103,297,3,1514251618,1514252705,0),(13,6,103,298,1,1514252726,1514252736,0),(14,6,103,298,2,1514252748,1514252777,0),(15,6,103,298,15,1514252789,1514253809,1),(16,5,103,299,2,1514252880,1514252880,1),(17,5,103,297,1,1514253631,1514254298,0),(18,5,103,298,3,1514254272,1514254272,1),(19,7,103,299,8,1514275352,1514275699,0),(20,7,103,298,1,1514275694,1514275727,0),(21,7,103,299,3,1514275736,1514275882,0),(22,7,103,298,1,1514275809,1514275887,0),(23,7,103,297,1,1514275821,1514275889,0),(24,7,103,299,1,1514275903,1514276846,0),(25,7,103,298,2,1514275913,1514279822,1),(26,8,37,60,2,1514276053,1514276841,0),(27,9,28,56,1,1514382517,1514382517,1),(28,10,38,100,2,1514438258,1514438260,1);
/*!40000 ALTER TABLE `cart_good` ENABLE KEYS */;
UNLOCK TABLES;

--
-- Table structure for table `cate`
--

DROP TABLE IF EXISTS `cate`;
/*!40101 SET @saved_cs_client     = @@character_set_client */;
/*!40101 SET character_set_client = utf8 */;
CREATE TABLE `cate` (
  `id` int(11) NOT NULL AUTO_INCREMENT,
  `name` varchar(100) NOT NULL COMMENT '名称',
  `create_time` int(11) DEFAULT '0',
  `update_time` int(11) DEFAULT '0',
  `st` tinyint(4) NOT NULL DEFAULT '1',
  `type` tinyint(4) NOT NULL DEFAULT '1' COMMENT '1装修 2百科',
  `sort` tinyint(4) NOT NULL DEFAULT '100',
  PRIMARY KEY (`id`)
) ENGINE=InnoDB AUTO_INCREMENT=70 DEFAULT CHARSET=utf8 COMMENT='分类表';
/*!40101 SET character_set_client = @saved_cs_client */;

--
-- Dumping data for table `cate`
--

LOCK TABLES `cate` WRITE;
/*!40000 ALTER TABLE `cate` DISABLE KEYS */;
INSERT INTO `cate` VALUES (1,'涂料',1508207929,1509593432,0,1,1),(2,'地板',1508209839,1509593437,0,1,0),(3,'瓷砖',1508212043,1509593451,0,1,2),(4,'baike1',1508488243,1509438237,0,2,0),(5,'本地资讯',1509430744,1510211158,0,1,100),(6,'资讯',1509430844,1510211151,0,1,100),(7,'资讯',1509430860,1510211145,0,2,100),(8,'zzzzzz',1509430960,1509438233,0,1,100),(9,'行业资讯',1509431013,1510211137,0,2,100),(10,'定制',1509438291,1509590271,0,1,100),(11,'油漆',1509438305,1509590067,0,1,100),(12,'热水器',1509516455,1509590063,0,2,100),(13,'马桶',1509516558,1509590059,0,1,100),(14,'木门',1509517340,1509519504,0,1,100),(15,'木门',1509519450,1509519500,0,2,100),(16,'榻榻米',1509521707,1509590042,0,1,100),(17,'金迪木门',1509587243,1509587355,0,1,100),(18,'凤铝门窗',1509587270,1509587350,0,1,100),(19,'港典门窗',1509587291,1509587346,0,1,100),(20,'门窗',1509587366,1509590037,0,1,100),(21,'防盗门',1509590021,1509590033,0,2,100),(22,'防盗门',1509590088,1509940571,0,2,100),(23,'装修',1509590111,1510211131,0,1,100),(24,'装饰',1509590131,1510211125,0,1,100),(25,'吊顶',1509590186,1510211117,0,2,100),(26,'家居',1509590234,1510211110,0,1,100),(27,'全屋定制',1509590256,1510211070,0,1,100),(28,'橱柜',1509590344,1510211064,0,2,100),(29,'油漆',1509590353,1510211164,0,1,100),(30,'水电地暖',1509590379,1510211057,0,1,100),(31,'门窗',1509590396,1510211045,0,1,100),(32,'木门',1509590414,1510211040,0,2,100),(33,'榻榻米',1509590459,1510211034,0,1,100),(34,'门窗',1509590806,1509590892,0,1,100),(35,'散热器',1509594212,1510211028,0,1,100),(36,'衣架',1509687515,1510211012,0,1,100),(37,'净水器',1509776489,1510211051,0,1,100),(38,'橱柜',1509940134,1510210999,0,1,100),(39,'布艺',1509940345,1510210991,0,1,100),(40,'空调',1509940578,1510211006,0,1,100),(41,'瓷砖',1509940675,1510211169,0,1,100),(42,'卫浴',1509945594,1510211174,0,1,100),(43,'热水器',1509945726,1510211179,0,1,100),(44,'家电',1509945791,1510211185,0,1,100),(45,'家具',1509953278,1510211641,0,1,100),(46,'地板',1509953709,1510211637,0,1,100),(47,'墙布',1509954764,1510210977,0,1,100),(48,'瓷砖',1510198137,1510198137,1,1,100),(49,'地板',1510198183,1510198183,1,1,100),(50,'涂料|壁纸',1510198278,1511593500,1,1,100),(51,'橱柜|水槽',1510198370,1511593486,1,1,100),(52,'木门',1510198421,1510198421,1,1,100),(53,'卫浴',1510198449,1510198449,1,1,100),(54,'家具|沙发（床）',1510198493,1511593473,1,1,100),(55,'全屋定制',1510198549,1510198549,1,1,100),(56,'门窗',1510198577,1510198577,1,1,100),(57,'电器',1510198645,1511592565,1,1,100),(58,'吊顶|防盗门',1510198695,1511593461,1,1,100),(59,'散热器|榻榻米',1510198749,1511593449,1,1,100),(60,'空调|新风|净水',1510198835,1511593437,1,1,100),(61,'施工单位',1510199177,1510199177,1,1,100),(62,'智能晾衣机',1510199224,1511593565,1,1,100),(63,'家电',1510219666,1510219968,0,1,100),(64,'设计',1510284873,1513129315,1,1,100),(65,'装修',1510286276,1510286276,1,2,100),(66,'家居',1510286523,1510286523,1,2,100),(67,'烟机|热水器',1511592641,1511592641,1,1,100),(68,'开荒保洁',1512616867,1512616867,1,1,100),(69,'其他',1514193653,1514193653,1,1,100);
/*!40000 ALTER TABLE `cate` ENABLE KEYS */;
UNLOCK TABLES;

--
-- Table structure for table `collect`
--

DROP TABLE IF EXISTS `collect`;
/*!40101 SET @saved_cs_client     = @@character_set_client */;
/*!40101 SET character_set_client = utf8 */;
CREATE TABLE `collect` (
  `id` int(11) NOT NULL AUTO_INCREMENT,
  `user_id` int(11) NOT NULL,
  `collect_id` int(11) NOT NULL,
  `st` tinyint(4) DEFAULT '1' COMMENT '1收藏 0不收藏',
  `create_time` int(11) DEFAULT '0',
  `update_time` int(11) DEFAULT '0',
  `type` tinyint(4) NOT NULL COMMENT '1收藏商品id 2收藏店铺id',
  PRIMARY KEY (`id`)
) ENGINE=InnoDB AUTO_INCREMENT=64 DEFAULT CHARSET=utf8 COMMENT='收藏表';
/*!40101 SET character_set_client = @saved_cs_client */;

--
-- Dumping data for table `collect`
--

LOCK TABLES `collect` WRITE;
/*!40000 ALTER TABLE `collect` DISABLE KEYS */;
INSERT INTO `collect` VALUES (1,11,78,1,1510321927,1510321927,1),(2,3,27,1,1510327652,1510327652,2),(3,14,66,1,1510353104,1510353104,2),(4,46,32,1,1510362286,1510362286,2),(5,109,33,1,1510364536,1510364536,2),(6,26,38,1,1510379783,1510379783,2),(7,255,178,1,1510454659,1510454659,1),(8,13,38,0,1510538443,1510538443,2),(9,13,66,1,1510540364,1510540364,2),(10,28,27,0,1510540382,1510540382,2),(11,28,88,1,1510541122,1510541122,2),(12,28,87,1,1510541127,1510541127,2),(13,28,60,1,1510541147,1510541147,1),(14,7,79,1,1510543271,1510543271,1),(15,304,42,1,1510544485,1510544485,2),(16,15,27,1,1510623598,1510623598,2),(17,426,37,1,1510706972,1510706972,2),(18,515,27,1,1511144520,1511144520,2),(19,28,74,0,1511145288,1511145288,2),(20,302,37,0,1511157939,1511157939,2),(21,3,102,1,1511228921,1511248122,1),(22,3,38,1,1511228924,1511248124,2),(23,39,38,0,1511229541,1511229541,2),(24,3,100,0,1511235831,1511252129,1),(25,5,37,1,1511236775,1511236775,2),(26,3,59,0,1511244167,1511247405,1),(27,3,65,1,1511244413,1511244773,1),(28,3,60,0,1511244501,1511247389,1),(29,3,37,0,1511244682,1511253509,2),(30,3,66,1,1511244690,1511244703,2),(31,3,66,1,1511244763,1511244777,1),(32,3,67,0,1511248321,1511250932,1),(33,3,68,0,1511248323,1511250546,1),(34,3,69,0,1511248326,1511250506,1),(35,3,70,0,1511248328,1511250484,1),(36,3,71,0,1511248331,1511250465,1),(37,3,24,1,1511250573,1511250573,2),(38,3,62,0,1511250574,1511250911,1),(39,3,56,1,1511250585,1511250651,1),(40,3,96,0,1511250587,1511316750,1),(41,3,78,1,1511250959,1511250959,1),(42,3,79,0,1511250962,1511252172,1),(43,3,80,0,1511250966,1511250981,1),(44,3,81,0,1511250969,1511251009,1),(45,3,82,1,1511250972,1511250972,1),(46,581,38,1,1511322412,1511322412,2),(47,580,37,1,1511322415,1511322415,2),(48,579,37,1,1511322417,1511322417,2),(49,355,37,0,1511322419,1511322419,2),(50,624,94,1,1511746177,1511746177,2),(51,659,24,1,1511778751,1511778751,2),(52,659,62,1,1511778864,1511778864,1),(53,824,95,1,1513160103,1513160103,2),(54,784,37,1,1513316018,1513316018,2),(55,117,191,1,1513429097,1513429097,1),(56,875,30,1,1513736893,1513736893,2),(57,875,268,1,1513736993,1513736993,1),(58,516,65,1,1513818962,1513818962,1),(59,927,68,1,1514190520,1514190520,1),(60,198,299,0,1514275362,1514279550,1),(61,198,271,0,1514279489,1514279552,1),(62,198,270,0,1514279503,1514279547,1),(63,198,38,1,1514279529,1514279529,2);
/*!40000 ALTER TABLE `collect` ENABLE KEYS */;
UNLOCK TABLES;

--
-- Table structure for table `dingdan`
--

DROP TABLE IF EXISTS `dingdan`;
/*!40101 SET @saved_cs_client     = @@character_set_client */;
/*!40101 SET character_set_client = utf8 */;
CREATE TABLE `dingdan` (
  `id` int(11) NOT NULL AUTO_INCREMENT,
  `shop_id` int(11) DEFAULT NULL,
  `orderno` varchar(50) NOT NULL COMMENT '订单编号',
  `user_id` int(11) NOT NULL,
  `address_id` int(11) DEFAULT '0',
  `sum_price` decimal(10,2) DEFAULT '0.00',
  `sum_price_youhui` decimal(10,2) DEFAULT '0.00' COMMENT '总额优惠(订金作为优惠)',
  `shop_youhui` decimal(8,2) DEFAULT '0.00' COMMENT '商家订金或全款优惠',
  `create_time` int(11) DEFAULT '0',
  `update_time` int(11) DEFAULT '0',
  `goodst` tinyint(4) NOT NULL DEFAULT '1',
  `st` tinyint(4) DEFAULT '1' COMMENT '1没支付  2完成支付 3取消 4退款',
  `order_contact_id` int(11) NOT NULL COMMENT '平台订单id',
  `type` tinyint(4) DEFAULT '1' COMMENT '1一般订单 2限量团购订单 3限人团购订单 ',
  `group_id` int(11) DEFAULT '0' COMMENT '0表示不团购订单',
  `beizhu` varchar(255) DEFAULT NULL COMMENT '备注',
  `refundno` varchar(50) DEFAULT '' COMMENT '退款号',
  `orderno_youhui` varchar(255) NOT NULL DEFAULT '' COMMENT '抵扣订单号',
  PRIMARY KEY (`id`),
  UNIQUE KEY `orderno` (`orderno`),
  KEY `user_id` (`user_id`,`address_id`)
) ENGINE=InnoDB AUTO_INCREMENT=399 DEFAULT CHARSET=utf8 COMMENT='订单表';
/*!40101 SET character_set_client = @saved_cs_client */;

--
-- Dumping data for table `dingdan`
--

LOCK TABLES `dingdan` WRITE;
/*!40000 ALTER TABLE `dingdan` DISABLE KEYS */;
INSERT INTO `dingdan` VALUES (1,30,'111017385735_eV8znx',14,13,0.01,0.00,0.00,1510306737,1511257588,1,8,0,4,0,'','',''),(2,24,'111017392139_eV8znx',14,13,0.01,0.00,0.00,1510306761,1510306767,1,2,0,4,0,'','',''),(3,30,'111017394612_eV8znx',14,13,0.01,0.00,0.00,1510306786,1510306791,1,2,0,4,0,'','',''),(4,24,'111017452944_eV8znx',14,13,0.01,0.00,0.00,1510307129,1510307129,1,1,0,5,0,'','',''),(5,30,'111017454926_ZNe81n',3,12,0.02,0.00,0.00,1510307149,1511924192,1,3,0,1,0,NULL,'112910563148_refund',''),(6,38,'111106483677_EAfcBf',22,3,0.02,0.00,0.00,1510354116,1510354125,1,2,0,1,0,NULL,'',''),(7,38,'111106534234_EAfcBf',22,3,0.20,0.00,0.00,1510354422,1510354430,1,2,0,1,0,NULL,'',''),(8,38,'111106573246_EAfcBf',22,3,0.01,0.00,0.00,1510354652,1510354659,1,2,0,1,0,NULL,'',''),(9,38,'111106580522_EAfcBf',22,3,0.01,0.00,0.00,1510354685,1510354693,1,2,0,1,0,NULL,'',''),(10,38,'111106583517_EAfcBf',22,3,0.01,0.00,0.00,1510354715,1510354722,1,2,0,1,0,NULL,'',''),(11,38,'111106593566_EAfcBf',22,3,0.03,0.00,0.00,1510354775,1510354782,1,2,0,1,0,NULL,'',''),(12,38,'111107000562_EAfcBf',22,3,0.01,0.00,0.00,1510354805,1510354812,1,2,0,1,0,NULL,'',''),(13,38,'111107003198_EAfcBf',22,3,0.01,0.00,0.00,1510354831,1510354839,1,2,0,1,0,NULL,'',''),(14,38,'111107005597_EAfcBf',22,3,0.01,0.00,0.00,1510354855,1510354862,1,2,0,1,0,NULL,'',''),(15,38,'111107022344_EAfcBf',22,3,0.01,0.00,0.00,1510354943,1510354949,1,2,0,1,0,NULL,'',''),(16,38,'111107030426_R3gpAB',25,4,0.10,0.00,0.00,1510354984,1510354995,1,2,0,4,0,'','',''),(17,38,'111107033433_EAfcBf',22,3,0.01,0.00,0.00,1510355014,1510355021,1,2,0,1,0,NULL,'',''),(18,38,'111107033957_R3gpAB',25,4,0.10,0.00,0.00,1510355019,1510355030,1,2,0,4,0,'','',''),(19,38,'111107040314_EAfcBf',22,3,0.01,0.00,0.00,1510355043,1510355050,1,2,0,1,0,NULL,'',''),(20,38,'111107040668_R3gpAB',25,4,0.10,0.00,0.00,1510355046,1510355056,1,2,0,4,0,'','',''),(21,38,'111107063274_R3gpAB',25,4,0.10,0.00,0.00,1510355192,1510355205,1,2,0,4,0,'','',''),(22,38,'111107071118_R3gpAB',25,4,0.10,0.00,0.00,1510355231,1510355242,1,2,0,4,0,'','',''),(23,38,'111107074282_R3gpAB',25,4,0.10,0.00,0.00,1510355262,1510355273,1,2,0,4,0,'','',''),(24,38,'111107084063_R3gpAB',25,4,0.10,0.00,0.00,1510355320,1510355334,1,2,0,4,0,'','',''),(25,38,'111107092268_R3gpAB',25,4,0.10,0.00,0.00,1510355362,1510355377,1,2,0,4,0,'','',''),(26,38,'111107095130_R3gpAB',25,4,0.10,0.00,0.00,1510355391,1510355401,1,2,0,4,0,'','',''),(27,38,'111107100624_EAfcBf',22,3,0.01,0.00,0.00,1510355406,1510355413,1,2,0,1,0,NULL,'',''),(28,38,'111107101765_R3gpAB',25,4,0.10,0.00,0.00,1510355417,1510355431,1,2,0,4,0,'','',''),(29,38,'111107103361_EAfcBf',22,3,0.01,0.00,0.00,1510355433,1510355441,1,2,0,1,0,NULL,'',''),(30,38,'111107105295_R3gpAB',25,4,0.10,0.00,0.00,1510355452,1510355463,1,2,0,4,0,'','',''),(31,38,'111107105790_EAfcBf',22,3,0.01,0.00,0.00,1510355457,1510355464,1,2,0,1,0,NULL,'',''),(32,38,'111107112488_EAfcBf',22,3,0.01,0.00,0.00,1510355484,1510355491,1,2,0,1,0,NULL,'',''),(33,38,'111107121149_R3gpAB',25,4,0.10,0.00,0.00,1510355531,1510355545,1,2,0,4,0,'','',''),(34,38,'111107122693_EAfcBf',22,3,0.01,0.00,0.00,1510355546,1510355554,1,2,0,1,0,NULL,'',''),(35,38,'111107124460_R3gpAB',25,4,0.10,0.00,0.00,1510355564,1510355588,1,2,0,4,0,'','',''),(36,38,'111107125659_EAfcBf',22,3,0.01,0.00,0.00,1510355576,1510355583,1,2,0,1,0,NULL,'',''),(37,38,'111107132359_R3gpAB',25,4,0.10,0.00,0.00,1510355603,1510355625,1,2,0,4,0,'','',''),(38,38,'111107143432_R3gpAB',25,4,0.10,0.00,0.00,1510355674,1510355699,1,2,0,4,0,'','',''),(39,38,'111107145181_jph74P',26,5,0.02,0.00,0.00,1510355691,1510355691,1,1,0,1,0,NULL,'',''),(40,38,'111107162439_jph74P',26,5,0.02,0.00,0.00,1510355784,1510355790,1,2,0,1,0,NULL,'',''),(41,37,'111109290915_A-GvW9',60,8,100.00,0.00,0.00,1510363749,1510363759,1,2,0,4,0,'花香四季业主','',''),(42,37,'111109294894_mkf55Y',69,10,100.00,0.00,0.00,1510363788,1511933299,1,3,0,4,0,'','112913281890_refund',''),(43,33,'111109324757_NjXmNP',82,13,100.00,0.00,0.00,1510363967,1510363967,1,1,0,4,0,'','',''),(44,37,'111109350776_T77fbr',96,15,100.00,0.00,0.00,1510364107,1510364116,1,2,0,4,0,'','',''),(45,37,'111109351416_f9fYAF',63,14,100.00,0.00,0.00,1510364114,1510364124,1,2,0,4,0,'','',''),(46,37,'111109355937_BU9tVO',100,16,100.00,0.00,0.00,1510364159,1510364243,1,2,0,4,0,'','',''),(47,37,'111109362581_LrTDk-',67,9,100.00,0.00,0.00,1510364185,1510364192,1,2,0,4,0,'','',''),(48,37,'111109372073_k3ukS6',106,18,100.00,0.00,0.00,1510364240,1510364250,1,2,0,4,0,'','',''),(49,37,'111109374597_LrTDk-',67,20,100.00,0.00,0.00,1510364265,1511933263,1,3,0,4,0,'','112913274284_refund',''),(50,37,'111109380247_Hn8tdg',103,21,100.00,0.00,0.00,1510364282,1510364295,1,2,0,4,0,'','',''),(51,33,'111109395158_f9fYAF',63,14,100.00,0.00,0.00,1510364391,1510364399,1,2,0,4,0,'','',''),(52,37,'111109400532_zSfmPA',101,17,100.00,0.00,0.00,1510364405,1510364419,1,2,0,4,0,'','',''),(53,33,'111109400772_T77fbr',96,15,100.00,0.00,0.00,1510364407,1510364416,1,2,0,4,0,'','',''),(54,37,'111109403873_fAQPMI',105,25,100.00,0.00,0.00,1510364438,1510364447,1,2,0,4,0,'','',''),(55,37,'111109421667_dU2XWO',88,24,100.00,0.00,0.00,1510364536,1510364545,1,2,0,4,0,'','',''),(56,37,'111109432751_fenvlc',97,27,100.00,0.00,0.00,1510364607,1510364624,1,2,0,4,0,'','',''),(57,37,'111109444123_vIh867',79,29,100.00,0.00,0.00,1510364681,1510364700,1,2,0,4,0,'定金','',''),(58,37,'111109444951_ph9s5_',116,30,100.00,0.00,0.00,1510364689,1510364701,1,2,0,4,0,'','',''),(59,74,'111109454595_k3ukS6',106,18,100.00,0.00,0.00,1510364745,1512107913,1,3,0,4,0,'','120113583236_refund',''),(60,74,'111109455165_LrTDk-',67,20,100.00,0.00,0.00,1510364751,1512012311,1,3,0,4,0,'','113011251076_refund',''),(61,33,'111109465834_Hn8tdg',103,21,100.00,0.00,0.00,1510364818,1510364825,1,2,0,4,0,'','',''),(62,37,'111109470232_eEWMva',94,26,100.00,0.00,0.00,1510364822,1510364840,1,2,0,4,0,'','',''),(63,66,'111109474892_DB45N0',14,2,100.00,0.00,0.00,1510364868,1510364868,1,1,0,4,0,'','',''),(64,74,'111109482242_dU2XWO',88,24,100.00,0.00,0.00,1510364902,1512012199,1,3,0,4,0,'','113011231827_refund',''),(65,74,'111109500126_ph9s5_',116,30,100.00,0.00,0.00,1510365001,1512013125,1,3,0,4,0,'','113011384461_refund',''),(66,74,'111109524536_zSfmPA',101,17,100.00,0.00,0.00,1510365165,1510365173,1,2,0,4,0,'','',''),(67,37,'111109550286_GO-_wj',110,32,100.00,0.00,0.00,1510365302,1510365320,1,2,0,4,0,'','',''),(68,66,'111109554233_LrTDk-',67,20,100.00,0.00,0.00,1510365342,1512107709,1,3,0,4,0,'','120113550892_refund',''),(69,66,'111109561055_k3ukS6',106,18,100.00,0.00,0.00,1510365370,1512107903,1,3,0,4,0,'','120113582179_refund',''),(70,66,'111109564782_dU2XWO',88,24,100.00,0.00,0.00,1510365407,1510365416,1,2,0,4,0,'','',''),(71,37,'111109585619_K2TR9A',126,33,100.00,0.00,0.00,1510365536,1510365544,1,2,0,4,0,'','',''),(72,37,'111109591214_um0XzI',62,34,100.00,0.00,0.00,1510365552,1510365560,1,2,0,4,0,'','',''),(73,33,'111109594254_K2TR9A',126,33,100.00,0.00,0.00,1510365582,1510366043,1,5,0,4,0,'','',''),(74,66,'111109594747_ph9s5_',116,30,100.00,0.00,0.00,1510365587,1512013115,1,3,0,4,0,'','113011383473_refund',''),(75,37,'111110001014_p5eAHK',124,35,100.00,0.00,0.00,1510365610,1510365624,1,2,0,4,0,'','',''),(76,37,'111110002819_drp2K9',123,36,100.00,0.00,0.00,1510365628,1510365641,1,2,0,4,0,'','',''),(77,27,'111110005939_um0XzI',62,34,100.00,0.00,0.00,1510365659,1512013037,1,3,0,4,0,'','113011371626_refund',''),(78,66,'111110014731_um0XzI',62,34,100.00,0.00,0.00,1510365707,1513135307,1,3,0,4,0,'','121311214599_refund',''),(79,27,'111110020040_k3ukS6',106,18,100.00,0.00,0.00,1510365720,1512107924,1,3,0,4,0,'','120113584311_refund',''),(80,33,'111110035175_bM5QBa',127,37,100.00,0.00,0.00,1510365831,1510365841,1,2,0,4,0,'','',''),(81,37,'111110042556_bM5QBa',127,37,100.00,0.00,0.00,1510365865,1510365882,1,2,0,4,0,'','',''),(82,90,'111110064353_ph9s5_',116,30,100.00,0.00,0.00,1510366003,1512108651,1,3,0,4,0,'','120114105066_refund',''),(83,33,'111110065645_K2TR9A',126,33,100.00,0.00,0.00,1510366016,1510366024,1,2,0,4,0,'','',''),(84,27,'111110072350_dU2XWO',88,24,100.00,0.00,0.00,1510366043,1512012178,1,3,0,4,0,'','113011225745_refund',''),(85,66,'111110074313_K2TR9A',126,33,100.00,0.00,0.00,1510366063,1512012378,1,3,0,4,0,'','113011261787_refund',''),(86,27,'111110083565_K2TR9A',126,33,100.00,0.00,0.00,1510366115,1512012416,1,3,0,4,0,'','113011265564_refund',''),(87,74,'111110085587_K2TR9A',126,33,100.00,0.00,0.00,1510366135,1512012445,1,3,0,4,0,'','113011272425_refund',''),(88,74,'111110085683_mkf55Y',69,10,100.00,0.00,0.00,1510366136,1512011805,1,3,0,4,0,'','113011164446_refund',''),(89,33,'111110112561_ph9s5_',116,30,100.00,0.00,0.00,1510366285,1511933581,1,3,0,4,0,'','112913330052_refund',''),(90,33,'111110123062_YJIfS0',84,12,100.00,0.00,0.00,1510366350,1510366371,1,2,0,4,0,'花香四季团购','',''),(91,33,'111110150036_iRPW8C',66,7,100.00,0.00,0.00,1510366500,1510366506,1,2,0,4,0,'','',''),(92,33,'111110154164_p5eAHK',124,35,100.00,0.00,0.00,1510366541,1510366548,1,2,0,4,0,'','',''),(93,37,'111110161323_aM7TlL',64,40,100.00,0.00,0.00,1510366573,1510366581,1,2,0,4,0,'花香四季','',''),(94,33,'111110162169_EkeN_h',136,39,100.00,0.00,0.00,1510366581,1510366590,1,2,0,4,0,'','',''),(95,27,'111110171953_LrTDk-',67,20,100.00,0.00,0.00,1510366639,1512012253,1,3,0,4,0,'','113011241293_refund',''),(96,33,'111110184265_EkeN_h',136,39,100.00,0.00,0.00,1510366722,1511933566,1,3,0,4,0,'','112913324557_refund',''),(97,37,'111110192318_EkeN_h',136,39,100.00,0.00,0.00,1510366763,1510366770,1,2,0,4,0,'','',''),(98,74,'111110202496_EkeN_h',136,39,100.00,0.00,0.00,1510366824,1512012521,1,3,0,4,0,'','113011284072_refund',''),(99,27,'111110212860_EkeN_h',136,39,100.00,0.00,0.00,1510366888,1512012509,1,3,0,4,0,'','113011282885_refund',''),(100,29,'111110222013_aM7TlL',64,40,100.00,0.00,0.00,1510366940,1511162022,1,3,0,4,0,'','',''),(101,66,'111110223313_EkeN_h',136,39,100.00,0.00,0.00,1510366953,1512012499,1,3,0,4,0,'','113011281831_refund',''),(102,29,'111110254777_YJIfS0',84,12,100.00,0.00,0.00,1510367147,1510367178,1,2,0,4,0,'花香四季','',''),(103,37,'111110272745_jd8kxt',86,42,100.00,0.00,0.00,1510367247,1510367259,1,2,0,4,0,'','',''),(104,63,'111110274993_mkf55Y',69,10,100.00,0.00,0.00,1510367269,1513218690,1,3,0,4,0,'','121410312910_refund',''),(105,63,'111110280065_A-GvW9',60,8,100.00,0.00,0.00,1510367280,1511933396,1,3,0,4,0,'','',''),(106,71,'111110284742_aM7TlL',64,40,100.00,0.00,0.00,1510367327,1511162065,1,3,0,4,0,'','',''),(107,27,'111110295216_VYkup2',147,43,100.00,0.00,0.00,1510367392,1510367400,1,2,0,4,0,'','',''),(108,38,'111110320049_R3gpAB',25,4,0.10,0.00,0.00,1510367520,1510367530,1,2,0,4,0,'','',''),(109,38,'111110323138_R3gpAB',25,4,0.01,0.00,0.00,1510367551,1510367560,1,2,0,4,0,'','',''),(110,38,'111110325615_R3gpAB',25,4,0.01,0.00,0.00,1510367576,1510367586,1,2,0,4,0,'','',''),(111,38,'111110332775_R3gpAB',25,4,0.01,0.00,0.00,1510367607,1510367617,1,2,0,4,0,'','',''),(112,74,'111110334644_YJIfS0',84,12,100.00,0.00,0.00,1510367626,1512526377,1,3,0,4,0,'','120610125625_refund',''),(113,40,'111110350077_piSdOc',135,44,100.00,0.00,0.00,1510367700,1510367707,1,2,0,4,0,'小程序100抵用500，用款95折，送厨房防水','',''),(114,66,'111110352637_mkf55Y',69,10,100.00,0.00,0.00,1510367726,1512547052,1,3,0,4,0,'','120615573143_refund',''),(115,66,'111110365994_A-GvW9',60,8,100.00,0.00,0.00,1510367819,1512012765,1,3,0,4,0,'','113011324433_refund',''),(116,28,'111110385923_aM7TlL',64,40,100.00,0.00,0.00,1510367939,1511161658,1,3,0,4,0,'','',''),(117,37,'111110400014_YJIfS0',84,12,100.00,0.00,0.00,1510368000,1510368013,1,2,0,4,0,'','',''),(118,38,'111110424987_QUJe8e',149,45,0.02,0.00,0.00,1510368169,1510368176,1,2,0,1,0,NULL,'',''),(119,38,'111110432592_QUJe8e',149,45,0.01,0.00,0.00,1510368205,1510368215,1,2,0,1,0,NULL,'',''),(120,74,'111110441096_Hn8tdg',103,21,100.00,0.00,0.00,1510368250,1512107793,1,3,0,4,0,'','120113563231_refund',''),(121,38,'111110454761_QUJe8e',149,45,0.01,0.00,0.00,1510368347,1510368354,1,2,0,1,0,NULL,'',''),(122,38,'111110461819_QUJe8e',149,45,0.01,0.00,0.00,1510368378,1510368386,1,2,0,1,0,NULL,'',''),(123,37,'111110463519_StI1vn',131,46,100.00,0.00,0.00,1510368395,1510368422,1,2,0,4,0,'','',''),(124,37,'111110465627_-frY8Z',151,47,618.00,0.00,0.00,1510368416,1510368424,1,2,0,1,0,NULL,'',''),(125,38,'111110471959_R3gpAB',25,4,0.01,0.00,0.00,1510368439,1510368453,1,2,0,4,0,'','',''),(126,27,'111110474372_Hn8tdg',103,21,100.00,0.00,0.00,1510368463,1512107784,1,3,0,4,0,'','120113562327_refund',''),(127,38,'111110485511_R3gpAB',25,4,0.01,0.00,0.00,1510368535,1510368545,1,2,0,4,0,'','',''),(128,66,'111110491771_Hn8tdg',103,21,100.00,0.00,0.00,1510368557,1512013199,1,3,0,4,0,'','113011395853_refund',''),(129,38,'111110493184_R3gpAB',25,4,0.01,0.00,0.00,1510368571,1510368582,1,2,0,4,0,'','',''),(130,27,'111110502570_YJIfS0',84,12,100.00,0.00,0.00,1510368625,1512547039,1,3,0,4,0,'','120615571810_refund',''),(131,38,'111110502818_QUJe8e',149,45,0.01,0.00,0.00,1510368628,1510368649,1,2,0,1,0,NULL,'',''),(132,37,'111110504595_bLc03P',73,48,100.00,0.00,0.00,1510368645,1510368656,1,2,0,4,0,'','',''),(133,66,'111110505628_fenvlc',97,27,100.00,0.00,0.00,1510368657,1512107681,1,3,0,4,0,'','120113544076_refund',''),(134,27,'111110553677_StI1vn',131,46,100.00,0.00,0.00,1510368936,1512107843,1,3,0,4,0,'','120113572272_refund',''),(135,37,'111110554031_n0iSDr',90,38,100.00,0.00,0.00,1510368940,1510368993,1,2,0,4,0,'','',''),(136,38,'111110561156_R3gpAB',25,4,0.01,0.00,0.00,1510368971,1510368982,1,2,0,4,0,'','',''),(137,74,'111110562720_fenvlc',97,27,100.00,0.00,0.00,1510368987,1512012130,1,3,0,4,0,'','113011220998_refund',''),(138,37,'111110584660_PE9OS-',72,50,698.00,0.00,0.00,1510369126,1513245235,1,0,0,1,0,NULL,'',''),(139,33,'111110590984_StI1vn',131,46,100.00,0.00,0.00,1510369149,1510369156,1,2,0,4,0,'','',''),(140,27,'111110591019_fenvlc',97,27,100.00,0.00,0.00,1510369150,1512012117,1,3,0,4,0,'','113011215636_refund',''),(141,37,'111110592319_PE9OS-',72,50,100.00,0.00,0.00,1510369163,1510369171,1,2,0,4,0,'定金','',''),(142,66,'111111014950_rs-MLJ',71,53,100.00,0.00,0.00,1510369309,1512107573,1,3,0,4,0,'花香四季','120113525272_refund',''),(143,37,'111111015570_r4EyOR',109,54,100.00,0.00,0.00,1510369316,1510369334,1,2,0,4,0,'凤铝门窗订金','',''),(144,66,'111111030747_drp2K9',123,36,100.00,0.00,0.00,1510369387,1511246603,1,5,0,4,0,'','',''),(145,66,'111111035157_StI1vn',131,46,100.00,0.00,0.00,1510369431,1512107835,1,3,0,4,0,'','120113571493_refund',''),(146,66,'111111055213_drp2K9',123,36,100.00,0.00,0.00,1510369552,1512107637,1,3,0,4,0,'','120113535668_refund',''),(147,38,'111111065522_R3gpAB',25,4,0.01,0.00,0.00,1510369615,1510369630,1,2,0,4,0,'','',''),(148,38,'111111072426_R3gpAB',25,4,0.01,0.00,0.00,1510369644,1510369653,1,2,0,4,0,'','',''),(149,37,'111111092756_rs-MLJ',71,53,100.00,0.00,0.00,1510369767,1511933230,1,3,0,4,0,'','112913270938_refund',''),(150,74,'111111092762_StI1vn',131,46,100.00,0.00,0.00,1510369767,1512107825,1,3,0,4,0,'','120113570466_refund',''),(151,27,'111111121422_rs-MLJ',71,53,100.00,0.00,0.00,1510369934,1512107562,1,3,0,4,0,'','120113524110_refund',''),(152,74,'111111144045_drp2K9',123,36,100.00,0.00,0.00,1510370080,1512011893,1,3,0,4,0,'','113011181296_refund',''),(153,27,'111111145949_a_w1fv',181,55,100.00,0.00,0.00,1510370099,1510370114,1,2,0,4,0,'','',''),(154,74,'111111153644_rs-MLJ',71,53,100.00,0.00,0.00,1510370136,1512107551,1,3,0,4,0,'','120113523047_refund',''),(155,27,'111111183591_drp2K9',123,36,100.00,0.00,0.00,1510370315,1512011877,1,3,0,4,0,'','113011175667_refund',''),(156,33,'111111210445_rs-MLJ',71,53,100.00,0.00,0.00,1510370464,1510370473,1,2,0,4,0,'','',''),(157,38,'111111214177_R3gpAB',25,4,0.01,0.00,0.00,1510370501,1510370511,1,2,0,4,0,'','',''),(158,27,'111111345884_vIh867',79,29,100.00,0.00,0.00,1510371298,1512013166,1,3,0,4,0,'','113011392534_refund',''),(159,37,'111111353342_DdsQpe',186,56,100.00,0.00,0.00,1510371333,1511933209,1,3,0,4,0,'','112913264815_refund',''),(160,74,'111111354250_yC0eAj',83,41,100.00,0.00,0.00,1510371342,1512526398,1,3,0,4,0,'','120610131773_refund',''),(161,37,'111111371350_a_w1fv',181,55,100.00,0.00,0.00,1510371433,1510371452,1,2,0,4,0,'','',''),(162,66,'111111432179_-frY8Z',151,47,100.00,0.00,0.00,1510371801,1510371809,1,2,0,4,0,'8005','',''),(163,29,'111111483446__G5IPx',29,57,0.10,0.00,0.00,1510372114,1510372114,1,1,0,4,0,'','',''),(164,74,'111111505340_dnS80k',188,58,100.00,0.00,0.00,1510372253,1510372278,1,2,0,4,0,'','',''),(165,66,'111111510684_vIh867',79,29,100.00,0.00,0.00,1510372266,1512013156,1,3,0,4,0,'','113011391577_refund',''),(166,33,'111112020553_dnS80k',188,58,100.00,0.00,0.00,1510372925,1510372933,1,2,0,4,0,'','',''),(167,37,'111112040269_AmAj16',190,61,100.00,0.00,0.00,1510373042,1510373052,1,2,0,4,0,'','',''),(168,37,'111112114689_dnS80k',188,58,100.00,0.00,0.00,1510373506,1510373515,1,2,0,4,0,'','',''),(169,27,'111112181118_dnS80k',188,58,100.00,0.00,0.00,1510373891,1510373900,1,2,0,4,0,'','',''),(170,37,'111112203415_KR_4gD',195,62,100.00,0.00,0.00,1510374034,1510374049,1,2,0,4,0,'','',''),(171,66,'111112242113_dnS80k',188,58,100.00,0.00,0.00,1510374261,1510374271,1,2,0,4,0,'','',''),(172,38,'111112252692_R3gpAB',25,4,0.02,0.00,0.00,1510374326,1510374336,1,2,0,1,0,NULL,'',''),(173,37,'111112373822_lngikP',197,63,100.00,0.00,0.00,1510375058,1513424403,1,6,0,4,0,'','',''),(174,37,'111113102849_VN7CX1',199,64,100.00,0.00,0.00,1510377028,1511161481,1,3,0,4,0,'','',''),(175,63,'111113174179_KR_4gD',195,62,100.00,0.00,0.00,1510377461,1510377468,1,2,0,4,0,'','',''),(176,30,'111113201048_n-TcwJ',5,1,0.01,0.00,0.00,1510377610,1513242579,1,3,0,1,0,NULL,'121417093885_refund',''),(177,27,'111113341899_jdsOpV',200,65,100.00,0.00,0.00,1510378458,1513591053,1,6,0,4,0,'','',''),(178,27,'111114021596_EQNZok',162,66,100.00,0.00,0.00,1510380135,1510380135,1,1,0,4,0,'','',''),(179,63,'111114371425_RRd-W3',207,68,100.00,0.00,0.00,1510382234,1510382244,1,2,0,1,0,NULL,'',''),(180,27,'111115093855_NjWtoa',156,69,100.00,0.00,0.00,1510384178,1510384184,1,2,0,4,0,'','',''),(181,24,'111115135919_d-OYrF',141,70,100.00,0.00,0.00,1510384439,1510384451,1,2,0,4,0,'定金','',''),(182,24,'111116084133_ECb2Lo',210,71,100.00,0.00,0.00,1510387721,1510801970,1,2,0,4,0,'定金','',''),(183,37,'111119372913_onH2D3',221,73,100.00,0.00,0.00,1510400249,1510400256,1,2,0,4,0,'','',''),(184,38,'111120084772_R3gpAB',25,4,0.01,0.00,0.00,1510402127,1510402141,1,2,0,4,0,'','',''),(185,38,'111120122853_UjPlxS',39,75,0.02,0.00,0.00,1510402348,1510402357,1,2,0,1,0,NULL,'',''),(186,37,'111122581289_uXC8BY',217,74,100.00,0.00,0.00,1510412292,1510412304,1,2,0,4,0,'9-2-104','',''),(187,63,'111210450873_gXu3y_',255,76,600.00,0.00,0.00,1510454708,1510454708,1,1,0,1,0,NULL,'',''),(188,24,'111211021748_GJVGjO',288,77,100.00,0.00,0.00,1510455737,1510455737,1,1,0,4,0,'','',''),(189,24,'111211021882_r5wHGu',289,78,100.00,0.00,0.00,1510455738,1510455738,1,1,0,4,0,'门窗定金','',''),(190,24,'111211034935_r5wHGu',289,78,100.00,0.00,0.00,1510455829,1510455838,1,2,0,4,0,'门窗定金','',''),(191,24,'111211045174_r5wHGu',289,78,100.00,0.00,0.00,1510455891,1510455891,1,1,0,4,0,'门窗定金','',''),(192,44,'111310340842_OZk8zJ',28,80,0.01,0.00,0.00,1510540448,1513048720,1,0,0,4,0,'','',''),(193,30,'111311265232_ahu0Ke',7,81,0.01,0.00,0.00,1510543612,1513131812,1,3,0,1,0,NULL,'121310233118_refund',''),(194,38,'111312180563_jph74P',26,5,100.00,0.00,0.00,1510546685,1510546685,1,1,0,4,0,'','',''),(195,38,'111314045768_i8WtyE',302,82,200.00,0.00,0.00,1510553097,1510909374,1,0,0,1,0,NULL,'',''),(196,37,'111314144070_i8WtyE',302,82,1854.00,0.00,0.00,1510553680,1510909422,1,0,0,1,0,NULL,'',''),(197,37,'111314181752_i8WtyE',302,82,618.00,0.00,0.00,1510553897,1510909419,1,0,0,1,0,NULL,'',''),(198,91,'111409455557_Wc9zmX',15,84,3000.00,0.00,0.00,1510623955,1510624128,1,5,0,5,0,'','',''),(199,27,'111409462651_Wc9zmX',15,84,300.00,0.00,0.00,1510623986,1510623986,1,1,0,5,0,'','',''),(200,27,'111413224910_Wc9zmX',15,84,100.00,0.00,0.00,1510636969,1510636969,1,1,0,4,0,'','',''),(201,27,'111413231572_Wc9zmX',15,84,14850.00,0.00,0.00,1510636995,1510636995,1,1,0,1,0,NULL,'',''),(202,38,'111414301663_n-TcwJ',5,1,0.01,0.00,0.00,1510641016,1513242572,1,3,0,4,0,'','121417093196_refund',''),(203,38,'111414421448_i8WtyE',302,82,0.04,0.00,0.00,1510641734,1510820487,1,0,0,4,0,'','',''),(204,37,'111513384092_gmPcs3',166,86,798.00,0.00,0.00,1510724320,1510812931,1,3,0,1,0,NULL,'',''),(205,37,'111514020527_gmPcs3',166,86,100.00,0.00,0.00,1510725725,1510725734,1,2,0,1,0,NULL,'',''),(206,38,'111517502011_n-TcwJ',5,1,200.00,0.00,0.00,1510739420,1510739420,1,1,1,1,0,NULL,'',''),(207,37,'111517502099_n-TcwJ',5,1,1236.00,0.00,0.00,1510739420,1510739420,1,1,1,1,0,NULL,'',''),(208,38,'111523064889_LJHOtA',461,88,0.01,0.00,0.00,1510758408,1510758408,1,1,0,4,0,'','',''),(209,38,'111611245782_n-TcwJ',5,1,0.01,0.00,0.00,1510802697,1513241947,1,3,0,5,0,'','121416590683_refund',''),(210,91,'111616283421_i8WtyE',302,82,0.01,0.00,0.00,1510820914,1510821077,1,0,0,5,0,'','',''),(211,37,'111713350770_i8WtyE',302,82,0.02,0.00,0.00,1510896907,1510909416,1,0,0,4,0,'测试','',''),(212,37,'111714122393_i8WtyE',302,82,0.03,0.00,0.00,1510899143,1510909409,1,0,0,4,0,'测试退款','111714130842_refund',''),(213,37,'111714274370_i8WtyE',302,82,0.03,0.00,0.00,1510900063,1510909412,1,0,0,4,0,'ceshi bug','111717002825_refund',''),(214,37,'111714314514_i8WtyE',302,82,0.04,0.00,0.00,1510900305,1510909406,1,0,0,4,0,'ceshi bug 2','111717002068_refund',''),(215,37,'111714405632_i8WtyE',302,82,0.01,0.00,0.00,1510900856,1510909402,1,0,0,4,0,'ceshi','111717001017_refund',''),(216,37,'111714473523_i8WtyE',302,82,0.01,0.00,0.00,1510901255,1510909399,1,0,0,4,0,'ceshi1','111716595869_refund',''),(217,37,'111714483953_i8WtyE',302,82,0.04,0.00,0.00,1510901319,1510902170,1,0,0,5,0,'qunkuanceshi','',''),(218,37,'111714491960_i8WtyE',302,82,0.01,0.00,0.00,1510901359,1510909395,1,0,0,5,0,'qcs','111714520878_refund',''),(219,37,'111714541867_i8WtyE',302,82,0.02,0.00,0.00,1510901658,1510909392,1,0,0,4,0,'测试','111714550346_refund',''),(220,38,'111717131335_i8WtyE',302,82,200.00,0.00,0.00,1510909993,1511412134,1,0,2,1,0,NULL,'',''),(221,37,'111717142627_i8WtyE',302,82,618.00,0.00,0.00,1510910066,1511412070,1,0,3,1,0,NULL,'',''),(222,38,'111717142657_i8WtyE',302,82,100.00,0.00,0.00,1510910066,1511412131,1,0,3,1,0,NULL,'',''),(223,38,'111717284676943_i8WtyE',302,82,0.02,0.00,0.00,1510910926,1511412127,1,0,0,4,0,'','',''),(224,28,'111721010641518_pof4vM',491,89,100.00,0.00,0.00,1510923666,1510923673,1,2,0,1,0,NULL,'',''),(225,49,'11181107557519_DgXnpl',266,91,100.00,0.00,0.00,1510974475,1510974483,1,2,0,1,0,NULL,'',''),(226,49,'111823273536576_KR_4gD',195,62,100.00,0.00,0.00,1511018855,1513142572,1,3,0,4,0,'','121313225125_refund',''),(227,42,'111914574398126_b_bkyL',512,92,100.00,0.00,0.00,1511074663,1511074678,1,2,0,4,0,'','',''),(228,27,'112014490091947_OZk8zJ',28,80,0.01,0.00,0.00,1511160540,1511941034,1,0,0,4,0,'','112910543841_refund',''),(229,30,'11210956003469_OZk8zJ',28,80,0.01,0.00,0.00,1511229360,1511919662,1,0,0,4,0,'','112109574438_refund',''),(230,27,'112109584286181_OZk8zJ',28,80,0.01,0.00,0.00,1511229522,1511919660,1,0,0,4,0,'','112109591896_refund',''),(231,38,'11211451276394_i8WtyE',302,82,300.00,0.00,0.00,1511247087,1511412123,1,0,0,1,0,NULL,'',''),(232,37,'112115094477635_i8WtyE',302,82,1236.00,0.00,0.00,1511248184,1511407486,1,0,0,1,0,NULL,'',''),(233,38,'11211521539948_n-TcwJ',5,1,300.00,0.00,0.00,1511248913,1511248913,1,1,0,1,0,NULL,'',''),(234,30,'112116525895260_j8O5cL',3,85,0.01,0.00,0.00,1511254378,1511254462,4,2,0,1,0,NULL,'',''),(235,37,'112116544030956_i8WtyE',302,82,0.01,0.00,0.00,1511254480,1511924069,1,0,0,4,0,'订金youhui全款','112910542871_refund',''),(236,30,'112117165998544_j8O5cL',3,85,0.01,0.00,0.00,1511255819,1511256028,4,2,0,1,0,NULL,'',''),(237,30,'112117181340117_j8O5cL',3,85,0.01,0.00,0.00,1511255893,1511256039,4,2,0,1,0,NULL,'',''),(238,30,'112117183946294_j8O5cL',3,85,0.01,0.00,0.00,1511255919,1511256052,4,2,0,1,0,NULL,'',''),(239,30,'112117190398161_j8O5cL',3,85,0.01,0.00,0.00,1511255943,1511256066,4,2,0,1,0,NULL,'',''),(240,37,'112117462896562_i8WtyE',302,82,0.99,0.01,0.00,1511257589,1511412064,1,0,0,5,0,'','',''),(241,37,'112118155821853_i8WtyE',302,82,0.99,0.00,0.00,1511259358,1511412060,1,0,0,5,0,'','',''),(242,37,'112118260817919_i8WtyE',302,82,0.99,0.00,0.00,1511259968,1511412055,1,0,0,5,0,'','',''),(243,37,'112118312057567_i8WtyE',302,82,0.99,0.01,0.00,1511260280,1511924054,1,0,0,5,0,'','112910541376_refund',''),(244,37,'112118464044577_i8WtyE',302,82,0.01,0.00,0.00,1511261200,1511924044,1,0,0,4,0,'DIYI','112910540374_refund',''),(245,37,'112118471710602_i8WtyE',302,82,0.02,0.00,0.00,1511261237,1511924034,1,0,0,4,0,'','112910535318_refund',''),(246,37,'112118490795469_i8WtyE',302,82,0.98,0.02,0.00,1511261347,1511923995,1,0,0,5,0,'','112910531464_refund',''),(247,37,'112118495424182_i8WtyE',302,82,0.99,0.01,0.00,1511261394,1511923976,1,0,0,5,0,'','112910525589_refund',''),(248,37,'112209095568693_i8WtyE',302,82,0.10,0.00,0.00,1511312995,1511923960,1,0,0,4,0,'测试dep','112910523963_refund','11220912238941_i8WtyE'),(249,37,'11220912238941_i8WtyE',302,82,1.00,0.10,0.00,1511313143,1511923947,1,0,0,5,0,'ceshi','112910522632_refund','112209095568693_i8WtyE'),(250,37,'112209144780605_i8WtyE',302,82,0.10,0.00,0.00,1511313287,1511923936,1,0,0,4,0,'ceshi1','112910521557_refund','112209425019582_i8WtyE'),(251,37,'112209152673941_i8WtyE',302,82,1.00,0.00,0.00,1511313326,1511923886,1,0,0,5,0,'','112910512522_refund',''),(252,37,'112209165791951_i8WtyE',302,82,0.90,0.00,0.00,1511313417,1511412047,1,0,0,5,0,'','',''),(253,37,'112209425019582_i8WtyE',302,82,0.90,0.10,0.00,1511314970,1511923869,1,0,0,5,0,'','112910510838_refund','112209144780605_i8WtyE'),(254,37,'112209433112896_i8WtyE',302,82,0.10,0.00,0.00,1511315011,1511923830,1,0,0,4,0,'ceshi','112910502985_refund','11220944035752_i8WtyE'),(255,37,'11220944035752_i8WtyE',302,82,0.90,0.10,0.00,1511315043,1511923811,1,0,0,5,0,'','112910501127_refund','112209433112896_i8WtyE'),(256,37,'112209511723359_i8WtyE',302,82,0.01,0.00,0.00,1511315477,1511923793,1,0,0,4,0,'','112910495230_refund','112210512370199_i8WtyE'),(257,37,'112210503138255_i8WtyE',302,82,0.50,0.00,0.00,1511319031,1511923780,1,0,0,1,0,NULL,'112910493971_refund',''),(258,37,'112210512370199_i8WtyE',302,82,0.50,0.01,0.00,1511319083,1511411985,1,0,0,1,0,NULL,'','112209511723359_i8WtyE'),(259,37,'112210554068899_i8WtyE',302,82,0.10,0.00,0.00,1511319340,1511923757,1,0,0,4,0,'ces','112910491640_refund','112211000241802_i8WtyE'),(260,37,'112211000241802_i8WtyE',302,82,0.50,0.10,0.00,1511319602,1511923743,1,0,0,1,0,NULL,'112910490223_refund','112210554068899_i8WtyE'),(261,37,'112211030419722_i8WtyE',302,82,0.01,0.00,0.00,1511319784,1511923726,1,0,0,4,0,'ces','112910484527_refund','11221103432540_i8WtyE'),(262,37,'11221103432540_i8WtyE',302,82,0.99,0.01,0.00,1511319823,1511923674,1,0,0,1,0,NULL,'112910475335_refund','112211030419722_i8WtyE'),(263,29,'112211310792788_OZk8zJ',28,80,0.12,0.00,0.00,1511321467,1511919659,1,0,0,4,0,'','112212160320_refund',''),(264,29,'112211345779510_OZk8zJ',28,80,0.10,0.00,0.00,1511321697,1511919656,1,0,0,4,0,'','112417181072_refund',''),(265,37,'112217084539855_i8WtyE',302,82,0.10,0.10,0.00,1511341725,1511923653,1,0,0,4,0,'','112910473227_refund','112217202793217_i8WtyE'),(266,37,'112217202793217_i8WtyE',302,82,0.20,0.20,0.00,1511342427,1511923614,1,0,0,5,0,'','112910465377_refund','112217084539855_i8WtyE'),(267,37,'112217262151330_i8WtyE',302,82,0.10,0.10,0.00,1511342781,1511923602,1,0,0,4,0,'cesd','112910464114_refund','112217282943851_i8WtyE'),(268,37,'112217282943851_i8WtyE',302,82,0.30,0.20,0.00,1511342909,1511923539,1,0,0,1,0,NULL,'112910453853_refund','112217262151330_i8WtyE'),(269,30,'1124102139811_SYnUyT',43,93,0.01,0.00,0.00,1511490099,1511763060,1,0,0,1,0,NULL,'112410255711_refund',''),(270,38,'112410510873147_i8WtyE',302,82,0.01,0.00,0.00,1511491868,1511491868,1,0,0,4,0,'','',''),(271,38,'112410542285634_n-TcwJ',5,1,0.01,0.00,0.00,1511492062,1511492062,1,1,0,4,0,'','',''),(272,37,'112411005844566_n-TcwJ',5,1,0.10,0.10,0.00,1511492458,1511492458,1,1,0,4,0,'','',''),(273,37,'112411012323914_n-TcwJ',5,1,0.10,0.10,0.00,1511492483,1513245215,1,0,0,4,0,'','',''),(274,27,'112411021152448_n-TcwJ',5,1,0.01,0.00,0.00,1511492531,1513242180,1,5,0,4,0,'','121416565790_refund',''),(275,37,'112414380910713_n-TcwJ',5,1,0.10,0.10,0.00,1511505489,1513245211,1,0,0,4,0,'','',''),(276,38,'112414435910604_SYnUyT',43,93,100.00,0.00,0.00,1511505839,1511922707,1,3,0,1,0,NULL,'112910314635_refund',''),(277,29,'112414504239872_OZk8zJ',28,80,0.10,0.10,0.00,1511506242,1511941036,1,0,0,4,0,'','112910452296_refund',''),(278,37,'112414590689536_n-TcwJ',5,1,0.10,0.10,0.00,1511506746,1513242204,1,3,0,4,0,'','121417032363_refund',''),(279,37,'11281557089036_n-TcwJ',5,1,0.10,0.10,0.00,1511855828,1513245151,1,0,0,4,0,'','',''),(280,37,'112815571889877_n-TcwJ',5,1,1316.00,0.00,0.00,1511855838,1513245009,1,0,0,1,0,NULL,'',''),(281,93,'112816483769977_OZk8zJ',28,80,0.02,0.00,0.00,1511858917,1511941032,1,0,0,3,2,NULL,'112910444925_refund',''),(282,93,'112816495353246_SYnUyT',43,93,0.02,0.00,0.00,1511858993,1511923190,1,3,0,3,2,NULL,'112910394950_refund',''),(283,93,'112816505942587_-l2fLl',560,94,0.02,0.00,0.00,1511859059,1511946615,1,3,0,3,2,NULL,'112917101467_refund',''),(284,93,'11281651576827_MN0KEX',556,95,0.02,0.00,0.00,1511859117,1511946627,1,3,0,3,2,NULL,'112917102653_refund',''),(285,30,'112914423034693_SYnUyT',43,93,0.10,0.00,0.00,1511937750,1512625239,1,0,0,3,3,NULL,'120713403170_refund',''),(286,30,'112914425262576_MN0KEX',556,95,0.10,0.00,0.00,1511937772,1512615433,1,0,0,3,3,NULL,'120114035939_refund',''),(287,93,'112914565857138_i8WtyE',302,82,0.02,0.00,0.00,1511938618,1511938618,1,0,0,3,2,NULL,'',''),(288,93,'11291536144344_OZk8zJ',28,80,0.01,0.00,0.00,1511940974,1511941084,1,0,0,3,4,NULL,'',''),(289,93,'112915381251513_OZk8zJ',28,80,0.01,0.00,0.00,1511941092,1512024073,1,0,0,3,4,NULL,'113010351349_refund',''),(290,29,'11291539151467_OZk8zJ',28,80,0.10,0.10,0.00,1511941155,1511941942,1,0,0,4,0,'','',''),(291,93,'112915481531742_SYnUyT',43,93,0.01,0.00,0.00,1511941695,1512108227,1,3,0,3,4,NULL,'120114034646_refund',''),(292,93,'112915482415774_-l2fLl',560,94,0.01,0.00,0.00,1511941704,1511946567,1,4,0,3,4,NULL,'',''),(293,93,'112915500464786_i8WtyE',302,82,0.01,0.00,0.00,1511941804,1511941804,1,0,0,3,4,NULL,'',''),(294,42,'113010103661412_OZk8zJ',28,80,0.01,0.00,0.00,1512007836,1512007982,1,0,0,3,5,NULL,'113010125282_refund',''),(295,42,'113010111987464_OZk8zJ',28,80,0.01,0.00,0.00,1512007879,1512007979,1,0,0,3,5,NULL,'113010123648_refund',''),(296,30,'120410450230159_OZk8zJ',28,80,0.10,0.00,0.00,1512355502,1512615983,1,0,0,3,3,NULL,'120710572891_refund',''),(297,27,'120709335039557_Xc_AYY',11,99,15145.00,0.00,0.00,1512610430,1512610430,1,1,4,1,0,NULL,'',''),(298,93,'120709335065211_Xc_AYY',11,99,355.00,0.00,0.00,1512610430,1512610430,1,1,4,1,0,NULL,'',''),(299,37,'12070933501524_Xc_AYY',11,99,2094.00,0.00,0.00,1512610430,1512610430,1,1,4,1,0,NULL,'',''),(300,98,'121015055674235_SYnUyT',43,93,100.00,0.00,0.00,1512889556,1513050041,1,3,0,3,7,NULL,'121211404044_refund',''),(301,98,'121015081869503_cKFfKd',793,100,100.00,0.00,0.00,1512889698,1512889713,1,2,0,3,7,NULL,'',''),(302,98,'121018593171996_SSn2GY',801,101,100.00,0.00,0.00,1512903571,1512903581,1,2,0,3,7,NULL,'',''),(303,98,'121116373527498_tyUzK3',763,102,100.00,0.00,0.00,1512981455,1512981464,1,2,0,3,7,NULL,'',''),(304,98,'12111644187657_u267Ma',396,96,100.00,0.00,0.00,1512981858,1513587448,1,0,0,3,7,NULL,'',''),(305,98,'121116460388208_WB669e',816,104,100.00,0.00,0.00,1512981963,1512981980,1,2,0,3,7,NULL,'',''),(306,93,'121211161678233_OZk8zJ',28,80,0.01,0.00,0.00,1513048576,1513048715,1,0,0,4,0,'','121211182026_refund',''),(307,37,'121214495263922_i8WtyE',302,82,0.10,0.10,0.00,1513061392,1513147325,1,0,0,4,0,'','','121314420574890_i8WtyE'),(308,37,'121214561613247_i8WtyE',302,82,0.10,0.10,0.00,1513061776,1513241140,1,0,0,4,0,'','121416453922_refund',''),(309,37,'121215140499695_i8WtyE',302,82,0.10,0.10,0.00,1513062844,1513241131,1,0,0,4,0,'','121416453016_refund',''),(310,37,'121215165534439_i8WtyE',302,82,0.10,0.10,0.00,1513063015,1513063015,1,0,0,4,0,'','',''),(311,37,'121215205530408_i8WtyE',302,82,0.10,0.10,0.00,1513063255,1513063255,1,0,0,4,0,'','',''),(312,37,'121215220465695_i8WtyE',302,82,0.10,0.10,0.00,1513063324,1513241125,1,0,0,4,0,'','121416452494_refund',''),(313,37,'121215230240676_i8WtyE',302,82,0.10,0.10,0.00,1513063382,1513063382,1,0,0,4,0,'','',''),(314,37,'12121645171143_i8WtyE',302,82,0.10,0.10,0.00,1513068317,1513241117,1,0,0,4,0,'','121416451680_refund',''),(315,37,'121216463270855_i8WtyE',302,82,0.10,0.10,0.00,1513068392,1513241098,1,0,0,4,0,'','121416445787_refund',''),(316,37,'121216491650126_i8WtyE',302,82,0.10,0.10,0.00,1513068556,1513241091,1,0,0,4,0,'','121416445013_refund',''),(317,37,'121216500281314_i8WtyE',302,82,0.10,0.10,0.00,1513068602,1513241083,1,0,0,4,0,'','121416444261_refund',''),(318,37,'12121651033414_i8WtyE',302,82,0.10,0.10,0.00,1513068663,1513241076,1,0,0,4,0,'','121416443510_refund',''),(319,37,'121216553538549_i8WtyE',302,82,0.10,0.10,0.00,1513068935,1513241069,1,0,0,4,0,'','121416442834_refund',''),(320,37,'121216562856520_i8WtyE',302,82,0.10,0.10,0.00,1513068988,1513241063,1,0,0,4,0,'','121416442247_refund',''),(321,37,'121216570960105_i8WtyE',302,82,0.10,0.10,0.00,1513069029,1513241056,1,0,0,4,0,'','121416441537_refund',''),(322,37,'121217070120932_i8WtyE',302,82,0.10,0.10,0.00,1513069621,1513241049,1,0,0,4,0,'','121416440825_refund',''),(323,37,'121217144753552_i8WtyE',302,82,0.10,0.10,0.00,1513070087,1513241043,1,0,0,4,0,'','121416440227_refund',''),(324,37,'12121721136648_i8WtyE',302,82,0.10,0.10,0.00,1513070473,1513241037,1,0,0,4,0,'','121416435635_refund',''),(325,37,'121217383047665_i8WtyE',302,82,0.10,0.10,0.00,1513071510,1513241030,1,0,0,4,0,'','121416434930_refund',''),(326,37,'121217392823397_i8WtyE',302,82,0.10,0.10,0.00,1513071568,1513241021,1,0,0,4,0,'测试','121416433991_refund',''),(327,37,'121217433934612_i8WtyE',302,82,0.10,0.10,0.00,1513071819,1513240981,1,0,0,4,0,'','121416425995_refund',''),(328,37,'121217461926316_i8WtyE',302,82,0.10,0.10,0.00,1513071979,1513240971,1,0,0,4,0,'','121416425070_refund',''),(329,37,'121218023987162_i8WtyE',302,82,0.10,0.10,0.00,1513072959,1513240962,1,0,0,4,0,'','121416424150_refund',''),(330,26,'121309441345929_SYnUyT',43,93,1.00,0.00,0.00,1513129453,1513129453,1,1,0,4,0,'','',''),(331,26,'121309443387643_SYnUyT',43,93,1.00,0.00,0.00,1513129473,1513129478,1,2,0,4,0,'','',''),(332,24,'121310315187740_SYnUyT',43,93,100.00,0.00,0.00,1513132311,1513132311,1,1,0,4,0,'管家帮','',''),(333,98,'121310330037943_SYnUyT',43,93,8.00,0.00,0.00,1513132380,1513132387,1,2,0,1,0,NULL,'',''),(334,98,'121311034953106_OZk8zJ',28,80,0.01,0.00,0.00,1513134229,1513135078,1,3,0,4,0,'','121311175753_refund',''),(335,98,'121314214860523_OZk8zJ',28,80,0.01,0.00,0.00,1513146108,1513587418,1,3,0,4,0,'','121816565763_refund',''),(336,42,'12131422442780_OZk8zJ',28,80,0.01,0.00,0.00,1513146164,1514252654,1,5,0,4,0,'','121811311677_refund',''),(337,37,'121314321587822_i8WtyE',302,82,0.10,0.10,0.00,1513146735,1513240917,1,0,0,4,0,'','121416415683_refund',''),(338,37,'12131438485690_i8WtyE',302,82,0.10,0.10,0.00,1513147128,1513238544,1,0,0,4,0,'','121416022318_refund',''),(339,37,'121314420574890_i8WtyE',302,82,0.10,0.20,0.00,1513147325,1513238508,1,0,0,5,0,'','121416014774_refund','121214495263922_i8WtyE'),(340,74,'121314453227451_OZk8zJ',28,80,0.01,0.00,0.00,1513147532,1513579974,2,3,0,4,0,'','121409463686_refund',''),(341,95,'12131817075422_O3ntVl',824,105,100.00,0.00,0.00,1513160227,1513160233,1,2,0,4,0,'林内烟机灶具套餐订金','',''),(342,38,'121417175697898_n-TcwJ',5,98,0.10,0.00,0.00,1513243076,1513243145,1,3,0,4,0,'','121417190424_refund',''),(343,38,'12141719437525_n-TcwJ',5,98,0.02,0.00,0.00,1513243183,1513304573,1,3,0,4,0,'','121510225267_refund',''),(344,26,'121509511476732_u267Ma',396,96,0.01,0.00,0.00,1513302674,1513304562,1,3,0,4,0,'','121510224162_refund',''),(345,37,'121513343791322_ha0msP',784,106,99.90,0.10,0.00,1513316077,1513316086,1,2,0,4,0,'','',''),(346,98,'121619370393862_F33anb',287,107,100.00,0.00,0.00,1513424223,1513424231,1,2,0,3,7,NULL,'',''),(347,38,'121621001984229_ebw_BC',117,31,10.00,0.00,0.00,1513429219,1513429219,1,1,0,4,0,'','',''),(348,84,'12162100574796_ebw_BC',117,31,100.00,0.00,0.00,1513429257,1513429257,1,1,0,4,0,'','',''),(349,84,'121621041192738_PzpFR4',853,108,100.00,0.00,0.00,1513429451,1513429451,1,1,0,4,0,'','',''),(350,98,'121810000282383_RbIHz6',863,111,100.00,0.00,0.00,1513562402,1513562410,1,2,0,3,8,NULL,'',''),(351,84,'121810083295447_X0B1rv',864,112,1.00,0.00,0.00,1513562912,1513562912,1,1,0,4,0,'','',''),(352,98,'121810133852337_brUhPz',167,113,100.00,0.00,0.00,1513563218,1513563230,1,2,0,3,8,NULL,'',''),(353,84,'121810181615875_HYXEm0',400,114,100.00,0.00,0.00,1513563496,1513563496,1,1,0,4,0,'','',''),(354,98,'12181045253937_B9XiZ1',343,109,100.00,0.00,0.00,1513565125,1513565131,1,2,0,3,8,NULL,'',''),(355,38,'12181125135849_OZk8zJ',28,80,0.01,0.00,0.00,1513567513,1514252648,1,5,0,4,0,'','121811302423_refund',''),(356,98,'121811355772565_ZWwQ9R',242,110,100.00,0.00,0.00,1513568157,1513568165,1,2,0,3,8,NULL,'',''),(357,24,'121811405141414_OZk8zJ',28,80,0.01,0.00,0.00,1513568451,1514252645,1,5,0,4,0,'','',''),(358,24,'121811412615612_OZk8zJ',28,80,0.01,0.00,0.00,1513568486,1514252638,1,5,0,4,0,'','121811455867_refund',''),(359,98,'1218125723654_c0XZCS',809,115,100.00,0.00,0.00,1513573043,1513575308,1,2,0,3,8,NULL,'',''),(360,74,'121814150688789_OZk8zJ',28,80,0.01,0.00,0.00,1513577706,1514252636,3,9,0,4,0,'','',''),(361,33,'121815012686939_OZk8zJ',28,80,0.01,0.00,0.00,1513580486,1513827124,1,3,0,4,0,'','122111320377_refund',''),(362,101,'121817021438333_OZk8zJ',28,80,0.01,0.00,0.00,1513587734,1514252632,1,5,0,3,10,NULL,'122111315278_refund',''),(363,38,'121916095019502_i8WtyE',302,82,200.00,0.00,0.00,1513670990,1514251168,1,9,0,1,0,NULL,'',''),(364,98,'121921211996380_NjDvm7',767,120,100.00,0.00,0.00,1513689679,1513689705,1,2,0,3,9,NULL,'',''),(365,32,'12201108231943_OZk8zJ',28,80,0.01,0.00,0.00,1513739303,1514207913,1,6,0,4,0,'','',''),(366,98,'122110123947266_nM2cGn',775,103,100.00,0.00,0.00,1513822359,1513822370,1,2,0,3,9,NULL,'',''),(367,98,'122112565897914_b_bkyL',512,92,100.00,0.00,0.00,1513832218,1513832229,1,2,0,3,9,NULL,'',''),(368,95,'122215575214105_SYnUyT',43,93,1.00,0.00,0.00,1513929472,1513929478,1,2,0,4,0,'','',''),(369,101,'122216003313296_SYnUyT',43,93,1.00,0.00,0.00,1513929633,1513929639,1,2,0,4,0,'','',''),(370,66,'122216115213189_i8WtyE',302,82,0.10,0.00,0.00,1513930312,1514251283,1,9,0,4,0,'ces','122609210238_refund',''),(371,66,'122216171171961_i8WtyE',302,82,0.01,0.00,0.00,1513930631,1514251397,1,5,0,4,0,'ceshi','122609230587_refund',''),(372,74,'122216211293477_i8WtyE',302,82,0.01,0.00,0.00,1513930872,1514281311,1,3,0,4,0,'厕所','122617415071_refund',''),(373,98,'12231422315737_USUxdX',758,121,100.00,0.00,0.00,1514010151,1514010158,1,2,0,3,9,NULL,'',''),(374,98,'122315473228149_Ni8E0u',789,122,100.00,0.00,0.00,1514015252,1514015261,1,2,0,3,9,NULL,'',''),(375,74,'122513542257696_i8WtyE',302,82,0.10,0.00,0.00,1514181262,1514281302,1,3,0,4,0,'','122617414161_refund',''),(376,33,'122514044389197_n-TcwJ',5,98,304.00,0.00,0.00,1514181883,1514181883,1,1,0,1,0,NULL,'',''),(377,24,'122514070310218_n-TcwJ',5,98,0.01,0.00,0.00,1514182023,1514182023,1,1,0,4,0,'','',''),(378,103,'12251456098323_i8WtyE',302,82,0.04,0.00,0.00,1514184969,1514185242,1,0,0,1,0,NULL,'122515004116_refund',''),(379,103,'122515020989731_i8WtyE',302,82,0.04,0.00,0.00,1514185329,1514251933,4,0,0,1,0,NULL,'',''),(380,103,'122516321064748_OZk8zJ',28,80,0.01,0.00,0.00,1514190730,1514274658,1,0,0,4,0,'','122615505759_refund',''),(381,103,'122521171224815_OZk8zJ',28,80,0.02,0.00,0.00,1514207832,1514274650,1,0,0,1,0,NULL,'122615504982_refund',''),(382,103,'12252118106438_OZk8zJ',28,80,0.01,0.00,0.00,1514207890,1514251433,3,0,0,4,0,'','',''),(383,27,'122609243048774_OZk8zJ',28,80,0.01,0.00,0.00,1514251470,1514251483,1,6,0,4,0,'','',''),(384,103,'12260927526339_i8WtyE',302,82,0.04,0.00,0.00,1514251672,1514251699,1,0,0,1,0,NULL,'',''),(385,103,'122609464261621_OZk8zJ',28,80,0.01,0.00,0.00,1514252802,1514252858,2,0,0,1,0,NULL,'',''),(386,91,'122609471157948_OZk8zJ',28,80,0.01,0.00,0.00,1514252831,1514252838,1,2,0,4,0,'','',''),(387,75,'122611032186402_SYnUyT',43,93,1.00,0.00,0.00,1514257401,1514257464,1,2,0,3,12,NULL,'',''),(388,75,'12261113318579_MN0KEX',556,95,1.00,0.00,0.00,1514258011,1514258020,1,2,0,3,12,NULL,'',''),(389,98,'122616002456416_qppsUg',452,124,100.00,0.00,0.00,1514275224,1514275233,1,2,0,3,13,NULL,'',''),(390,103,'122616083822597_N2RdXi',198,119,0.01,0.00,0.00,1514275718,1514280030,1,0,0,1,0,NULL,'',''),(391,103,'122616273052665_N2RdXi',198,119,0.01,0.00,0.00,1514276850,1514279921,1,5,0,1,0,NULL,'122616493361_refund',''),(392,103,'122616445742506_N2RdXi',198,119,0.03,0.00,0.00,1514277897,1514281710,3,3,0,4,0,'还我钱','122617482968_refund',''),(393,103,'122616515783842_N2RdXi',198,119,0.50,0.00,0.00,1514278317,1514281700,1,3,0,5,0,'','122617481932_refund',''),(394,103,'122617170989647_N2RdXi',198,119,0.02,0.00,0.00,1514279829,1514281693,3,3,0,1,0,NULL,'122617481292_refund',''),(395,103,'12261726492268_i8WtyE',302,82,0.07,0.00,0.00,1514280409,1514281668,4,3,0,1,0,NULL,'122617474698_refund',''),(396,98,'122717160485755_dKLm1C',1065,125,100.00,0.00,0.00,1514366164,1514366171,1,2,0,3,13,NULL,'',''),(397,84,'12271803036244_X0B1rv',864,112,50.00,0.00,0.00,1514368983,1514368983,1,1,0,4,0,'','',''),(398,98,'12272317146497_cA3Wd8',1058,126,100.00,0.00,0.00,1514387834,1514387834,1,1,0,3,13,NULL,'','');
/*!40000 ALTER TABLE `dingdan` ENABLE KEYS */;
UNLOCK TABLES;

--
-- Table structure for table `fankui`
--

DROP TABLE IF EXISTS `fankui`;
/*!40101 SET @saved_cs_client     = @@character_set_client */;
/*!40101 SET character_set_client = utf8 */;
CREATE TABLE `fankui` (
  `id` int(11) NOT NULL AUTO_INCREMENT,
  `order_id` int(11) NOT NULL,
  `shop_id` int(11) DEFAULT NULL,
  `user_id` int(11) NOT NULL,
  `cont` varchar(255) DEFAULT '',
  `st` tinyint(4) DEFAULT '1',
  `create_time` int(11) DEFAULT '0',
  `update_time` int(11) DEFAULT '0',
  `star` tinyint(4) DEFAULT '1' COMMENT '1  好评   2中评  3差评',
  PRIMARY KEY (`id`)
) ENGINE=InnoDB AUTO_INCREMENT=9 DEFAULT CHARSET=utf8 COMMENT='反馈表';
/*!40101 SET character_set_client = @saved_cs_client */;

--
-- Dumping data for table `fankui`
--

LOCK TABLES `fankui` WRITE;
/*!40000 ALTER TABLE `fankui` DISABLE KEYS */;
INSERT INTO `fankui` VALUES (1,234,30,3,'服务非常的好!!!!',0,1511254462,1511318239,1),(2,236,30,3,'老顾客了,经常来这,服务很好',0,1511256028,1511318205,1),(3,237,30,3,'一如既往的好!',1,1511256039,1511256039,1),(4,238,30,3,'好评',1,1511256052,1511256052,1),(5,239,30,3,'话不多说,就是好',0,1511256066,1511318008,1),(6,379,103,302,'胡红包拜拜\n想比吹牛逼纯牛奶你你姐夫你发那你。',1,1514186362,1514186362,1),(7,379,103,302,'胡红包拜拜\r\n想比吹牛逼纯牛奶你你姐夫你发那你。好吃承认',1,1514186436,1514187687,3),(8,395,103,302,'我爱你❤ ',0,1514280718,1514280989,2);
/*!40000 ALTER TABLE `fankui` ENABLE KEYS */;
UNLOCK TABLES;

--
-- Table structure for table `good`
--

DROP TABLE IF EXISTS `good`;
/*!40101 SET @saved_cs_client     = @@character_set_client */;
/*!40101 SET character_set_client = utf8 */;
CREATE TABLE `good` (
  `id` int(11) NOT NULL AUTO_INCREMENT,
  `name` varchar(100) NOT NULL COMMENT '名称',
  `store` int(11) DEFAULT '1' COMMENT '库存数量',
  `sales` int(11) DEFAULT '0' COMMENT '销量，商品发货后增加',
  `cate_id` int(11) NOT NULL DEFAULT '1' COMMENT '分类id',
  `shop_id` int(11) NOT NULL DEFAULT '1' COMMENT '店铺id',
  `img` varchar(255) NOT NULL DEFAULT '' COMMENT '列表图',
  `img_big` varchar(255) NOT NULL DEFAULT '' COMMENT '大图',
  `price` decimal(10,2) NOT NULL DEFAULT '0.00',
  `desc` text COMMENT '描述',
  `imgs` text COMMENT '商品详情文字介绍',
  `which_info` tinyint(4) DEFAULT '1' COMMENT '商品介绍时选择图片或是文字:1文字 2图片',
  `is_add_attr` tinyint(4) DEFAULT '0' COMMENT '是否添加参数',
  `st` tinyint(4) DEFAULT '1' COMMENT '0删除， 1正常 ,2不显示',
  `create_time` int(11) DEFAULT '0',
  `update_time` int(11) DEFAULT '0',
  `to_top` tinyint(4) DEFAULT '0' COMMENT '1置顶 0不置顶',
  `unit` varchar(30) NOT NULL COMMENT '计量单位',
  `img_big_st` tinyint(4) NOT NULL DEFAULT '0' COMMENT '0没有大图 1有大图',
  `sort` int(11) DEFAULT '1000' COMMENT '排序默认为1000',
  PRIMARY KEY (`id`),
  KEY `cate_id` (`cate_id`,`shop_id`)
) ENGINE=MyISAM AUTO_INCREMENT=356 DEFAULT CHARSET=utf8 COMMENT='资料表';
/*!40101 SET character_set_client = @saved_cs_client */;

--
-- Dumping data for table `good`
--

LOCK TABLES `good` WRITE;
/*!40000 ALTER TABLE `good` DISABLE KEYS */;
INSERT INTO `good` VALUES (11,'32adsg',1,0,2,11,'/upload/good/20171026/d194f228f1d2413403eae96a968e144d.jpg','/upload/good/20171018/4bab1313e198e2fff5ccd6534e3f9778.png',23.00,'adsgasg','',1,0,0,1508297794,1509432129,0,'1',0,1000),(12,'shangpin2',1,0,3,10,'/upload/good/20171018/c469580704d806b703fe160801162e6e.png','/upload/good/20171018/4322e57cfb433d728d2b25412fe7eb67.png',3.20,'asdfasgag',NULL,1,0,0,1508315812,1509431959,1,'',0,1000),(13,'商户2的商品1',1,0,3,10,'/upload/good/20171019/e48b31796f79f76c5ce301f67acf09be.png','/upload/good/20171019/6e496619b6f523c53b5548a9fbdd3be3.png',2.10,'adfsr235as4g56a4sg\r\nasg35a57st8qwyljdasfoiag ',NULL,1,0,0,1508378146,1509432126,1,'',0,1000),(14,'商户有2的商品2',1,0,3,10,'/upload/good/20171019/2f13b5515e44de09f636f9d293e97ab9.png','/upload/good/20171019/06cb82ecf47515a7ba4dae6a16175388.png',0.23,'adfadf23424',NULL,1,0,0,1508379707,1509431956,0,'',0,1000),(15,'商家名称1－商品1',1,0,1,9,'/upload/good/20171024/15b6ee981fe4b815c218addd4a62729d.png','/upload/good/20171024/c07e98362e0848acd6e21b87c4c008b4.png',3.10,'asdgas245436',NULL,1,0,0,1508829355,1509432123,0,'',0,1000),(16,'商家名称1－商品2',1,0,1,9,'/upload/good/20171024/2b20f42ba2d31f537dd79111192057f0.png','/upload/good/20171024/0ec4fb0da9e4e99d96b69c82865b3003.png',1.00,'adfs24agasd4654a65d4sg\r\n',NULL,1,0,0,1508829384,1509432120,0,'',0,1000),(17,'good-info',1,0,1,9,'/upload/good_img/20171025/99163f4a062fb2b7edee2e541b62674f.png','/upload/good_img_big/20171025/13a6a7fa90f1287ef6fd163cd36ff335.png',2.30,'','/upload/good_imgs/20171025/d66fe14c31516580f2dfea15b80ebc56.png',2,0,0,1508900737,1509432117,0,'m',0,1000),(18,'good-imgs',1,0,1,9,'/upload/good_img/20171025/c3e608d471f4140c22f45b15874241bb.png','/upload/good_img_big/20171025/e2dff47f68413dd9aa1349081beff7c4.png',2.50,'adasrt54q2adghah3434','',1,0,0,1508901043,1509432113,0,'m2',0,1000),(19,'19-good',1,0,3,10,'/upload/good/20171026/55a60412bf458d32afb9813fc34df56d.jpg','/upload/good_img_big/20171025/4eb171155c2b041aef3e66d8b50ac12a.png',234.00,'','/upload/good_imgs/20171026/f233544c9d3362468341717173c69afc.jpg',2,0,0,1508902871,1509432110,0,'df',0,1000),(206,'双十一补单限时专用券',1,0,61,30,'/upload/good_img/20171114/14e2af770f7bd90f71ea2325986a8fe5.jpg','',100.00,'','',1,0,2,1510624712,1511143098,0,'张',1,1000),(204,'双十一补单限时专用券',1,1,52,28,'/upload/good_img/20171114/0054e03c1a531fb25ae79a0d0ba66364.jpg','',100.00,'','',1,0,2,1510624609,1511230097,0,'张',1,1000),(205,'双十一补单限时专用券',1,0,50,29,'/upload/good_img/20171114/026dd10b609b353f945318082a550015.jpg','',100.00,'','',1,0,2,1510624676,1511143108,0,'张',1,1000),(22,'走走走',1,0,2,11,'/upload/good_img/20171026/96e38027c6750e22d2e9b1c94b60024b.jpg','/upload/good_img_big/20171026/e7b1428aa93a195fc11a51caa9703801.jpg',100000.00,'','',1,0,0,1508998437,1509432104,0,'g',0,1000),(23,'8-good1',1,0,2,11,'/upload/good/20171031/6be7ce44d84386d109a03113a8cdb98b.jpg','/upload/good/20171031/2ca6fd899af5cc8d53b077a2e47c6925.jpg',0.01,'','/upload/good_imgs/20171031/f739495ad6631fa08317341cb0896980.jpg',2,0,0,1508999630,1509948891,0,'g',0,1000),(24,'22222',1,0,2,11,'/upload/good_img/20171026/f7f9824446cb366e3a681a37c80805df.jpg','/upload/good_img_big/20171026/b1c4a21722d06b1bf898fc8eb9aec19d.jpg',30.00,'','',1,0,0,1508999645,1509432007,0,'G',0,1000),(25,'6699',1,0,2,11,'/upload/good_img/20171026/aaa360e0ef309a0e4cff70717f4fd0cf.jpg','/upload/good_img_big/20171026/29abc243a971b3f6a2a24c83fb96859c.jpg',200.00,'','',1,0,0,1508999662,1509432004,0,'G',0,1000),(203,'双十一补单限时专用券',1,0,61,27,'/upload/good_img/20171114/d02a7f9d811632fa2a01a9ad5dc68b6e.jpg','',100.00,'','',1,0,2,1510624577,1511143119,0,'张',1,1000),(202,'双十一补单限时专用券',1,0,51,26,'/upload/good_img/20171114/56623644944ab2b957012fdcccc5cbfc.jpg','',100.00,'','',1,0,2,1510624544,1511143122,0,'张',1,1000),(201,'双十一补单限时专用券',1,0,56,24,'/upload/good_img/20171114/8b36f68f63c83b34d151d3ea486c0a40.jpg','',100.00,'','',1,0,2,1510624506,1511143127,0,'张',1,1000),(29,'6-good1',1,0,2,13,'/upload/good_img/20171027/c43ddd750b746666659867fa26162cc4.jpg','/upload/good_img_big/20171027/e4a402d1333e0fa874e79e2dd2678d96.jpg',0.01,'adsjlagioasdfsaat','',1,0,0,1509076111,1509431995,0,'平米',0,1000),(30,'6-good2',1,0,2,13,'/upload/good_img/20171027/c9d010dd94e02399ca186aa0682a7ff7.jpg','/upload/good_img_big/20171027/add1593cc029898762514d8707c016a4.jpg',0.01,'会中不中国中中国； 污辱 ','',1,0,0,1509077010,1509431949,0,'m2',0,1000),(31,'123456',1,0,1,9,'/upload/good_img/20171028/6be07867c9d5c745a9a9604027eda059.jpg','/upload/good_img_big/20171028/800533f217c2246d360d77a50a5f7f86.jpg',1000.00,'123','',1,0,0,1509171365,1509431946,0,'m',0,1000),(32,'123456',1,0,2,18,'/upload/good_img/20171028/e218a5273a9fc5eea3bccec97f1aafe0.jpg','/upload/good_img_big/20171028/e734a5b1f755ee795c8b2e2eceb7990f.jpg',1000.00,'','/upload/good_imgs/20171030/4f0e24a1af0dfe60df49fc23f25453e5.jpg',2,0,0,1509171434,1509431942,0,'m',0,1000),(33,'抗菌墙面',1,0,2,22,'/upload/good/20171031/326b596bd160fcfd873a57d4131838b4.jpg','/upload/good/20171102/efb46e655dd574cb6377a83ba06c74bf.jpg',158.00,'','/upload/good_imgs/20171031/651e9b36474deaa91bc2a0e36d992e2a.jpg',2,0,0,1509436902,1509590186,0,'15L',0,1000),(34,'纯净呼吸净面漆',1,0,2,22,'/upload/good_img/20171031/ceed8b90906fe977b3d6b42d9d8aeabf.jpg','/upload/good/20171031/23eca7b4328a1e97a8aac2ab7d016b57.jpg',0.01,'','/upload/good_imgs/20171031/7cfe8ebcaa638a89c425fa5cca7c7d14.jpg',2,0,0,1509437264,1509591237,0,'15L',0,1000),(35,'抗碱漆',1,0,2,22,'/upload/good_img/20171031/774dedabce606af6d123754f3afbfca1.jpg','/upload/good/20171102/d4e4271bbcf6664625e380c309029243.jpg',0.01,'','/upload/good_imgs/20171031/44d95e5b3af8161ef047c55080f2c908.jpg',2,0,0,1509437851,1509596071,0,'15L',0,1000),(36,'俄罗斯樟子松箱体（投影面积）',1,0,59,23,'/upload/good_img/20171101/29695fafa28a5878dd2cb64ea0fc97b2.jpg','/upload/good_img_big/20171101/5ece0f118a2e781896b6e60b9a85f52e.jpg',468.00,'','/upload/good_imgs/20171101/2f2d114af9f8fd8b1f7fb1f25d6f3983.jpg',2,0,0,1509522546,1510022606,0,'平方米',0,1000),(37,'新西兰独立箱体（投影面积）',1,0,59,23,'/upload/good_img/20171101/c9f588577d21b5211b66de1bb0d6ab04.jpg','/upload/good_img_big/20171101/2dc0acf7c51862600a93e159a046e456.jpg',688.00,'','/upload/good_imgs/20171101/f8ff20e810d1da7157c87daa0aa77d5d.jpg',2,0,0,1509522696,1510022603,0,'平方米',0,1000),(38,'榻榻米',1,0,59,23,'/upload/good_img/20171101/2fece4d8d0fdc49a01ab1fc763f07369.png','/upload/good_img_big/20171101/e42eb25e2a72987d1d0904510ba2842b.png',500.00,'','/upload/good_imgs/20171101/b982c8ae97c0edc41ca0d87e20c210fa.png',2,0,0,1509528102,1510022594,0,'平方米',0,1000),(199,'双十一补单限时专用券',1,0,60,91,'/upload/good_img/20171110/baa295aa09fca952a6d78f3a2c2c2d5d.jpg','',100.00,'','',1,0,2,1510307271,1511143134,0,'张',1,1000),(40,'123456',1,0,2,22,'/upload/good_img/20171102/43896a0f837fb40efade40aad4ea9da7.jpg','/upload/good_img_big/20171102/ebf23332d8fae5ab0db5c6408845d09e.jpg',10.00,'11','',1,0,0,1509601107,1509601133,0,'g',0,1000),(41,'德高 法兰卡60系列 反挂钩设计密封窗',1,0,56,39,'/upload/good_img/20171102/70eb83d5845318771c4e439813f63131.jpg','/upload/good_img_big/20171102/78f41ca9c514885e9aa25ef6792d7038.jpg',617.00,'全包辅料：横梁  立柱  打胶 防水  十平米送三套平开上悬五金、纱窗 定位器\r\n进口五金+进口玻璃胶及防水胶标配\r\n','',1,0,1,1509603469,1509939803,0,'平方米',1,1000),(42,'德高 法兰卡70系列平开窗  超强十道密封  中德合资铝材',1,0,56,39,'/upload/good_img/20171102/7343c1164b7a5d49c2872607d189b68c.jpeg','/upload/good_img_big/20171102/f8979e8334f3979b2c8aa161bcd3fbe0.jpeg',717.00,'全包辅料：横梁  立柱  打胶 防水  十平米送三套平开上悬五金、纱窗 定位器\r\n进口五金+进口玻璃胶及防水胶标配\r\n','',1,0,1,1509604898,1509939786,0,'平方米',1,1000),(43,'德高  法兰卡72高低槽系列  防水更密封  适合落地窗及阳光房搭建',1,0,56,39,'/upload/good_img/20171102/22bb5655ea6c153e6fc201570bf7d85e.jpeg','/upload/good_img_big/20171102/1a9e1e4dcfbde9657d398a5b5ae3195c.jpeg',850.00,'全包辅料：横梁  立柱  打胶 防水  十平米送三套平开上悬五金、纱窗 定位器\r\n进口五金+进口玻璃胶及防水胶标配\r\n','',1,0,1,1509604980,1510285729,0,'平方米',1,1000),(44,'德高  铝包木-美国橡木88系列  纯实木 铝和木头的结合防腐更美观',1,0,56,39,'/upload/good_img/20171102/acbc5d3cc7d640fcb27fc114f1b9e42d.jpg','/upload/good_img_big/20171102/d416cb3a5f692720403d05c05f97208b.jpg',1880.00,'全包辅料：横梁  立柱  打胶 防水  十平米送三套平开上悬五金、纱窗 定位器\r\n进口五金+进口玻璃胶及防水胶标配\r\n','',1,0,1,1509605114,1509939760,0,'平方米',1,1000),(45,'德高 阳光房系列  夹角玻璃顶（阳光房顶：聚氨酯板材  夹角中空  德高瓦等）',1,0,56,39,'/upload/good_img/20171102/d97652fa842b7b5e4c695eeebadc052e.jpeg','/upload/good_img_big/20171102/bb51ef92bab7ddc90024fe079e0369fa.jpeg',460.00,'阳光房顶：聚氨酯板材  夹角中空  德高瓦等','',1,0,1,1509605226,1510285720,0,'平方米',1,1000),(46,'北欧风格',1,0,61,38,'/upload/good_img/20171102/78b63424cf7d17a100cb327d90a493fd.jpeg','/upload/good_img_big/20171102/8098bf7c0c6a298c5863540ae4adf27f.jpeg',499.00,'','/upload/good_imgs/20171102/2c7466aebd157cef82015fba507f73c5.jpeg',2,0,2,1509605587,1510538376,0,'平方米',1,1000),(47,'地中海风格',1,0,61,38,'/upload/good_img/20171102/513cb79fd0d7ecb0dd19530a86928309.jpeg','/upload/good_img_big/20171102/2af00556cfe6e1465ffc0858d992d669.jpeg',566.00,'','/upload/good_imgs/20171102/2380bad2609c9d93ccd943e0622e59fd.jpeg',2,0,2,1509605667,1510538372,0,'平方米',1,1000),(48,'欧式风格',1,0,61,38,'/upload/good/20171102/630ffb019de290db8b0578963dcf113c.jpeg','/upload/good_img_big/20171102/07a1734724518fb0d2221b6fe5958707.jpeg',566.00,'','/upload/good_imgs/20171102/5d6e3c2656b42889515c1a07006813ac.jpeg',2,0,2,1509605735,1510538369,0,'平方米',1,1000),(49,'田园风格',1,0,61,38,'/upload/good/20171102/a8d73de6201ea35867c07c555e3e9a4c.jpeg','/upload/good/20171102/fa91684e9d406da88404f6263de4e7c3.jpeg',499.00,'','/upload/good_imgs/20171102/f7ee2cee67999885534d59f449bab320.jpeg',2,0,2,1509605786,1510538365,0,'平方米',1,1000),(50,'龙强柏家实木定制餐边柜（柜体 ：东南亚橡胶木面漆）',1,0,55,32,'/upload/good_img/20171102/c5b2f6af1b34d7df8134657ea3aa612e.jpg','/upload/good_img_big/20171102/86364232083b551e1c486653ddb9bdc7.jpg',448.00,'柜体 ：东南亚橡胶木面漆','',1,0,1,1509605990,1509939672,0,'平方米',1,1000),(51,'欧洲进口爱格',1,0,51,26,'/upload/good_img/20171102/96518ba369d29804952bbfe464d48c05.jpg','/upload/good_img_big/20171102/02f724115f025c99771ba56d757d2a80.jpg',3180.00,'爱格门板+爱格箱体和背板+新云英石英石台面+奥地利BLUM合页+奥地利BLUM钢抽屉+纯进口海福乐三合一连接件','',1,0,1,1509606026,1509939621,0,'延米',1,1000),(52,'龙强柏家实木定制衣柜（柜体 ：新西兰松木清油）',1,0,55,32,'/upload/good_img/20171102/281adedfdf369c11f832c6cd2d734479.jpg','/upload/good_img_big/20171102/ac5b52695244da83ab9e255f655133ac.jpg',358.00,'柜体 ：新西兰松木清油','',1,0,1,1509606416,1509939592,0,'平方米',1,1000),(53,'龙强柏家实木定制地台柜（柜体 ：东南亚橡胶木清油）',1,0,55,32,'/upload/good_img/20171102/cd8327617e67713510f5b77359eed6c5.jpg','/upload/good_img_big/20171102/0f68a2ed864eacbb7f1e91a344b3d8a2.jpg',398.00,'柜体 ：东南亚橡胶木清油','',1,0,1,1509606490,1509939581,0,'平方米',1,1000),(54,'北欧白橡木餐桌椅一套（一桌四椅）双十一特价',1,0,55,32,'/upload/good_img/20171102/954cb1d2d0451f4a304db08784088734.jpeg','',3699.00,'北欧白橡木餐桌椅一套（一桌四椅）特价3699    市场价4980','',1,0,1,1509606824,1509939566,0,'套',1,1000),(55,'优家系列纯实木大床1.8m 特价',1,0,55,32,'/upload/good_img/20171102/68bae6af20be2f04a947df4b92d6c315.jpeg','/upload/good_img_big/20171102/b5b7f2bf6dd803d6a69004dbfd5f2ca0.jpeg',3980.00,'优家系列纯实木大床1.8m 特价3980   市场价7150\r\n','',1,0,1,1509606996,1509939540,0,'张',1,1000),(56,'金迪木门实木复合门DM01AC-020',1,0,52,28,'/upload/good/20171225/d98e0a80e740c55f7a249542bd0b7c35.png','/upload/good_img_big/20171102/898edda6f46ccc7bea7bf3132d692328.jpg',1180.00,'','',1,0,1,1509607038,1514182450,0,'樘',1,1000),(57,'龙强柏家实木定制餐边柜  （门板：东南亚橡胶木） ',1,0,55,32,'/upload/good_img/20171102/58fabd41a810253d6a9d5f724140b827.jpg','/upload/good_img_big/20171102/f4ec9513990721c6087a0cfae594b781.jpg',1180.00,'门板：东南亚橡胶木   团购价1180元/平米  市场价 1480元/平米','',1,0,1,1509607163,1509939501,0,'平方米',1,1000),(58,'南山门窗-70系列断桥铝门窗',1,0,56,34,'/upload/good_img/20171102/a764930f1f70417130aa16be1ee4ad05.jpg','/upload/good_img_big/20171102/26e66fda912c46f9c47049c20b842f1e.jpg',799.00,'','/upload/good_imgs/20171102/a91fed559870a0710a9a95105309ceef.jpeg',2,0,1,1509607531,1509939471,0,'平方米',1,1000),(59,'双十一型号70',1,0,56,37,'/upload/good_img/20171102/abdde12fe9cf806f835e089d3eb8375f.jpg','/upload/good_img_big/20171102/130d28742aae9b292824c764bea7b189.jpg',698.00,'','',1,0,1,1509607548,1510539395,0,'每平米',1,1000),(200,'双十一补单限时专用券',1,0,59,23,'/upload/good_img/20171114/251e693f0c7c7e78ad95ce67ff3fd1cb.jpg','',100.00,'',NULL,2,0,2,1510624432,1511143131,0,'张',1,1000),(60,'型号60',1,0,56,37,'/upload/good_img/20171102/ec3160b8f9f1e87ba7bc69e16973d0bf.jpg','',618.00,'','/upload/good_imgs/20171102/9e6350bcef50cf33cd6fb5dbc41cc1c0.jpg',2,0,1,1509607608,1509939446,0,'每平米',1,1000),(61,'幸福味道',1,0,51,35,'/upload/good_img/20171102/71120f965b4808d18eb04f70f5b19fe4.jpg','/upload/good_img_big/20171102/8c8c15349fe5bb73d0998ee15452bcf1.jpeg',100.00,'','/upload/good_imgs/20171102/e8dc9cafa41500a6197cbb5efb0541c0.jpg',2,0,1,1509607680,1514183458,0,'元',1,1000),(62,'港典70#，1.4壁厚',1,0,56,24,'/upload/good_img/20171102/aff58e40ce2fc8c922fef3b74af6f83a.jpg','/upload/good_img_big/20171102/0857ef89f66044ae2b41a884e56f5e79.jpg',718.00,'','/upload/good_imgs/20171102/89a20c3300d7c0a9480c0dfb6003980f.jpg',2,0,1,1509607963,1509939406,0,'平米',1,1000),(63,'俄罗斯樟子松箱体468元每平（投影面积）',1,0,59,23,'/upload/good_img/20171102/891f200ecbaf32847d29e52c36d47927.jpg','/upload/good_img_big/20171102/8019283a0bbe6afda043a48d8e108398.jpg',468.00,'俄罗斯樟子松箱体468元每平（投影面积）','',1,0,1,1509608112,1509939389,0,'平方米',1,1000),(64,'新西兰独立箱体（投影面积）',1,0,59,23,'/upload/good_img/20171102/67df64e0f534d6e3adff86291a6227bc.jpg','/upload/good_img_big/20171102/8469411921a9bb1451f84c2782dd7aaf.jpg',688.00,'新西兰独立箱体688元每平（投影面积）','',1,0,1,1509608899,1509939380,0,'平方米',1,1000),(65,'地康法国兰舍新风系统ERV250升级款H系列',1,0,61,27,'/upload/good_img/20171102/6f106cdc49938780e201f8955d85a308.jpg','/upload/good_img_big/20171102/f41e2b7aed121fae7e0e2e1c8d656a58.jpg',17800.00,'','/upload/good_imgs/20171222/7a71a9c3a97f222ef06dcbebc32d7411.jpg',2,0,1,1509610174,1514188214,0,'每套',1,1000),(66,'地康福兰特不锈钢水管',1,0,61,27,'/upload/good_img/20171102/5a6da173f681255388a5ea2a310d5a35.jpg','/upload/good_img_big/20171102/9f74dc8cf06bdbe616bfa83d3b099f91.jpg',168.00,'','/upload/good_imgs/20171222/b9dd110a451a3d7686ade5cbdba77bd9.jpg',2,0,1,1509610228,1513932067,0,'每米',1,1000),(67,'地康乔治阻氧PERT地暖改造',1,0,61,27,'/upload/good_img/20171102/919ffee5eaa38843b2ffbb7cb4692a6e.jpg','/upload/good_img_big/20171102/5450b92d92465ba715f3e3b17b26413d.jpg',168.00,'','/upload/good_imgs/20171222/31555c844125431e29158554432cdcf4.jpg',2,0,1,1509611102,1513922279,0,'每平米',1,1000),(68,'地康水电改造电改2.5方明线改造',1,0,61,27,'/upload/good_img/20171102/c04ab696902039f7e607bc94949f72eb.jpg','/upload/good_img_big/20171102/c9ee805ed7e7cbd50e286035920651d4.jpg',36.00,'','/upload/good_imgs/20171222/0856ff340cd96623ea730c6bf831bd52.jpg',2,0,1,1509611247,1513925575,0,'每米',1,1000),(69,'地康远大新风SC250包安装',1,0,61,27,'/upload/good_img/20171102/aa27e7b625dda9fe6c00cdc9cb2962b1.jpg','/upload/good_img_big/20171102/d492b68e6160712e8e9aac5bf5424722.jpg',18000.00,'','/upload/good_imgs/20171222/5f4d554d3fad54b287551241dd6cce19.jpg',2,0,1,1509611358,1513927291,0,'个',1,1000),(70,'地康远大新风SF250包安装及降噪箱',1,0,61,27,'/upload/good_img/20171102/8e6bfcfb4537fd40da1d5a250ab5f5c6.jpg','/upload/good_img_big/20171102/5180cdc43d19f9c7d19828ac04a95e8a.jpg',16000.00,'','/upload/good_imgs/20171222/f563322ab3d326543b4df6aab2d42823.jpg',2,0,1,1509611441,1513932174,0,'个',1,1000),(71,'地康专业地暖铺设（保利带阻氧PERT管材）',1,0,61,27,'/upload/good_img/20171102/61c2729c3a24e9ca003033f514592eb9.jpg','/upload/good_img_big/20171102/4884fd8af664aca2a4def443e9bb834a.jpg',100.00,'','/upload/good_imgs/20171222/bdb69d8d9b7b90b0f73da2ca24fdfcaa.jpg',2,0,1,1509611710,1514185937,0,'每平米',1,1000),(272,'地康专业地暖铺设（保利非阻氧PERT管材）',1,0,61,27,'/upload/good_img/20171222/1d15f112edbdf86870cd596011813f14.jpg','',95.00,'','/upload/good_imgs/20171222/9e8d3afc4d98f5365bc33c9d6ac97376.jpg',2,0,1,1513926398,1513926398,0,'平米',0,1000),(72,'乐家吊顶8平米板材+LED灯2台+智能风暖',1,0,24,31,'/upload/good_img/20171102/c5265d0ff784dd3400b519cdb5ede242.png','/upload/good_img_big/20171102/d7f1e8fb6aae28d59edd1011f1ad825c.png',2280.00,'','/upload/good_imgs/20171102/f5a388d637061847256b8a780f57fecd.png',2,0,0,1509612071,1510022590,0,'套',1,1000),(73,'欧式110平三居室，半包，施工费用',1,0,61,40,'/upload/good_img/20171102/66750c9b17030e099869b8f88e9d36d8.jpg','/upload/good_img_big/20171102/5f76c7e96672359efd0e32604ee6cd35.jpg',57000.00,'','/upload/good_imgs/20171102/e7e0acb87be6949330960345ed7ad325.jpg',2,0,1,1509614915,1509939200,0,'一套',1,1000),(74,'钢制欧博系列 IG 型',1,0,59,33,'/upload/good_img/20171102/8e2ed7e47ca5b8e25a7b8a95e5c7effa.jpg','/upload/good_img_big/20171102/19bf7558238289ea3f56fc7a156492e2.jpg',185.00,'外形尺寸	：\r\n      1800mm 中心距，高度 1900mm，单片宽 70mm\r\n      单片散热面积 3.5.0-4.0 ㎡\r\n产品优势\r\n        1.整体片头厚度为 2.5mm 加厚优质低碳冷轧钢（含碳量不大于\r\n	0.25%）耐压性与焊接性能优异，\r\n	2.采用纳米防腐涂料，真空负压灌涂，微机控温烘焙，无限防腐。\r\n	3 采用进口抗紫外线全聚酯塑粉，静电喷涂，环保，长期使用靓\r\n	\r\n	丽如新。	\r\n	4 整体造型简洁，节省空间，便于清洁，流阻小，水容量大，热\r\n	稳定性好。	\r\n	5.质保：五年由太平洋保险公司承担责任质量险\r\n\r\n','',1,0,1,1509614971,1509939133,0,'片',1,1000),(75,'田园65平两居室，半包施工费用',1,0,61,40,'/upload/good_img/20171102/76c88875bd1b4f7ae034b76d9d7dd3c8.jpg','/upload/good_img_big/20171102/cec887ed3da55c1ca6723d6cf027f9b9.jpg',32000.00,'','',1,0,1,1509615211,1509939100,0,'套',1,1000),(76,'现代61平两居室，半包施工费用',1,0,61,40,'/upload/good_img/20171102/facdfbe01e67cea2a154d97503f1ed81.jpg','/upload/good_img_big/20171102/27d4ca2d1fb98ef05d3e67087e3ef6fd.jpg',30000.00,'','/upload/good_imgs/20171102/7ac5d03c6c23d2784998ba52093ccb68.jpg',2,0,1,1509615282,1509939087,0,'套',1,1000),(77,'钢制60 MY60-1',1,0,59,41,'/upload/good_img/20171103/4a077c7f0d278706feb60ff97a229ef7.jpg','/upload/good_img_big/20171103/5edb00f0f5df1db1600fcab263543fc1.jpg',0.00,'','',1,0,2,1509673668,1510042635,0,'',1,1000),(78,'1.14活动优惠   活动价格',1,0,61,30,'/upload/good/20171225/d0ee80cda9389fdbd66a96ca348c8048.jpg','/upload/good_img_big/20171103/2fcdaa708fd32e4bfe7c13b4fab22758.jpg',100.00,'','',1,0,1,1509674040,1514177572,1,'元',1,1000),(79,'环保不达标、全额赔付',1,0,61,30,'/upload/good/20171225/158e2e10de7d362901eb45a20df3c094.jpg','/upload/good_img_big/20171103/30cb3c4925474b1edab79e039eb8c0aa.jpg',0.01,'','',1,0,1,1509674287,1514177194,0,'元',1,1000),(80,'徽派工艺',1,0,61,30,'/upload/good_img/20171103/05f50ab6700e31738381494bb95e80d0.jpg','/upload/good/20171103/9bc6422d81c67a9fe5d066affd78cdf2.jpg',0.01,'','',1,0,1,1509674324,1510198797,0,'元',1,1000),(81,'免费监理、超长质保',1,0,61,30,'/upload/good_img/20171103/0337688debb7533cbdfe987f925b4b5c.jpg','/upload/good_img_big/20171103/a8476542d075cfbdb1cf1547ffd05ea4.jpg',0.01,'','',1,0,1,1509674360,1510042392,0,'元',1,1000),(82,'免费量房报价、平面设计',1,6,61,30,'/upload/good_img/20171103/f787f42ae774b7a485d7e8d43f4afb10.jpg','/upload/good_img_big/20171103/794a3971ad688a930dbadc7bf3b6e22a.jpg',0.01,'','',1,0,1,1509674391,1511490106,0,'元',1,1000),(83,'钢制欧博系列 IG 型（1500mm 中心距，高度 1600mm，单片宽 70mm, 单片散热面积 3.0-3.6 ㎡）',1,0,59,33,'/upload/good_img/20171103/88545ef28ef6e6f5b4a159dbc5047175.jpg','/upload/good_img_big/20171103/d7e4831021eccdf90d0ef37f2f58998f.jpg',152.00,'1.选用整体片头厚度为 2.5mm 加厚优质低碳冷轧钢（含碳量不大\r\n于 0.25%）耐压性与焊接性能优异，\r\n2.采用纳米防腐涂料，真空负压灌涂，微机控温烘焙，无限防腐。\r\n3 采用进口抗紫外线全聚酯塑粉，静电喷涂，环保，长期使用靓\r\n丽如新。\r\n4 整体造型简洁，节省空间，便于清洁，流阻小，水容量大，热\r\n稳定性好。\r\n','',1,0,1,1509674826,1509938266,0,'片',1,1000),(84,'钢制欧博系列 IG 型（1200mm 中心距，高度 1200mm，单片宽 70mm, 单片散热面积 2。0-2.5 ㎡）',1,0,59,33,'/upload/good_img/20171103/8e27a841655e8f1d5aff867cbe34d91e.jpg','/upload/good_img_big/20171103/96a0d907b25ffba7fd233093dae095e6.jpg',135.00,'1.选用整体片头厚度为 2.5mm 加厚优质低碳冷轧钢（含碳量不大\r\n于 0.25%）耐压性与焊接性能优异，\r\n2.采用纳米防腐涂料，真空负压灌涂，微机控温烘焙，无限防腐。\r\n3 采用进口抗紫外线全聚酯塑粉，静电喷涂，环保，长期使用靓\r\n丽如新。\r\n4 整体造型简洁，节省空间，便于清洁，流阻小，水容量大，热\r\n稳定性好。\r\n','',1,0,1,1509675019,1509938253,0,'片',1,1000),(85,'钢制欧博系列 IG 型（600mm 中心距，高度 600mm，单片宽 70mm, 单片散热面积 1.2-1.5 ㎡）',1,0,59,33,'/upload/good_img/20171103/cc724c050b9d695cffb93889e2b82b84.jpg','/upload/good_img_big/20171103/2f7c0897dff29d9b3d1542c352c09ba2.jpg',92.00,'1.选用整体片头厚度为 2.5mm 加厚优质低碳冷轧钢（含碳量不大\r\n于 0.25%）耐压性与焊接性能优异，\r\n2.采用纳米防腐涂料，真空负压灌涂，微机控温烘焙，无限防腐。\r\n3 采用进口抗紫外线全聚酯塑粉，静电喷涂，环保，长期使用靓\r\n丽如新。\r\n4 整体造型简洁，节省空间，便于清洁，流阻小，水容量大，热\r\n稳定性好。\r\n','',1,0,1,1509675187,1509938240,0,'片',1,1000),(86,'钢制欧博系列 IG 型（300mm 中心距，高度 300mm，单片宽 70mm, 单片散热面积 0.2-0.7 ㎡）',1,0,59,33,'/upload/good_img/20171103/c40046057477c91ab75b50df6b04c663.jpg','/upload/good_img_big/20171103/f3d2505fbf8a0f28b525cc603528ec0e.jpg',79.00,'1.选用整体片头厚度为 2.5mm 加厚优质低碳冷轧钢（含碳量不大\r\n于 0.25%）耐压性与焊接性能优异，\r\n2.采用纳米防腐涂料，真空负压灌涂，微机控温烘焙，无限防腐。\r\n3 采用进口抗紫外线全聚酯塑粉，静电喷涂，环保，长期使用靓\r\n丽如新。\r\n4 整体造型简洁，节省空间，便于清洁，流阻小，水容量大，热\r\n稳定性好。\r\n','',1,0,1,1509675251,1509938227,0,'片',1,1000),(87,'钢制欧尚系列 3G 型（1800mm 中心距，高度 1877mm，单片宽 60mm, 单片散热面积 3.5-4.0 ㎡）',1,0,59,33,'/upload/good_img/20171103/9c65c5939860a5ee547398295fd1c121.jpg','/upload/good_img_big/20171103/f340fddf0f545bf9cf400ac5adc8d513.jpg',178.00,'1.选用圆头大弧面整体片头优质低碳冷轧钢（含碳量不大于\r\n0.25%）耐压性与焊接性能优异，\r\n2.采用纳米防腐涂料，真空负压灌涂，微机控温烘焙，无限防腐。\r\n3 采用进口抗紫外线全聚酯塑粉，静电喷涂，环保，长期使用靓丽\r\n如新。\r\n4 整体造型现代时尚，品味优雅，热稳定性好\r\n','',1,0,1,1509675309,1509938215,0,'片',1,1000),(88,'钢制欧尚系列 3G 型（1500mm 中心距，高度 1577mm，单片宽 60mm, 单片散热面积 3.0-3.6 ㎡）',1,0,59,33,'/upload/good_img/20171103/88eddeba5ed5a75631636ab970e4bbf7.jpg','/upload/good_img_big/20171103/a569612205d4cd5d83b314b81d507091.jpg',152.00,'1.选用圆头大弧面整体片头优质低碳冷轧钢（含碳量不大于\r\n0.25%）耐压性与焊接性能优异，\r\n2.采用纳米防腐涂料，真空负压灌涂，微机控温烘焙，无限防腐。\r\n3 采用进口抗紫外线全聚酯塑粉，静电喷涂，环保，长期使用靓丽\r\n如新。\r\n4 整体造型现代时尚，品味优雅，热稳定性好\r\n','',1,0,1,1509675379,1509938201,0,'片',1,1000),(89,'钢制欧尚系列 3G 型（1200mm 中心距，高度 1277mm，单片宽 60mm, 单片散热面积 2.0-2.5 ㎡）',1,0,59,33,'/upload/good_img/20171103/4444e16137957b37ca630741e83b1618.jpg','/upload/good_img_big/20171103/983b31977c3f2213abaac6c52b38ce8b.jpg',125.00,'1.选用圆头大弧面整体片头优质低碳冷轧钢（含碳量不大于\r\n0.25%）耐压性与焊接性能优异，\r\n2.采用纳米防腐涂料，真空负压灌涂，微机控温烘焙，无限防腐。\r\n3 采用进口抗紫外线全聚酯塑粉，静电喷涂，环保，长期使用靓丽\r\n如新。\r\n4 整体造型现代时尚，品味优雅，热稳定性好\r\n','',1,0,1,1509675434,1509938192,0,'片',1,1000),(90,'钢制欧尚系列 3G 型（600mm 中心距，高度 677mm，单片宽 60mm, 单片散热面积 1.3-1.5 ㎡）',1,0,59,33,'/upload/good_img/20171103/e8b8af9e629648ad59e542e5a9e05ddc.jpg','/upload/good_img_big/20171103/944c1bed281190fcc3a01a0228847d90.jpg',90.00,'1.选用圆头大弧面整体片头优质低碳冷轧钢（含碳量不大于\r\n0.25%）耐压性与焊接性能优异，\r\n2.采用纳米防腐涂料，真空负压灌涂，微机控温烘焙，无限防腐。\r\n3 采用进口抗紫外线全聚酯塑粉，静电喷涂，环保，长期使用靓丽\r\n如新。\r\n4 整体造型现代时尚，品味优雅，热稳定性好\r\n','',1,0,1,1509675496,1509938103,0,'片',1,1000),(91,'钢制欧尚系列 3G 型（300mm 中心距，高度 377mm，单片宽 60mm, 单片散热面积 0.5-0.7 ㎡）',1,0,59,33,'/upload/good_img/20171103/fcc97c3823f78492f043a9ba5824f8b4.jpg','/upload/good_img_big/20171103/edd8030f54373cd7ece526d54c9052c0.jpg',76.00,'1.选用圆头大弧面整体片头优质低碳冷轧钢（含碳量不大于\r\n0.25%）耐压性与焊接性能优异，\r\n2.采用纳米防腐涂料，真空负压灌涂，微机控温烘焙，无限防腐。\r\n3 采用进口抗紫外线全聚酯塑粉，静电喷涂，环保，长期使用靓丽\r\n如新。\r\n4 整体造型现代时尚，品味优雅，热稳定性好\r\n','',1,0,1,1509675554,1509938081,0,'片',1,1000),(92,'钢制欧尚系列 3GA 型（1800mm 中心距，高度 1870mm，单片宽 50mm, 单片散热面积 3-3.5 ㎡）',1,0,59,33,'/upload/good_img/20171103/f5bba4813b43bbb2cf6b98aa04af5e0b.jpg','/upload/good_img_big/20171103/bbeaf9ca16e12eef2d3c4fdaee246834.jpg',155.00,'1.选用圆头弧面整体片头优质低碳冷轧钢（含碳量不大于 0.25%）\r\n耐压性与焊接性能优异，\r\n2.采用纳米防腐涂料，真空负压灌涂，微机控温烘焙，无限防腐。\r\n3.采用进口抗紫外线全聚酯塑粉，静电喷涂，环保，长期使用靓\r\n丽如新。	\r\n4.弧面与直线完美融合，格调优雅，热稳定性好\r\n5.质保：五年由太平洋保险公司承担责任质量险\r\n','',1,0,1,1509675613,1509938066,0,'片',1,1000),(93,'钢制欧尚系列 3GA 型（1500mm 中心距，高度 1570mm，单片宽 50mm, 单片散热面积 2.5-3.0 ㎡）',1,0,59,33,'/upload/good_img/20171103/84ef162906b95dc4d2370e9bc1330f9b.jpg','/upload/good_img_big/20171103/b5cd6aabb9aba1a361825abc16321974.jpg',136.00,'1.选用圆头弧面整体片头优质低碳冷轧钢（含碳量不大于 0.25%）\r\n耐压性与焊接性能优异，	\r\n2.采用纳米防腐涂料，真空负压灌涂，微机控温烘焙，无限防腐。\r\n3 采用进口抗紫外线全聚酯塑粉，静电喷涂，环保，长期使用靓丽\r\n如新。	\r\n4 弧面与直线完美融合，格调优雅，热稳定性好\r\n','',1,0,1,1509675684,1509938047,0,'片',1,1000),(94,'钢制欧尚系列 3GA 型（1200mm 中心距，高度 1270mm，单片宽 60mm, 单片散热面积 2.0-2.5 ㎡）',1,0,59,33,'/upload/good_img/20171103/0113b78c561ab873b6eca0ee2c003982.jpg','/upload/good_img_big/20171103/e14edad58d6716aa420b27c931962a60.jpg',117.00,'1.选用圆头弧面整体片头优质低碳冷轧钢（含碳量不大于 0.25%）\r\n耐压性与焊接性能优异，	\r\n2.采用纳米防腐涂料，真空负压灌涂，微机控温烘焙，无限防腐。\r\n3 采用进口抗紫外线全聚酯塑粉，静电喷涂，环保，长期使用靓丽\r\n如新。	\r\n4 弧面与直线完美融合，格调优雅，热稳定性好\r\n','',1,0,1,1509675756,1509938027,0,'片',1,1000),(95,'钢制欧尚系列 3GA 型（600mm 中心距，高度 670mm，单片宽 50mm, 单片散热面积 1.0-1.5 ㎡）',1,0,59,33,'/upload/good_img/20171103/e92f2dd41a471cc970cc7b709c36cb34.jpg','/upload/good_img_big/20171103/f73f27ddb897818bf59edd51b46ee662.jpg',79.00,'1.选用圆头弧面整体片头优质低碳冷轧钢（含碳量不大于 0.25%）\r\n耐压性与焊接性能优异，	\r\n2.采用纳米防腐涂料，真空负压灌涂，微机控温烘焙，无限防腐。\r\n3 采用进口抗紫外线全聚酯塑粉，静电喷涂，环保，长期使用靓丽\r\n如新。	\r\n4 弧面与直线完美融合，格调优雅，热稳定性好\r\n','',1,0,1,1509675816,1509938011,0,'片',1,1000),(96,'浮雕系列  DM25AF-951  ',1,0,52,28,'/upload/good/20171225/a7e5a32da72da7c28d4e8507215a4ac7.jpg','/upload/good_img_big/20171103/8c607afedcff5aea455f2802349718f1.png',999.00,'','',1,0,1,1509675851,1514181285,1,'元',1,1000),(97,'铜铝复合国雅系列 TL601/TL601A 型（1800mm 中心距，高度 1841mm，单片宽 75mm, 单片散热面积 4.0~4.6	㎡）',1,0,59,33,'/upload/good_img/20171103/17b878a7b5e4113eed2c0e6bf833bda6.jpg','/upload/good_img_big/20171103/630557ef986217cc7cea2e4af63dbb12.jpg',279.00,'备注：上方头两个样式可选，一个上排气，一个侧排气\r\n1.采用 T2 原生态 99.9%无氧紫铜管和铝合金型材翼片涨管组合。\r\n2 主动防腐，适用于各种采暖系统，节能环保（小区供暖比较好，\r\n自采暖，可使用）。	\r\n3 采用进口抗紫外线全聚酯塑粉，静电喷涂，环保，长期使用靓\r\n丽如新。	\r\n4 创新外形设计，增强对流与辐射散热，畅享温暖舒适。\r\n5.质保：五年由太平洋保险公司承担责任质量险','',1,0,1,1509675881,1509937962,0,'片',1,1000),(98,'铜铝复合国雅系列 TL601/TL601A 型（1500mm 中心距，高度 1541mm，单片宽 75mm, 单片散热面积 3.0~3.6	㎡）',1,0,59,33,'/upload/good_img/20171103/8e27680dddeabb69e0a422de531fee9d.jpg','/upload/good_img_big/20171103/3c81034da779551974e7c622386f1e29.jpg',243.00,'备注：两个样式可选\r\n1.采用 T2 原生态 99.9%无氧紫铜管和铝合金型材翼片涨管组合。\r\n2 主动防腐，适用于各种采暖系统，节能环保（小区供暖比较好，\r\n自采暖，可使用）。	\r\n3 采用进口抗紫外线全聚酯塑粉，静电喷涂，环保，长期使用靓\r\n丽如新。	\r\n4 创新外形设计，增强对流与辐射散热，畅享温暖舒适。','',1,0,1,1509675984,1509937944,0,'片',1,1000),(99,'铜铝复合国雅系列 TL601/TL601A 型（1200mm 中心距，高度 1241mm，单片宽 75mm, 单片散热面积 2.0~2.5	㎡）',1,0,59,33,'/upload/good_img/20171103/1390491a3fd5148458e11404cbff5a53.jpg','/upload/good_img_big/20171103/c9a866dfa4d49da87392a39e8bb80693.jpg',204.00,'1.采用 T2 原生态 99.9%无氧紫铜管和铝合金型材翼片涨管组合。\r\n2 主动防腐，适用于各种采暖系统，节能环保（小区供暖比较好，\r\n自采暖，可使用）。	\r\n3 采用进口抗紫外线全聚酯塑粉，静电喷涂，环保，长期使用靓\r\n丽如新。	\r\n4 创新外形设计，增强对流与辐射散热，畅享温暖舒适。\r\n','',1,0,1,1509676104,1509937895,0,'片',1,1000),(100,'免费测量，出设计方案',1,1,61,38,'/upload/good_img/20171103/7e76c04348ef84c76802d403a05eac2c.jpg','/upload/good_img_big/20171103/2d3c141a372da0db8436e48f25edcc37.jpg',10.00,'免费上门测量、出设计方案、出装修预算','',1,0,1,1509676131,1513845001,0,'元',1,1000),(101,'铜铝复合国雅系列 TL601/TL601A 型（300mm 中心距，高度 341mm，单片宽 75mm, 单片散热面积 1.5~2.0	㎡）',1,0,59,33,'/upload/good_img/20171103/b83e744b7b982c9e95d3e2c90a62e88b.jpg','/upload/good_img_big/20171103/3c84656e60b35a6886c609966ce5ece0.jpg',123.00,'1.采用 T2 原生态 99.9%无氧紫铜管和铝合金型材翼片涨管组合。\r\n2 主动防腐，适用于各种采暖系统，节能环保（小区供暖比较好，\r\n自采暖，可使用）。	\r\n3 采用进口抗紫外线全聚酯塑粉，静电喷涂，环保，长期使用靓\r\n\r\n丽如新。	\r\n4 创新外形设计，增强对流与辐射散热，畅享温暖舒适。\r\n','',1,0,1,1509676168,1509937862,0,'片',1,1000),(102,'专享品质半包服务',1,0,61,38,'/upload/good_img/20171103/cd4ef1f269f416ae660010518d878103.jpg','/upload/good_img_big/20171103/0f912d37b6a74ec8b07372b30d4c81bb.jpg',10.00,'品质辅助材料、专业特色服务、灵活选购主材、实拓装饰清工辅料施工','',1,0,1,1509676364,1513844993,0,'元',1,1000),(103,'双十一特价自住型豪华型套餐',1,0,24,31,'/upload/good_img/20171103/ec3b29c561b1729f4aa543bde0ba64a3.jpeg','/upload/good_img_big/20171103/ee24fd09c2a75e22165958d30a1f0303.jpeg',2980.00,'','/upload/good_imgs/20171103/be83d730edecbfbb7693a8614839c9eb.png',2,0,0,1509676778,1510022587,0,'',1,1000),(104,'铜铝复合国雅系列 TL601/TL601A 型（300mm 中心距，高度 341mm，单片宽 75mm, 单片散热面积 0.5~1.0	㎡）',1,0,59,33,'/upload/good_img/20171103/6423281980629b429ea66ac3f0a73e5c.jpg','/upload/good_img_big/20171103/50d2ca0d6097792fae399dd3ecae5951.jpg',83.00,'1.采用 T2 原生态 99.9%无氧紫铜管和铝合金型材翼片涨管组合。\r\n2 主动防腐，适用于各种采暖系统，节能环保（小区供暖比较好，\r\n自采暖，可使用）。	\r\n3 采用进口抗紫外线全聚酯塑粉，静电喷涂，环保，长期使用靓\r\n丽如新。	\r\n4 创新外形设计，增强对流与辐射散热，畅享温暖舒适。\r\n','',1,0,1,1509677407,1509937609,0,'片',1,1000),(105,'铜铝复合国雅系列 TL502 型(1800mm 中心距，高度 1850mm，单片宽 120mm, 单片散热面积 5.0~6.0	㎡)',1,0,59,33,'/upload/good_img/20171103/a1ff60d716dc4f0bbf720721b5713229.jpg','/upload/good_img_big/20171103/f301ed30021fe0e436a66a9e5d60bf64.jpg',402.00,'','/upload/good_imgs/20171103/2fcf8a7e0aceb0581dfe9fcc25e5245e.png',2,0,1,1509677563,1509937599,0,'片',1,1000),(106,'钢制楼兰系列 B 型 9B-2（400mm 中心距，高度 646mm，宽 440mm,厚度 104mm 散热面积 4.0-5.0 ㎡）',1,0,59,33,'/upload/good_img/20171103/8fa534c7fa4ad8d7c67df221ca6e7f74.jpg','/upload/good_img_big/20171103/520ebf990c2f2eb1c261a24155db7f12.jpg',298.00,'1 优质低碳冷轧钢（含碳量低于 0.25%）耐压性与焊接性能优异。\r\n2.采用纳米防腐涂料，真空负压灌涂，微机控温烘焙，无限防腐。\r\n3 采用进口抗紫外线全聚酯塑粉，静电喷涂，环保，长期使用靓\r\n丽如新。	\r\n4 独特的个性风格，与厨卫空间相得益彰，让人在沐浴时还能尽\r\n情享受生活的温馨与轻松。现代艺术与实用主义，款式多样，让\r\n选择随心所欲	\r\n5.质保：五年由太平洋保险公司承担责任质量险\r\n','',1,0,1,1509677738,1509937578,0,'组',1,1000),(107,'钢制楼兰系列 B 型 9B-400（400mm 中心距，高度 mm，宽 440mm,厚度 58mm 散热面积 4.0-5.0 ㎡）',1,0,59,33,'/upload/good_img/20171103/d33e085d05f91289238a6d3e83decca5.jpg','/upload/good_img_big/20171103/0ff6899f73386c1bbb3be862d9651b61.jpg',298.00,'1.优质低碳冷轧钢（含碳量低于 0.25%）耐压性与焊接性能优异，\r\n2.采用纳米防腐涂料，真空负压灌涂，微机控温烘焙，无限防腐。\r\n3.采用进口抗紫外线全聚酯塑粉，静电喷涂，环保，长期使用靓\r\n丽如新。	\r\n4.独特的个性风格，与厨卫空间相得益彰，现代艺术与实用主义，\r\n款式多样，让选择随心所欲\r\n5.质保：五年由太平洋保险公司承担责任质量险\r\n','',1,0,1,1509677789,1509937552,0,'片',1,1000),(108,'钢制楼兰系列 B 型 11B-2（400mm 中心距，高度 762mm，宽 440mm,厚度 104mm 散热面积 6.0-7.0 ㎡）',1,0,59,33,'/upload/good_img/20171103/10842897a704a4fd61cc7ac1b20390d0.jpg','/upload/good_img_big/20171103/e971e4733e1b86dd1e5da2b9c4569220.jpg',368.00,'1 优质低碳冷轧钢（含碳量不大于 0.25%）耐压性与焊接性能优\r\n异，	\r\n2.采用纳米防腐涂料，真空负压灌涂，微机控温烘焙，无限防\r\n腐。	\r\n3 采用进口抗紫外线全聚酯塑粉，静电喷涂，环保，长期使用靓\r\n\r\n丽如新。	\r\n4 独特的个性风格，与厨卫空间相得益彰，现代艺术与实用主义，\r\n款式多样，让选择随心所欲\r\n5.质保：五年由太平洋保险公司承担责任质量险\r\n','',1,0,1,1509677863,1509937541,0,'片',1,1000),(109,'钢制楼兰系列 E 型 14E-2（400mm 中心距，高度 609mm，宽 440mm,厚度 107mm 散热面积 4.0-5.0 ㎡）',1,0,59,33,'/upload/good_img/20171103/f77383c4ef11cb33d8e03679c54c88a2.jpg','/upload/good_img_big/20171103/4b0a2fb6ea3c977bc3a48bcdaa84e0a8.jpg',305.00,'1 优质低碳冷轧钢（含碳量不大于 0.25%）耐压性与焊接性能优\r\n异，	\r\n2.采用纳米防腐涂料，真空负压灌涂，微机控温烘焙，无限防\r\n腐。	\r\n3 采用进口抗紫外线全聚酯塑粉，静电喷涂，环保，长期使用靓\r\n丽如新。	\r\n4 独特的个性风格，与厨卫空间相得益彰，让人在沐浴时还能尽\r\n情享受生活的温馨与轻松。现代艺术与实用主义，款式多样，让\r\n选择随心所欲	\r\n5.质保：五年由太平洋保险公司承担责任质量险\r\n','',1,0,1,1509677931,1509937519,0,'片',1,1000),(110,'钢制楼兰系列 E 型 13E-4（400mm 中心距，高度 573mm，宽 440mm,厚度 130mm 散热面积 4.0-5.0 ㎡）',1,0,59,33,'/upload/good_img/20171103/ab3a301d5c7b0c3c7e0a6152bc88e251.jpg','/upload/good_img_big/20171103/9c933d07c5843ad4228d216dcc1b7eee.jpg',349.00,'1.优质低碳冷轧钢（含碳量不大于 0.25%）耐压性与焊接性能优\r\n异，	\r\n2.采用纳米防腐涂料，真空负压灌涂，微机控温烘焙，无限防腐。\r\n3 采用进口抗紫外线全聚酯塑粉，静电喷涂，环保，长期使用靓\r\n\r\n丽如新。	\r\n4.独特的个性风格，与厨卫空间相得益彰，让人在沐浴时还能尽\r\n情享受生活的温馨与轻松。现代艺术与实用主义，款式多样，让\r\n选择随心所欲	\r\n5.质保：五年由太平洋保险公司承担责任质量险\r\n','',1,0,1,1509677985,1509937164,0,'组',1,1000),(111,'钢制楼兰系列 B 型 7B-2（400mm 中心距，高度 530mm，宽 440mm,厚度 104mm 散热面积 3.0-4.0 ㎡）',1,0,59,33,'/upload/good_img/20171103/19149ac3be2b00827b4e45e01a46ef52.jpg','/upload/good_img_big/20171103/54f12dda61cf358d22456de4ef617b49.jpg',268.00,'1 优质低碳冷轧钢（含碳量不大于 0.25%）耐压性与焊接性能优\r\n异，	\r\n2.采用纳米防腐涂料，真空负压灌涂，微机控温烘焙，无限防腐。\r\n3 采用进口抗紫外线全聚酯塑粉，静电喷涂，环保，长期使用靓\r\n\r\n丽如新。	\r\n4 独特的个性风格，与厨卫空间相得益彰，让人在沐浴时还能尽\r\n情享受生活的温馨与轻松。现代艺术与实用主义，款式多样，让\r\n选择随心所欲	\r\n5.质保：五年由太平洋保险公司承担责任质量险\r\n','',1,0,1,1509678046,1509937048,0,'组',1,1000),(112,'钢制楼兰系列 B 型 23B-2（400mm 中心距，高度 1590mm，宽 440mm,厚度 104mm 散热面积 12.0-15.0 ㎡）',1,0,59,33,'/upload/good_img/20171103/fca33e8d2bccac6ac4ef39b1cc34aa9c.jpg','/upload/good_img_big/20171103/3f8bc9e44fa4bda9b94532b885311bf4.jpg',1180.00,'整装价：详情请咨询工作人员\r\n1 优质低碳冷轧钢（含碳量低于 0.25%）耐压性与焊接性能优异。\r\n2.采用纳米防腐涂料，真空负压灌涂，微机控温烘焙，无限防腐。\r\n3 采用进口抗紫外线全聚酯塑粉，静电喷涂，环保，长期使用靓\r\n丽如新。	\r\n	\r\n4 独特的个性风格，与厨卫空间相得益彰，让人在沐浴时还能尽\r\n情享受生活的温馨与轻松。现代艺术与实用主义，款式多样，让\r\n选择随心所欲	\r\n5.质保：五年由太平洋保险公司承担责任质量险\r\n','',1,0,1,1509678142,1509937037,0,'片',1,1000),(113,'钢制60MY60-500，',1,0,59,41,'/upload/good_img/20171103/cc44d55831c29ede8786e69b4fffe729.jpg','/upload/good_img_big/20171103/50755c37dc099f319bd45d56f46470bb.jpg',58.00,'米兰春天钢制散热器\r\n产品说明：米兰春天柱型散热器采用国际领先的焊接技术。它的基本材料系精选优质的钢管和带钢，经过切管、冲压、焊接、打磨、电泳、喷粉、防腐处理等几十道严格复杂的工艺加工而成。片头由钢板经数十道工序冲压、拉伸成型, 片头升级为2.5mm。 防腐：北京有色金属研究院专供有机内防腐。表层:阿克苏诺贝尔粉末2次静电喷塑。出厂产品的正面可带有：放气阀、丝堵、挂件。 \r\n产品特点：\r\n①色彩丰富、可为客户量身订做；②造型多变、可根据房间的结构做成角型或弧型；③喷塑表面、光滑细腻、易于清洁；④散热性能好、热辐射比例高，性能卓越；⑤热容量大、停热后持续有效供暖时间长； ⑥承压能力高达1.5Mpa，适用于各种高层建筑；⑦耐腐蚀、寿命长、使用得当可达15年以上；\r\n►塑粉：阿克苏诺贝尔塑粉，120度高温下无异味挥发，环保，无污染，含树脂高，流平好。180度高温烘烤20分钟，2次喷涂，抗紫外线，整体颜色长久不退色。通过国际环境局权威检测。\r\n防腐：北京有色金属学院专供散热器防腐涂料，抽真空灌装防腐工艺。原理;使产品内部变成真空状态，机器将防腐涂料抽入暖气内部，完毕，通过振动平台是每个角落均匀的附着防腐涂料，因为真空状态，不会产生气泡，会杜绝死角。最后放出多余防腐涂料，进入流水线烘干处理，共计三次防腐处理，厚度达到50微米。\r\n►标识：每一组米兰春天散热器均有激光打印的标识，无法仿制。\r\n►管件：均印有米兰春天标识管件，使产品质量与管件质量的售后更具有统一性，使客户更具信服度。\r\n►三险：行业里唯一一家受保险公司即产品质量责任，管件质量责任，安装工程一切责任全部承包的散热器生产销售厂家。\r\n','',1,0,1,1509681264,1509936472,0,'片',1,1000),(114,'钢制60MY60-600，',1,0,59,41,'/upload/good_img/20171103/cdee790b0b3817eb677d8f4405c44e99.jpg','/upload/good_img_big/20171103/a8191aa5973082caad20bc07bbb78bf6.jpg',68.00,'米兰春天钢制散热器\r\n产品说明：米兰春天柱型散热器采用国际领先的焊接技术。它的基本材料系精选优质的钢管和带钢，经过切管、冲压、焊接、打磨、电泳、喷粉、防腐处理等几十道严格复杂的工艺加工而成。片头由钢板经数十道工序冲压、拉伸成型, 片头升级为2.5mm。 防腐：北京有色金属研究院专供有机内防腐。表层:阿克苏诺贝尔粉末2次静电喷塑。出厂产品的正面可带有：放气阀、丝堵、挂件。 \r\n产品特点：\r\n①色彩丰富、可为客户量身订做；②造型多变、可根据房间的结构做成角型或弧型；③喷塑表面、光滑细腻、易于清洁；④散热性能好、热辐射比例高，性能卓越；⑤热容量大、停热后持续有效供暖时间长； ⑥承压能力高达1.5Mpa，适用于各种高层建筑；⑦耐腐蚀、寿命长、使用得当可达15年以上；\r\n►塑粉：阿克苏诺贝尔塑粉，120度高温下无异味挥发，环保，无污染，含树脂高，流平好。180度高温烘烤20分钟，2次喷涂，抗紫外线，整体颜色长久不退色。通过国际环境局权威检测。\r\n防腐：北京有色金属学院专供散热器防腐涂料，抽真空灌装防腐工艺。原理;使产品内部变成真空状态，机器将防腐涂料抽入暖气内部，完毕，通过振动平台是每个角落均匀的附着防腐涂料，因为真空状态，不会产生气泡，会杜绝死角。最后放出多余防腐涂料，进入流水线烘干处理，共计三次防腐处理，厚度达到50微米。\r\n►标识：每一组米兰春天散热器均有激光打印的标识，无法仿制。\r\n►管件：均印有米兰春天标识管件，使产品质量与管件质量的售后更具有统一性，使客户更具信服度。\r\n►三险：行业里唯一一家受保险公司即产品质量责任，管件质量责任，安装工程一切责任全部承包的散热器生产销售厂家。\r\n','',1,0,1,1509681345,1509936429,0,'片',1,1000),(115,'钢制60MY60-1200,',1,0,59,41,'/upload/good_img/20171103/0d42dfd8617809351ac0b20c086a17a7.jpg','/upload/good_img_big/20171103/d17d5a232bb1ef6ff4756b3af56a39be.jpg',103.00,'米兰春天钢制散热器\r\n产品说明：米兰春天柱型散热器采用国际领先的焊接技术。它的基本材料系精选优质的钢管和带钢，经过切管、冲压、焊接、打磨、电泳、喷粉、防腐处理等几十道严格复杂的工艺加工而成。片头由钢板经数十道工序冲压、拉伸成型, 片头升级为2.5mm。 防腐：北京有色金属研究院专供有机内防腐。表层:阿克苏诺贝尔粉末2次静电喷塑。出厂产品的正面可带有：放气阀、丝堵、挂件。 \r\n产品特点：\r\n①色彩丰富、可为客户量身订做；②造型多变、可根据房间的结构做成角型或弧型；③喷塑表面、光滑细腻、易于清洁；④散热性能好、热辐射比例高，性能卓越；⑤热容量大、停热后持续有效供暖时间长； ⑥承压能力高达1.5Mpa，适用于各种高层建筑；⑦耐腐蚀、寿命长、使用得当可达15年以上；\r\n►塑粉：阿克苏诺贝尔塑粉，120度高温下无异味挥发，环保，无污染，含树脂高，流平好。180度高温烘烤20分钟，2次喷涂，抗紫外线，整体颜色长久不退色。通过国际环境局权威检测。\r\n防腐：北京有色金属学院专供散热器防腐涂料，抽真空灌装防腐工艺。原理;使产品内部变成真空状态，机器将防腐涂料抽入暖气内部，完毕，通过振动平台是每个角落均匀的附着防腐涂料，因为真空状态，不会产生气泡，会杜绝死角。最后放出多余防腐涂料，进入流水线烘干处理，共计三次防腐处理，厚度达到50微米。\r\n►标识：每一组米兰春天散热器均有激光打印的标识，无法仿制。\r\n►管件：均印有米兰春天标识管件，使产品质量与管件质量的售后更具有统一性，使客户更具信服度。\r\n►三险：行业里唯一一家受保险公司即产品质量责任，管件质量责任，安装工程一切责任全部承包的散热器生产销售厂家。\r\n','',1,0,1,1509681418,1509936420,0,'片',1,1000),(116,'钢制60MY60-1500，',1,0,59,41,'/upload/good_img/20171103/f596e25d1827cc7207fee778a9eec3f0.jpg','/upload/good_img_big/20171103/2986372967bfec03a073a2009e1f0fc6.jpg',122.00,'米兰春天钢制散热器\r\n产品说明：米兰春天柱型散热器采用国际领先的焊接技术。它的基本材料系精选优质的钢管和带钢，经过切管、冲压、焊接、打磨、电泳、喷粉、防腐处理等几十道严格复杂的工艺加工而成。片头由钢板经数十道工序冲压、拉伸成型, 片头升级为2.5mm。 防腐：北京有色金属研究院专供有机内防腐。表层:阿克苏诺贝尔粉末2次静电喷塑。出厂产品的正面可带有：放气阀、丝堵、挂件。 \r\n产品特点：\r\n①色彩丰富、可为客户量身订做；②造型多变、可根据房间的结构做成角型或弧型；③喷塑表面、光滑细腻、易于清洁；④散热性能好、热辐射比例高，性能卓越；⑤热容量大、停热后持续有效供暖时间长； ⑥承压能力高达1.5Mpa，适用于各种高层建筑；⑦耐腐蚀、寿命长、使用得当可达15年以上；\r\n►塑粉：阿克苏诺贝尔塑粉，120度高温下无异味挥发，环保，无污染，含树脂高，流平好。180度高温烘烤20分钟，2次喷涂，抗紫外线，整体颜色长久不退色。通过国际环境局权威检测。\r\n防腐：北京有色金属学院专供散热器防腐涂料，抽真空灌装防腐工艺。原理;使产品内部变成真空状态，机器将防腐涂料抽入暖气内部，完毕，通过振动平台是每个角落均匀的附着防腐涂料，因为真空状态，不会产生气泡，会杜绝死角。最后放出多余防腐涂料，进入流水线烘干处理，共计三次防腐处理，厚度达到50微米。\r\n►标识：每一组米兰春天散热器均有激光打印的标识，无法仿制。\r\n►管件：均印有米兰春天标识管件，使产品质量与管件质量的售后更具有统一性，使客户更具信服度。\r\n►三险：行业里唯一一家受保险公司即产品质量责任，管件质量责任，安装工程一切责任全部承包的散热器生产销售厂家。\r\n','',1,0,1,1509681500,1509936408,0,'片',1,1000),(117,'钢制MY60-1800，',1,0,59,41,'/upload/good_img/20171103/3a0b892a35c7b1b2f82df869faadeb28.jpg','/upload/good_img_big/20171103/cf89fd30d211da34dacd5d6628441141.jpg',135.00,'米兰春天钢制散热器\r\n产品说明：米兰春天柱型散热器采用国际领先的焊接技术。它的基本材料系精选优质的钢管和带钢，经过切管、冲压、焊接、打磨、电泳、喷粉、防腐处理等几十道严格复杂的工艺加工而成。片头由钢板经数十道工序冲压、拉伸成型, 片头升级为2.5mm。 防腐：北京有色金属研究院专供有机内防腐。表层:阿克苏诺贝尔粉末2次静电喷塑。出厂产品的正面可带有：放气阀、丝堵、挂件。 \r\n产品特点：\r\n①色彩丰富、可为客户量身订做；②造型多变、可根据房间的结构做成角型或弧型；③喷塑表面、光滑细腻、易于清洁；④散热性能好、热辐射比例高，性能卓越；⑤热容量大、停热后持续有效供暖时间长； ⑥承压能力高达1.5Mpa，适用于各种高层建筑；⑦耐腐蚀、寿命长、使用得当可达15年以上；\r\n►塑粉：阿克苏诺贝尔塑粉，120度高温下无异味挥发，环保，无污染，含树脂高，流平好。180度高温烘烤20分钟，2次喷涂，抗紫外线，整体颜色长久不退色。通过国际环境局权威检测。\r\n防腐：北京有色金属学院专供散热器防腐涂料，抽真空灌装防腐工艺。原理;使产品内部变成真空状态，机器将防腐涂料抽入暖气内部，完毕，通过振动平台是每个角落均匀的附着防腐涂料，因为真空状态，不会产生气泡，会杜绝死角。最后放出多余防腐涂料，进入流水线烘干处理，共计三次防腐处理，厚度达到50微米。\r\n►标识：每一组米兰春天散热器均有激光打印的标识，无法仿制。\r\n►管件：均印有米兰春天标识管件，使产品质量与管件质量的售后更具有统一性，使客户更具信服度。\r\n►三险：行业里唯一一家受保险公司即产品质量责任，管件质量责任，安装工程一切责任全部承包的散热器生产销售厂家。\r\n','',1,0,1,1509681547,1509936398,0,'片',1,1000),(118,'蓝钢精品 XFL60-600',1,0,59,41,'/upload/good_img/20171103/63a760151ab3e8f18d6bc91c6e3a7180.jpg','/upload/good_img_big/20171103/84d3e421ecb7373e8c6b64c5eb3e8190.jpg',85.00,'','/upload/good_imgs/20171103/e2fe1263c9f9207463d209677220c9ab.jpg',2,0,1,1509681653,1509936346,0,'片',1,1000),(119,'铜铝系列MT120-600，',1,0,59,41,'/upload/good_img/20171103/4dc885ffdd1b9e9384a825f974b1be3a.jpg','/upload/good_img_big/20171103/86b46536364459ca1a5b6690daa0b981.jpg',124.00,'米兰春天铜铝复合散热器\r\n产品说明：米兰春天散热器铜铝复合系列水道主材均选用优质T2无氧紫铜管，经过液压涨接、切割、银铜焊接、打磨、静电喷塑等十几道严格复杂工艺加工而成。本品具有耐腐蚀，高强度，散热量高，使用寿命长，安全环保等优点。表层:阿克苏诺贝尔粉末 2次静电喷塑。 出厂产品的正面可带有：放气阀、丝堵、挂件。 \r\n产品特点：\r\n①色彩丰富、近20种色彩供客户选择；②造型多变、可根据房间的结构量身定做；③喷塑表面、光滑细腻、易于清洁；④散热性能好、热辐射比例高，性能卓越，较普通暖气提高30%以上； ⑤重量轻、耐腐蚀；⑥承压能力高达1.5Mpa，适用于各种高层建筑；⑦寿命长、使用得当可达25年以上；\r\n \r\n铜管：米兰春天主管道直径40毫米，水流更畅通，壁厚为1.0毫米的T2无氧紫铜管道，无杂质，更安全，支管为直径20毫米，0.8毫米T2无氧紫铜管道，外部铝材为中铝专供航天铝材。一般品牌 主管为32直径，厚度为0.8毫米的黄铜管道，支管为直径16毫米，厚度为0.6毫米厚度的黄铜管道。\r\n铜铝工艺：铜管与铝材的结合采用液压涨接技术，使铜管每一部分有效的与铝材结合，并加大过盈量，保证铜管在冷缩的过程中，不会出现与铝材脱层的现象。\r\n  一般涨接技术为人工或者机械涨接技术，通过将在铜管道中放入一个外径大于铜管内径的金属件，通过外力将金属件拉出，达到膨胀的效果。缺陷是金属件在拉涨的过程中会损伤铜管内壁。或者导致铜管破裂，另外，长时间的使用金属件，会产生磨损，最终是金属件的外径变小，达不到膨胀的效果，冷缩时，与铝材会产生脱层的现象，降低散热器的散热效果。\r\n','',1,0,1,1509681746,1509936330,0,'片',1,1000),(120,'铜铝系列MT808-1800，',1,0,59,41,'/upload/good_img/20171103/75a387f66929cfc76654c4f4b4795283.jpg','/upload/good_img_big/20171103/85d85225030aa858e07bb5de5ab443aa.jpg',216.00,'米兰春天铜铝复合散热器\r\n产品说明：米兰春天散热器铜铝复合系列水道主材均选用优质T2无氧紫铜管，经过液压涨接、切割、银铜焊接、打磨、静电喷塑等十几道严格复杂工艺加工而成。本品具有耐腐蚀，高强度，散热量高，使用寿命长，安全环保等优点。表层:阿克苏诺贝尔粉末 2次静电喷塑。 出厂产品的正面可带有：放气阀、丝堵、挂件。 \r\n产品特点：\r\n①色彩丰富、近20种色彩供客户选择；②造型多变、可根据房间的结构量身定做；③喷塑表面、光滑细腻、易于清洁；④散热性能好、热辐射比例高，性能卓越，较普通暖气提高30%以上； ⑤重量轻、耐腐蚀；⑥承压能力高达1.5Mpa，适用于各种高层建筑；⑦寿命长、使用得当可达25年以上；\r\n \r\n铜管：米兰春天主管道直径40毫米，水流更畅通，壁厚为1.0毫米的T2无氧紫铜管道，无杂质，更安全，支管为直径20毫米，0.8毫米T2无氧紫铜管道，外部铝材为中铝专供航天铝材。一般品牌 主管为32直径，厚度为0.8毫米的黄铜管道，支管为直径16毫米，厚度为0.6毫米厚度的黄铜管道。\r\n铜铝工艺：铜管与铝材的结合采用液压涨接技术，使铜管每一部分有效的与铝材结合，并加大过盈量，保证铜管在冷缩的过程中，不会出现与铝材脱层的现象。\r\n  一般涨接技术为人工或者机械涨接技术，通过将在铜管道中放入一个外径大于铜管内径的金属件，通过外力将金属件拉出，达到膨胀的效果。缺陷是金属件在拉涨的过程中会损伤铜管内壁。或者导致铜管破裂，另外，长时间的使用金属件，会产生磨损，最终是金属件的外径变小，达不到膨胀的效果，冷缩时，与铝材会产生脱层的现象，降低散热器的散热效果。\r\n','',1,0,1,1509681795,1509936149,0,'片',1,1000),(121,'铜铝系列MTG755-600，',1,0,59,41,'/upload/good_img/20171103/b94978124f875ea6de6b99b7de82203b.jpg','/upload/good_img_big/20171103/8b21fd6e65bd254b3978dd929b5f6b94.jpg',111.00,'米兰春天铜铝复合散热器\r\n产品说明：米兰春天散热器铜铝复合系列水道主材均选用优质T2无氧紫铜管，经过液压涨接、切割、银铜焊接、打磨、静电喷塑等十几道严格复杂工艺加工而成。本品具有耐腐蚀，高强度，散热量高，使用寿命长，安全环保等优点。表层:阿克苏诺贝尔粉末 2次静电喷塑。 出厂产品的正面可带有：放气阀、丝堵、挂件。 \r\n产品特点：\r\n①色彩丰富、近20种色彩供客户选择；②造型多变、可根据房间的结构量身定做；③喷塑表面、光滑细腻、易于清洁；④散热性能好、热辐射比例高，性能卓越，较普通暖气提高30%以上； ⑤重量轻、耐腐蚀；⑥承压能力高达1.5Mpa，适用于各种高层建筑；⑦寿命长、使用得当可达25年以上；\r\n \r\n铜管：米兰春天主管道直径40毫米，水流更畅通，壁厚为1.0毫米的T2无氧紫铜管道，无杂质，更安全，支管为直径20毫米，0.8毫米T2无氧紫铜管道，外部铝材为中铝专供航天铝材。一般品牌 主管为32直径，厚度为0.8毫米的黄铜管道，支管为直径16毫米，厚度为0.6毫米厚度的黄铜管道。\r\n铜铝工艺：铜管与铝材的结合采用液压涨接技术，使铜管每一部分有效的与铝材结合，并加大过盈量，保证铜管在冷缩的过程中，不会出现与铝材脱层的现象。\r\n  一般涨接技术为人工或者机械涨接技术，通过将在铜管道中放入一个外径大于铜管内径的金属件，通过外力将金属件拉出，达到膨胀的效果。缺陷是金属件在拉涨的过程中会损伤铜管内壁。或者导致铜管破裂，另外，长时间的使用金属件，会产生磨损，最终是金属件的外径变小，达不到膨胀的效果，冷缩时，与铝材会产生脱层的现象，降低散热器的散热效果。\r\n','',1,0,1,1509681839,1509936105,0,'片',1,1000),(122,'铜铝系列MY755-1800.',1,0,59,41,'/upload/good_img/20171103/701be5edb1e21922cc3ddbfae0497315.jpg','/upload/good_img_big/20171103/faf60279ad1c1ca5ba2b9134dd16c39f.jpg',213.00,'米兰春天铜铝复合散热器\r\n产品说明：米兰春天散热器铜铝复合系列水道主材均选用优质T2无氧紫铜管，经过液压涨接、切割、银铜焊接、打磨、静电喷塑等十几道严格复杂工艺加工而成。本品具有耐腐蚀，高强度，散热量高，使用寿命长，安全环保等优点。表层:阿克苏诺贝尔粉末 2次静电喷塑。 出厂产品的正面可带有：放气阀、丝堵、挂件。 \r\n产品特点：\r\n①色彩丰富、近20种色彩供客户选择；②造型多变、可根据房间的结构量身定做；③喷塑表面、光滑细腻、易于清洁；④散热性能好、热辐射比例高，性能卓越，较普通暖气提高30%以上； ⑤重量轻、耐腐蚀；⑥承压能力高达1.5Mpa，适用于各种高层建筑；⑦寿命长、使用得当可达25年以上；\r\n \r\n铜管：米兰春天主管道直径40毫米，水流更畅通，壁厚为1.0毫米的T2无氧紫铜管道，无杂质，更安全，支管为直径20毫米，0.8毫米T2无氧紫铜管道，外部铝材为中铝专供航天铝材。一般品牌 主管为32直径，厚度为0.8毫米的黄铜管道，支管为直径16毫米，厚度为0.6毫米厚度的黄铜管道。\r\n铜铝工艺：铜管与铝材的结合采用液压涨接技术，使铜管每一部分有效的与铝材结合，并加大过盈量，保证铜管在冷缩的过程中，不会出现与铝材脱层的现象。\r\n  一般涨接技术为人工或者机械涨接技术，通过将在铜管道中放入一个外径大于铜管内径的金属件，通过外力将金属件拉出，达到膨胀的效果。缺陷是金属件在拉涨的过程中会损伤铜管内壁。或者导致铜管破裂，另外，长时间的使用金属件，会产生磨损，最终是金属件的外径变小，达不到膨胀的效果，冷缩时，与铝材会产生脱层的现象，降低散热器的散热效果。\r\n','',1,0,1,1509681880,1509935962,0,'片',1,1000),(123,'卫浴CW-74',1,0,59,41,'/upload/good_img/20171103/108d95b42f8532448fe6ec6eb366e93b.jpg','/upload/good_img_big/20171103/a6e81ffd53e3012de53da705db77de74.jpg',260.00,'','',1,0,1,1509681934,1509935947,0,'片',1,1000),(124,'卫浴CW-94',1,0,59,41,'/upload/good_img/20171103/466ba7c8c96cb9d20ea74cc9479ee8d1.jpg','/upload/good_img_big/20171103/7d6113340d59ebe32e522cc316f34adb.jpg',320.00,'','/upload/good_imgs/20171103/b0f4ec48277669589071aa05d0372c55.jpg',2,0,1,1509681973,1509935929,0,'片',1,1000),(125,'M03-1204E1P',1,0,62,42,'/upload/good_img/20171103/1631e606f0673a98a7e48c71242fc17d.jpg','/upload/good_img_big/20171103/3d48827f0e8e26144ab588ac700571df.jpg',2680.00,'主机；1.2米，整杆长度；2.2米，宽度；48公分。行业之最—6cm机身厚度，超薄平板灯灯具设计，简约时尚。\r\n行业首创字母式晾衣杆，移动自锁滑动挂环设计，可以移动晾晒位置，收晾更方便更快捷，适合现代都市生活节奏。\r\n','',1,0,1,1509687859,1509935905,0,'个',1,1000),(126,'M01-1204BP',1,0,62,42,'/upload/good_img/20171103/77719cb8a802a0426fd998a97b3f78c7.jpg','/upload/good_img_big/20171103/fb8049cc353547e342ea41ca64f9c37c.jpg',2150.00,'主机；1.2米，伸缩杆。可伸缩到2米。\r\n精致小巧款，行业超薄款，整机厚度16公分，可伸缩调节系列，晾晒被单时加长使用，平时晾晒衣服是最短可到1,2米。遇阻自停，任何高度遇到阻碍立即停止，呵护家人健康。\r\n','',1,0,1,1509687968,1509935893,0,'个',1,1000),(127,'小资情怀',1,0,51,35,'/upload/good/20171225/729ebb0f2781caf4f1f5eaa86e489f1e.jpg','/upload/good_img_big/20171103/b0315a17333bc2b14a64baf2fca6736b.jpeg',8888.00,'','/upload/good_imgs/20171103/52c4cd17e53877d3f453e256aa053e12.jpg',2,0,1,1509688853,1514183417,1,'元',1,1000),(128,'ZLT202单窗（甲级）',1,0,58,36,'/upload/good_img/20171104/3fc7b26996de03ea6b3552084d3e41c0.jpg','/upload/good_img_big/20171104/b058413cd06398b297ab4025e52ef45a.jpg',2690.00,'','/upload/good_imgs/20171104/6c9732bcc8a2f711c82c11dee743deaa.jpg',2,0,1,1509762184,1514089884,0,'樘',1,1000),(129,'ZL205（甲级）',1,0,58,36,'/upload/good_img/20171104/3838a2204fc350660690de3bb4a0aedc.jpg','/upload/good_img_big/20171104/20e2672bb3df29ab917a26a675361e0c.jpg',2650.00,'','/upload/good_imgs/20171104/bd6e4dfa1dc26dc80a464bfce2a1b966.jpg',2,0,1,1509762257,1514089872,0,'樘',1,1000),(130,'ZL207（甲级）',1,0,58,36,'/upload/good_img/20171104/83239eaf8378d94059360b814b42417e.jpg','/upload/good_img_big/20171104/e63e82f883fe6d275b034868bd49bcaa.jpg',2790.00,'','/upload/good_imgs/20171104/43a19c2866fffcd64257dd80cea5050d.jpg',2,0,1,1509762318,1514089859,0,'樘',1,1000),(131,'ZL208（甲级）',1,0,58,36,'/upload/good_img/20171104/e9164a4bddf5532144d80d6fd2f83c7a.jpg','/upload/good_img_big/20171104/86a600af23958b533af99e2527553bab.jpg',2730.00,'','/upload/good_imgs/20171104/d5737e1a92dd9610d81c7aa65f2ee76d.jpg',2,0,1,1509762382,1514089846,0,'樘',1,1000),(132,'ZL213（甲级）',1,0,58,36,'/upload/good_img/20171104/3425cdfabfc9a898a1939f958300974c.jpg','/upload/good_img_big/20171104/fdd0ae90475cb5a74855c3bc9ecdd5dd.jpg',3160.00,'','/upload/good_imgs/20171104/f7e92f4e251ba60e5574bb5e4b38e878.jpg',2,0,1,1509762430,1514089832,0,'樘',1,1000),(133,'PT801单窗',1,0,58,36,'/upload/good_img/20171104/b4bddf246229d7e2f6befb9258589528.jpg','/upload/good_img_big/20171104/42630e2587856f3d8e992bf6c033335e.jpg',3330.00,'','/upload/good_imgs/20171104/139b42b6b5952dc188370af247a54414.jpg',2,0,1,1509762495,1514089797,0,'樘',1,1000),(134,'PF804（甲级）',1,0,58,36,'/upload/good_img/20171104/dbad27067497fb2af74fbaddf07d2394.jpg','/upload/good_img_big/20171104/309d6359ec8b02edde5e9b2954d58371.jpg',3460.00,'','/upload/good_imgs/20171104/ecb5c43944629545ad8df1ebac214536.jpg',2,0,1,1509762546,1514089784,0,'樘',1,1000),(135,'PF805（甲级）',1,0,58,36,'/upload/good_img/20171104/4ab7429dbf2eec5daa3a5cd3e9a30ce7.jpg','/upload/good_img_big/20171104/b52773a8dabff8a6a04bb901c0b20213.jpg',3670.00,'','/upload/good_imgs/20171104/526be8cae1c4814964d4d9e0f5b931cb.jpg',2,0,1,1509762599,1514089743,0,'樘',1,1000),(136,'PF807（甲级）',1,0,58,36,'/upload/good_img/20171104/c562a0e185bc6c9c45a96c38ae2a4923.jpg','/upload/good_img_big/20171104/49e04834fd57ef7aa93ae44c3df8770b.jpg',3520.00,'','/upload/good_imgs/20171104/91881e3f81b96245f91cb365f0eb89cd.jpg',2,0,1,1509762665,1514089769,0,'樘',1,1000),(137,'净家超环保抗过敏儿童漆 （原装进口）（两面赠一底）',1,0,50,29,'/upload/good_img/20171104/9f6a63125e98c1fcc33fbf0b2fa6fba7.jpg','/upload/good_img_big/20171104/3218df0b10a5e137711dbd5aa796f4da.jpg',1999.00,'','',1,0,1,1509762784,1509935375,0,'组',1,1000),(138,'悠静超环保儿童内墙漆 （原装进口）（两面赠一底）',1,0,50,29,'/upload/good_img/20171104/a6c305dd8a5fc21062c2a4dd6a21ce3f.jpg','/upload/good_img_big/20171104/7e63b5558176215f8d65362a70f50b1d.jpg',1690.00,'','',1,0,1,1509762849,1509935361,0,'组',1,1000),(139,'欧洲白哑光内墙漆 （国产系列）（两面赠一底）',1,0,50,29,'/upload/good_img/20171104/591b3dc4c095c57846bda30f9b8285b4.jpg','/upload/good_img_big/20171104/c33659d5b9a7afca18cd82d2e38fa0ee.jpg',868.00,'','',1,0,1,1509762894,1509934200,0,'组',1,1000),(140,'南山断桥铝60系列',1,0,56,34,'/upload/good_img/20171106/db72e5b6af09dd3589bc448b21d863ec.jpg','',699.00,'','',1,0,1,1509932690,1509934145,0,'平方米',1,1000),(141,'南山断桥铝72系列',1,0,56,34,'/upload/good_img/20171106/ffcd96d790d23fc85f4034af5e52cbc1.jpg','',899.00,'','',1,0,1,1509932913,1509934103,0,'平方米',1,1000),(283,'德高断桥铝门窗，满平米数送开扇',1,0,56,39,'/upload/good_img/20171225/5f9f41896e2e4ef7d39b9b0a596dad32.jpg','',0.00,'十平米送三个开扇，送开扇数量按面积来定','',1,0,1,1514178104,1514178104,0,'平米',0,1000),(297,'测试商户添加1',1,4,56,103,'/upload/good_img/20171225/afc9e1ef3f5c133fd22a897cef137a41.jpg','',0.01,'作为国内前三强的VPS提供商，规模化运营使我们占据成本优势是一线VPS提供商中性价比领先的服务商！','',1,0,1,1514184653,1514276375,0,'m2',0,2),(142,'双十一补单限时专用券',1,0,60,43,'/upload/good/20171110/4397971ce9a1fd810c15b3368bbaf3a1.jpg','',100.00,'','',1,0,2,1510024576,1511143302,0,'张',1,1000),(143,'双十一补单专用券',1,0,60,43,'/upload/good_img/20171107/462f2979d0fb8fc4947c435af624644f.jpg','',100.00,'','',1,0,2,1510026027,1510026343,0,'元',0,1000),(144,'双十一补单限时专用券',1,0,51,44,'/upload/good/20171110/421390f49567b3ab0f2dbf77bf853724.jpg','',100.00,'','',1,0,2,1510026077,1511143299,0,'张',1,1000),(145,'双十一补单限时专用券',1,0,60,45,'/upload/good/20171110/5d834d34f6578b6d75115a189d1d294b.jpg','',100.00,'','',1,0,2,1510026102,1511143295,0,'张',1,1000),(146,'双十一补单限时专用券',1,0,54,46,'/upload/good/20171110/8963c5d83b507130c53367f62c15a7ca.jpg','',100.00,'','',1,0,2,1510026137,1511143292,0,'张',1,1000),(147,'双十一补单专用券',1,0,39,47,'/upload/good_img/20171107/150af84a4e207c74fec7c4920769410d.jpg','',100.00,'','',1,0,0,1510026167,1510209681,0,'张',1,1000),(148,'双十一补单限时专用券',1,0,52,48,'/upload/good/20171110/a672274e04b8ab0180147638ec2ba9da.jpg','',100.00,'','',1,0,2,1510026199,1511143289,0,'张',1,1000),(149,'双十一补单限时专用券',1,1,61,49,'/upload/good/20171110/f7b625d06cf0d30f14241839abd365c1.jpg','',100.00,'','',1,0,2,1510026230,1511230107,0,'张',1,1000),(150,'双十一补单限时专用券',1,0,52,83,'/upload/good/20171110/aae0791e759c4f6679a6e6ef2ca64c9c.jpg','',100.00,'','',1,0,2,1510026267,1511143279,0,'张',1,1000),(151,'双十一补单专用券',1,0,50,82,'/upload/good_img/20171107/9c15174622e0e40e0347252d195b45e0.jpg','',100.00,'','',1,0,2,1510026293,1510026402,0,'',0,1000),(152,'双十一补单限时专用券',1,0,50,82,'/upload/good/20171110/b6281da7eb63dc4e1e90b51d4cc8d7ad.jpg','',100.00,'','',1,0,2,1510026374,1511143276,0,'张',1,1000),(153,'双十一补单限时专用券',1,0,60,50,'/upload/good/20171110/e4a704d2573d7baa7d2f68b230526718.jpg','',100.00,'','',1,0,2,1510026393,1511143273,0,'张',1,1000),(154,'双十一补单限时专用券',1,0,61,81,'/upload/good/20171110/33b0ff0b8250b25b68968204f55b7745.jpg','',100.00,'','',1,0,2,1510026427,1511143270,0,'张',1,1000),(155,'双十一补单限时专用券',1,0,58,51,'/upload/good/20171110/dbc9deda8f37f885c386104fa24a8ff1.jpg','',100.00,'','',1,0,2,1510026433,1511143266,0,'张',1,1000),(156,'双十一补单限时专用券',1,0,62,80,'/upload/good/20171110/2aee653fb4a4b9a1217e08ea191f77a3.jpg','',100.00,'','',1,0,2,1510026444,1511143263,0,'张',1,1000),(157,'双十一补单限时专用券',1,0,48,52,'/upload/good/20171110/0653c2f62de90a2ca4d3470c8b7e985f.jpg','',100.00,'','',1,0,2,1510026456,1511143260,0,'张',1,1000),(158,'双十一补单限时专用券',1,0,62,79,'/upload/good/20171110/43f49495023f9e5fd586befd4bc11066.jpg','',100.00,'','',1,0,2,1510026461,1511143257,0,'张',1,1000),(159,'双十一补单限时专用券',1,0,49,78,'/upload/good/20171110/c57e3f57f88911531cf15c1dcc11373b.jpg','',100.00,'','',1,0,2,1510026477,1511143254,0,'张',1,1000),(160,'双十一补单限时专用券',1,0,61,53,'/upload/good/20171110/259c1fb1570fba0c24eef91f39afb96b.jpg','',100.00,'','',1,0,2,1510026483,1511143251,0,'张',1,1000),(161,'双十一补单限时专用券',1,0,50,54,'/upload/good/20171110/1fb5b9d246a747d3cc180194f92fc7d3.jpg','',100.00,'','',1,0,2,1510026514,1511143247,0,'张',1,1000),(162,'双十一补单限时专用券',1,0,53,55,'/upload/good/20171110/048f78f63e154b962ee38e0f172aa8f5.jpg','',100.00,'','',1,0,2,1510026539,1511143244,0,'张',1,1000),(163,'双十一补单限时专用券',1,0,60,56,'/upload/good/20171110/bb087353b34e6244244ae73909dfad71.jpg','',100.00,'','',1,0,2,1510026563,1511143240,0,'张',1,1000),(164,'双十一补单专用券',1,0,41,57,'/upload/good_img/20171107/a364b28496ffc097b22f68a17c7a1a94.jpg','',100.00,'','',1,0,0,1510026590,1510210054,0,'张',1,1000),(165,'双十一补单限时专用券',1,0,55,77,'/upload/good/20171110/929894480c432a5afc7885df49c4abd8.jpg','',100.00,'','',1,0,2,1510026598,1511143236,0,'张',1,1000),(166,'双十一补单限时专用券',1,0,57,58,'/upload/good/20171110/ad0296e06823ad4c1127e5f0ae21ad5f.jpg','',100.00,'','',1,0,2,1510026612,1511143233,0,'张',1,1000),(167,'双十一补单限时专用券',1,0,52,76,'/upload/good/20171110/2d5384eb799677497e80a3e0eaf16967.jpg','',100.00,'','',1,0,2,1510026617,1511143229,0,'张',1,1000),(168,'双十一补单限时专用券',1,0,69,75,'/upload/good/20171110/4237e2d1c5b4e4a07dc4412a337a260b.jpg','',100.00,'','',1,0,2,1510026637,1511143225,0,'张',1,1000),(169,'卡萨帝冰箱BCD-360WDCL风冷（自动除霜）托斯卡纳【金】第四空间_红外瞬时食材感温_专区智慧送风',1,0,57,59,'/upload/good/20171109/78a8a34ff6cc098124725b9c9ad4e471.jpeg','',7599.00,'','',2,0,0,1510026638,1510212375,0,'台',1,1000),(170,'双十一补单限时专用券',1,0,58,74,'/upload/good/20171110/6ce7943131c007219af3df715dcc547b.jpg','',100.00,'','',1,0,2,1510026661,1511143222,0,'张',1,1000),(171,'双十一补单限时专用券',1,0,61,60,'/upload/good/20171110/6baf0db281e49bb6bbfb5027868f6df0.jpg','',100.00,'','',1,0,2,1510026664,1511143218,0,'张',1,1000),(172,'双十一补单限时专用券',1,0,58,73,'/upload/good/20171110/5b9a8029373a81a451f6dd2ef549baa4.jpg','',100.00,'','',1,0,2,1510026682,1511143214,0,'张',1,1000),(173,'双十一补单限时专用券',1,0,60,61,'/upload/good/20171110/af97abbcb113f92a3a2c264c409459a2.jpg','',100.00,'','',1,0,2,1510026692,1511143210,0,'张',1,1000),(174,'双十一补单限时专用券',1,0,50,72,'/upload/good/20171110/9e18835333e367cd7aff8ad20b6fb877.jpg','',100.00,'','',1,0,2,1510026701,1511143207,0,'张',1,1000),(175,'双十一补单限时专用券',1,0,48,71,'/upload/good/20171110/df1ae0da8586e86e9b02f00bf0bb48d8.jpg','',100.00,'','',1,0,2,1510026720,1511143203,0,'张',1,1000),(176,'双十一补单限时专用券',1,0,54,62,'/upload/good/20171110/778e648ce1f269180f90774cdbb04dee.jpg','',100.00,'','',1,0,2,1510026724,1511143199,0,'张',1,1000),(177,'双十一补单限时专用券',1,0,49,70,'/upload/good/20171110/9c7a8004ba11320beaa4307afaf4d22d.jpg','',100.00,'','',1,0,2,1510026740,1511143196,0,'张',1,1000),(178,'双十一补单限时专用券',1,0,54,63,'/upload/good/20171110/94d955fac8528678358f3e80491ca67f.jpg','',100.00,'','',1,0,2,1510026750,1511230102,0,'张',1,1000),(179,'双十一补单限时专用券',1,0,52,69,'/upload/good/20171110/8a22fe856517b74d7915b86b3c6c4918.jpg','',100.00,'','',1,0,2,1510026769,1511143185,0,'张',1,1000),(180,'双十一补单限时专用券',1,0,53,64,'/upload/good/20171110/a8d8180b5f01875f7ccee7bcc18c3a88.jpg','',100.00,'','',1,0,2,1510026772,1511143181,0,'张',1,1000),(181,'双十一补单限时专用券',1,0,57,68,'/upload/good/20171110/9b78254fc728da9601b5cff8da040308.jpg','',100.00,'','',1,0,2,1510026791,1511143320,0,'张',1,1000),(182,'双十一补单限时专用券',1,0,53,65,'/upload/good/20171110/8520be2691fe2aef0213dfb4c2b6df0f.jpg','',100.00,'','',1,0,2,1510026801,1511143315,0,'张',1,1000),(183,'双十一补单限时专用券',1,0,62,67,'/upload/good/20171110/0d05e6dfd042c0dde21c5424e8be6d5f.jpg','',100.00,'','',1,0,2,1510026821,1511143174,0,'张',1,1000),(184,'双十一补单限时专用券',1,0,57,66,'/upload/good/20171110/2124b6cc9fe1e9d3730cf376688a0bb1.jpg','',100.00,'','',1,0,2,1510026824,1511143169,0,'张',1,1000),(185,'双十一补单专用券',1,0,62,67,'/upload/good_img/20171107/aaad4f8f7d888cc93d854e47db29b9d3.jpg','',100.00,'','',1,0,2,1510026849,1510026877,0,'元',0,1000),(186,'双十一补单专用券',1,0,57,66,'/upload/good_img/20171107/4e4386fb4bea3eef1d61b81c953cb6c1.jpg','',100.00,'','',1,0,2,1510026856,1510026868,0,'',0,1000),(191,'卡萨帝洗衣机C8 U12G3同步柔性科技、12+18柔护程序一体技术、双筒合体技术、7维定位减震科技',1,0,57,84,'/upload/good_img/20171110/b2c10ce12f6b963cc893a99e24056ae3.jpeg','',13999.00,'','/upload/good_imgs/20171110/0da377e01138acad610311d48565f5f0.jpg',2,0,1,1510292873,1510292905,0,'台',1,1000),(187,'卡萨帝冰箱BCD-360WDCL风冷（自动除霜）托斯卡纳【金】第四空间_红外瞬时食材感温_专区智慧送风',1,0,57,84,'/upload/good_img/20171109/b07123044385e481e0d0efbd0e2ad949.jpeg','',7599.00,'','/upload/good_imgs/20171109/3c9e005ec18bcfd652de3a9ac49702de.jpg',2,0,1,1510217340,1510220089,0,'台',1,1000),(188,'海尔冰箱BCD-486WDGE风冷（自动除霜）画沙【玫瑰金】新国标一级；干湿分储，各享新鲜：',1,0,57,84,'/upload/good_img/20171109/3201772a75083aa135b3e5bed516e011.jpeg','',6599.00,'','/upload/good_imgs/20171110/57f8ccc7853f7b34db795da9e133e107.jpg',2,0,1,1510217463,1510277232,0,'台',1,1000),(189,'萨帝冰箱BCD-622WDCAU1风冷（自动除霜）布伦斯+【香槟金】 ',1,0,57,84,'/upload/good_img/20171109/50481cf1164e64a51f14fe4fa67bd9c8.jpg','',11599.00,'','/upload/good_imgs/20171109/63901573cd64a074112c93cf9af0249b.jpg',2,0,1,1510219870,1510220048,0,'台',1,1000),(190,'海尔冰箱BCD-557WDGSU1风冷（自动除霜）画沙【金】 ',1,0,57,84,'/upload/good_img/20171109/e11e9c084ad8f638f5e1e375a0c50433.jpg','',9499.00,'','/upload/good_imgs/20171109/376fff5ae521ab910edf176f99b0a8e2.jpg',2,0,1,1510220366,1510220366,0,'台',0,1000),(192,'海尔洗衣机G80728HBX12G全自动香槟金 ',1,0,57,84,'/upload/good_img/20171110/2c11b63400738866106ba9b2beb9b206.jpeg','',4799.00,'','/upload/good_imgs/20171110/64a46831730a4e9821e7348cac58b4f6.jpeg',2,0,1,1510292996,1510293008,0,'台',1,1000),(193,'双十一补单限时专用券',1,0,60,90,'/upload/good_img/20171110/680a48991366a1fadad19267cc877204.jpg','',100.00,'','',1,0,2,1510297425,1511143160,0,'张',1,1000),(195,'双十一补单限时专用券',1,0,59,88,'/upload/good_img/20171110/7cce2d35851fc5a6dc2e0a65ea595edf.jpg','',100.00,'','',1,0,2,1510297691,1511143153,0,'张',1,1000),(194,'双十一补单限时专用券',1,0,57,89,'/upload/good_img/20171110/f031f6f33099a2d16d7a951d48af802b.jpg','',100.00,'','',1,0,2,1510297481,1511143157,0,'张',1,1000),(196,'双十一补单限时专用券',1,0,54,87,'/upload/good_img/20171110/0a6a8f54b23d5b3d047ac562793f539d.jpg','',100.00,'','',1,0,2,1510297729,1511143149,0,'张',1,1000),(197,'双十一补单限时专用券',1,0,55,86,'/upload/good_img/20171110/accb43de3c9cb29a52d3337b3d9d02e2.jpg','',100.00,'','',1,0,2,1510297755,1511143145,0,'张',1,1000),(198,'双十一补单限时专用券',1,0,48,85,'/upload/good_img/20171110/48ab5966e3bc0ac4f460814055dbb722.jpg','',100.00,'','',1,0,2,1510297817,1511143139,0,'张',1,1000),(207,'双十一补单限时专用券',1,0,55,32,'/upload/good_img/20171114/80078ded98b7584b584c402f672812cc.jpg','',100.00,'','',1,0,2,1510624757,1511143095,0,'张',1,1000),(208,'双十一补单限时专用券',1,0,59,33,'/upload/good_img/20171114/9f9af4fbd3f6b26c52e1623600e60692.jpg','',100.00,'','',1,0,2,1510624799,1511143091,0,'张',1,1000),(209,'双十一补单限时专用券',1,0,56,34,'/upload/good_img/20171114/f7dfa1abd44199592baff711d887f1b1.jpg','',100.00,'','',1,0,2,1510624877,1511143086,0,'张',1,1000),(210,'双十一补单限时专用券',1,0,51,35,'/upload/good_img/20171114/e965e6f0bcda4e50f32de5d6321c1495.jpg','',100.00,'','',1,0,2,1510624922,1511143081,0,'张',1,1000),(211,'双十一补单限时专用券',1,0,58,36,'/upload/good_img/20171114/929f9df1568fa06e2b54782924351641.jpg','',100.00,'','',1,0,2,1510625018,1511143067,0,'张',1,1000),(212,'双十一补单限时专用券',1,0,56,37,'/upload/good_img/20171114/90d7b6b8be61827c6a1cdaac688351d5.jpg','',100.00,'','',1,0,2,1510625058,1511230093,0,'张',1,1000),(213,'双十一补单限时专用券',1,0,61,38,'/upload/good_img/20171114/c33c71c2fb3f6891cfba645f143a7b23.jpg','',100.00,'','',1,0,2,1510625090,1511143045,0,'张',1,1000),(214,'双十一补单限时专用券',1,0,56,39,'/upload/good_img/20171114/17afd20c6c18a4846947667c16434172.jpg','',100.00,'','',1,0,2,1510625124,1511143041,0,'张',1,1000),(215,'双十一补单限时专用券',1,0,61,40,'/upload/good_img/20171114/a82aef3242707733b702fc39c1c679cc.jpg','',100.00,'','',1,0,2,1510625158,1511143037,0,'张',1,1000),(216,'双十一补单限时专用券',1,0,59,41,'/upload/good_img/20171114/e25523935424904c5b318a1b49afb1aa.jpg','',100.00,'','',1,0,2,1510625193,1511143032,0,'张',1,1000),(217,'双十一补单限时专用券',1,0,62,42,'/upload/good_img/20171114/e324c1f5a313076e7d9821a5e928b964.jpg','',100.00,'','',1,0,2,1510625226,1511143028,0,'张',1,1000),(218,'双十一补单限时专用券',1,0,57,84,'/upload/good_img/20171114/d3623e976aa76615bc02352c824aebf3.jpg','',100.00,'','',1,0,2,1510625266,1511143023,0,'张',1,1000),(219,'便宜了啊呀1',1,5,56,37,'/upload/good_img/20171122/795e86a7ce3ecd0d86d8a166a6fbae51.jpg','',0.50,'我提没有登录权限的用户如需扫码直接登录小程序，\r\n可联系管理员在“用户身份-成员管理”中设置','',1,0,2,1511315898,1511417229,0,'m2',0,1000),(220,'松下全热交换器FY-15ZDP1C （含安装及原装配件）',1,0,60,92,'/upload/good_img/20171124/7aa0de3bd746bc32994b238ae54eea02.jpg','',14800.00,'','/upload/good_imgs/20171215/9f51d3cb6f8bd3a266aa295bba9b5df8.jpg',2,0,1,1511491112,1513329729,0,'',1,1000),(221,'松下全热交换器FY-25ZDP1C（含安装及原装配件）',1,0,60,92,'/upload/good_img/20171124/89bdc1fb339cf158341a9239758920d7.jpg','',16800.00,'','/upload/good_imgs/20171215/2aa10f70526b8acb7691aa69ed71a86f.jpg',2,0,1,1511491183,1513329719,0,'',1,1000),(222,'松下全热交换器FY-35ZDP1C （ 含安装及原装配件）',1,0,60,92,'/upload/good_img/20171124/ad20c2fa40a5909a9642b632ae10f7d5.jpg','',17800.00,'','/upload/good_imgs/20171215/64fccb447503a0653eaf4af541a4dffc.jpg',2,0,1,1511491221,1513329707,0,'',1,1000),(223,'大浮雕',1,0,49,93,'/upload/good_img/20171127/446e0885cb38b5d29ad46e4a38e68530.jpg','',355.00,'','',1,0,1,1511746557,1511746565,0,'平方米',1,1000),(224,'非洲紫檀',1,0,49,93,'/upload/good_img/20171127/359ae84b6f260b801027489d371e6562.jpg','',395.00,'','',1,0,1,1511746596,1511746606,0,'平方米',1,1000),(225,'横纹橡木',1,0,49,93,'/upload/good_img/20171127/a434b6fbb688dfba775cd326c190a4df.jpg','',399.00,'','',1,0,1,1511746678,1511746685,0,'平方米',1,1000),(226,'横纹橡木（颜色）',1,0,49,93,'/upload/good_img/20171127/e172c38e2c6a35b8886671cc0823b631.jpg','',399.00,'','',1,0,1,1511746718,1511746730,0,'平方米',1,1000),(227,'金丝柚木',1,0,49,93,'/upload/good_img/20171127/1d941442f612c7a490868a2b2c3f170d.jpg','',350.00,'','',1,0,1,1511746756,1511746767,0,'平方米',1,1000),(228,'金檀木',1,0,49,93,'/upload/good_img/20171127/aad2c57908c903389c3a85b6cb7c98d5.jpg','',288.00,'','',1,0,1,1511746794,1511746803,0,'平方米',1,1000),(229,'揽柚木',1,0,49,93,'/upload/good_img/20171127/60062110cbd98aedd62ac90d85a7b13e.jpg','',365.00,'','',1,0,1,1511746832,1511746843,0,'平方米',1,1000),(230,'老橡木',1,0,49,93,'/upload/good_img/20171127/b6e08afadacb2919a6ee8782bc5c18e0.jpg','',355.00,'','',1,0,1,1511746868,1511746878,0,'平方米',1,1000),(231,'老榆木',1,0,49,93,'/upload/good_img/20171127/d7537d031d19870754022aeb05e920d7.jpg','',298.00,'','',1,0,1,1511746909,1511746923,0,'平方米',1,1000),(232,'龙脑香',1,0,49,93,'/upload/good_img/20171127/c13d924c43b59126079192cf754d1c59.jpg','',419.00,'','',1,0,1,1511746949,1511746958,0,'平方米',1,1000),(233,'扑克拉红檀',1,0,49,93,'/upload/good_img/20171127/c6c5e8a25907aebd6fa5b47c86f5d345.jpg','',208.00,'','',1,0,1,1511746992,1511747002,0,'平方米',1,1000),(234,'唐木亮光',1,0,49,93,'/upload/good_img/20171127/d9b54917ad37b2dcf500700a74543022.jpg','',259.00,'','',1,0,1,1511747030,1511747039,0,'平方米',1,1000),(235,'艺术地板',1,0,49,93,'/upload/good_img/20171127/a4c183881ac46fa80d5da7be4af1c414.jpg','',355.00,'','',1,0,1,1511747065,1511747074,0,'平方米',1,1000),(236,'AAVI AAVI L01',1,0,60,97,'/upload/good_img/20171127/c04f5e02e4374e9a899c4b47636001a7.png','',17999.00,'AAVI雅威尊享款无滤网耗材新风空气净化器家用无滤网自清洁离子瀑\r\n无耗材自清洁恒定净化\r\n保修期: 5年\r\n品牌: AAVI\r\n型号: AAVI L01\r\n噪音: 0-59dB\r\n风量: 160立方米/小时\r\n使用面积：30-60㎡\r\n一次净化效率：99%\r\n功能: 除颗粒物 除甲醛 除烟除尘 除雾霾  高效净化过敏原、病毒与细菌\r\n适用对象: 家用 卧室 客厅 办公室\r\n','',1,0,1,1511768758,1511770465,0,'台',1,1000),(237,'AAVI AAVI L02',1,0,60,97,'/upload/good_img/20171127/101b1e3e2497a25e2b551c018c6f86cc.png','',18999.00,'AAVI雅威尊贵款无滤网耗材新风空气净化器家用无滤网自清洁离子瀑\r\n无耗材自清洁恒定净化\r\n产品价格：18999元/台\r\n品牌: AAVI\r\n型号: AAVI L02\r\n噪音: 0-59dB\r\n风量: 160立方米/小时\r\n使用面积：30-60㎡\r\n一次净化效率：99%\r\n功能: 除颗粒物 除甲醛 除烟除尘 除雾霾 高效净化过敏原、病毒与细菌\r\n适用对象: 家用 卧室 客厅 办公室\r\n','',1,0,1,1511769109,1511770526,0,'台',1,1000),(238,'全热交换新风净化器 型号：A600',1,0,60,97,'/upload/good_img/20171127/99a48b444bef4376d6a7743eb41a8200.jpg','',49999.00,'名称：全热交换新风净化器\r\n保修期: 5年\r\n品牌: AAVI\r\n适用对象: 家用 商用\r\n','',1,0,1,1511769457,1511769475,0,'台',1,1000),(239,'AAVI AAVI L03',1,0,60,97,'/upload/good_img/20171127/890889341fe5fcb4706fe3546736f681.png','',21999.00,'AAVI雅威尊荣款无滤网耗材新风空气净化器家用无滤网自清洁离子瀑\r\n无滤网自清洁新风净化二合一\r\n保修期: 5年\r\n品牌: AAVI\r\n型号: AAVI L03\r\n噪音: 0-59dB\r\n风量: 160立方米/小时\r\n使用面积：30-60㎡\r\n一次净化效率：99%\r\n功能: 除颗粒物 除甲醛 除烟除尘 除雾霾  高效净化过敏原、病毒与细菌\r\n适用对象: 家用 卧室 客厅 办公室\r\n','',1,0,1,1511769687,1511769707,0,'台',1,1000),(240,'AAVI LONJET  商用 AAVI  Ionjet 1000',1,0,60,97,'/upload/good/20171127/4ee58a3a71e240dad577a1940687ed48.jpg','',99900.00,'产品名称：AAVI LONJET  商用\r\n产品型号：AAVI  Ionjet 1000\r\n净化效率：＞99%≥0.001μm\r\n风量：1000m³/h\r\n噪音50dB（A）\r\n保修期: 10年\r\n','',1,0,1,1511769782,1511769974,0,'台',1,1000),(241,'AAVI LONJET  商用 AAVI  Ionjet 2000',1,0,60,97,'/upload/good_img/20171127/f24dc589b9d9ac3dda863456b26ccdc8.jpg','',175000.00,'产品名称：AAVI LONJET  商用\r\n产品型号：AAVI  Ionjet 2000\r\n净化效率：＞99%≥0.001μm\r\n风量：1000m³/h\r\n噪音50dB（A）\r\n保修期: 10年\r\n','',1,0,1,1511770027,1511770042,0,'台',1,1000),(242,'国际版彼得',1,0,58,51,'/upload/good_img/20171201/cf19b4d3a43a9d07345c4898c1427da3.jpg','',11800.00,'','',1,0,1,1512092550,1512095964,0,'平米',1,1000),(243,'国际版歌德',1,0,58,51,'/upload/good_img/20171201/d950403dc6d6992beb2c0d4fd44588e4.jpg','',13800.00,'','',1,0,1,1512092639,1512095983,0,'平米',1,1000),(244,'国际版格林兄弟',1,0,58,51,'/upload/good_img/20171201/cfa4c5b6266eaaf8a440ebebe156ac80.jpg','',13800.00,'','',1,0,1,1512092678,1512096002,0,'平米',1,1000),(245,'国际版维藤',1,0,58,51,'/upload/good_img/20171201/0752548a4b6b67289b4b8f6148bc9cb8.jpg','',13800.00,'','',1,0,1,1512092839,1512096025,0,'平米',1,1000),(246,'国际版约翰',1,0,58,51,'/upload/good_img/20171201/e8651d2b0c44799226e9ce8e4da4488e.jpg','',13800.00,'','',1,0,1,1512092873,1512096040,0,'平米',1,1000),(247,'将军',1,0,58,51,'/upload/good_img/20171201/a72fc87c88e12c84a96941f49be11a4a.jpg','',2980.00,'超甲级10公分厚门扇，双层钢板整板折弯工艺，门扇加强保护系统，德国专利全自动金刚狼牙自动锁，德国进口冰箱保温材料填充，赠送120万人保财险。','',1,0,1,1512092935,1514272582,0,'樘',1,2),(248,'金都',1,0,58,51,'/upload/good_img/20171201/d1bd2b93ae603b5b035c405da98519a0.jpg','',3580.00,'超甲级10公分厚门扇，双层钢板整板折弯工艺，门扇加强保护系统，德国专利全自动金刚狼牙自动锁，德国进口冰箱保温材料填充，赠送120万人保财险。','',1,0,1,1512093031,1514261520,1,'樘',1,1000),(249,'锦绣',1,0,58,51,'/upload/good_img/20171201/88458b35153e58394a8fb3b731c9c132.jpg','',2780.00,'超甲级10公分厚门扇，双层钢板整板折弯工艺，门扇加强保护系统，德国专利全自动金刚狼牙自动锁，德国进口冰箱保温材料填充，赠送120万人保财险。','',1,0,1,1512093062,1514272507,1,'樘',1,1),(250,'王朝',1,0,58,51,'/upload/good_img/20171201/f8288a81882531ec7f1f3d2414dfdc19.jpg','',2880.00,'超甲级10公分厚门扇，双层钢板整板折弯工艺，门扇加强保护系统，德国专利全自动金刚狼牙自动锁，德国进口冰箱保温材料填充，赠送120万人保财险。','',1,0,1,1512093094,1514272793,1,'樘',1,2),(251,'至雅',1,0,58,51,'/upload/good_img/20171201/2cd106cdd58b3ee0c37b410b601664be.jpg','',3580.00,'超甲级10公分厚门扇，双层钢板整板折弯工艺，门扇加强保护系统，德国专利全自动金刚狼牙自动锁，德国进口冰箱保温材料填充，赠送120万人保财险。','',1,0,1,1512093134,1514260697,1,'樘',1,1000),(252,'青春版埃森',1,0,58,51,'/upload/good_img/20171201/c9d3425b29f991e382141ffabcd5323c.jpg','',8180.00,'','',1,0,1,1512093183,1514265834,1,'樘',1,1000),(253,'青春版保尔',1,0,58,51,'/upload/good_img/20171201/7ede307e6d407eb39c1e4ee86f8d7da6.jpg','',6980.00,'','',1,0,1,1512093218,1512096319,0,'樘',1,1000),(254,'青春版卡拉',1,0,58,51,'/upload/good_img/20171201/164d925e68fe5bd01ab8fb11a2512e25.jpg','',6680.00,'','',1,0,1,1512093260,1512096300,0,'樘',1,1000),(255,'青春版科隆',1,0,58,51,'/upload/good_img/20171201/35c9765828f4b13f14c0efc6d8bd7aa5.jpg','',6580.00,'','',1,0,1,1512093311,1512096279,0,'樘',1,1000),(256,'青春版莱茵',1,0,58,51,'/upload/good_img/20171201/57bfdc61a1644972ea6d6c6ee9c133d5.jpg','',5480.00,'','',1,0,1,1512093347,1512096262,0,'樘',1,1000),(257,'青春版牛顿',1,0,58,51,'/upload/good_img/20171201/7329bd8014239950c9daf47edf1b8853.jpg','',5680.00,'','',1,0,1,1512093379,1512096246,0,'樘',1,1000),(258,'尊贵版巴登',1,0,58,51,'/upload/good_img/20171201/67979af06ca4532829b9407523966cb5.jpg','',5180.00,'','',1,0,1,1512093424,1512096228,0,'樘',1,1000),(259,'尊贵版金贵',1,0,58,51,'/upload/good_img/20171201/367c463d3596e95c5d7706d5efd5024b.jpg','',5880.00,'','',1,0,1,1512093454,1512096209,0,'樘',1,1000),(260,'路德',1,0,58,51,'/upload/good_img/20171201/cd9199f0ed3b46c0ec23214abe816f31.jpg','',3880.00,'超甲级10公分厚门扇，双层钢板整板折弯工艺，门扇加强保护系统，德国专利全自动金刚狼牙自动锁，德国进口冰箱保温材料填充，赠送120万人保财险。','',1,0,1,1512093493,1514261587,0,'樘',1,1000),(261,'尊贵版马克',1,0,58,51,'/upload/good_img/20171201/97b924db151c14a2c85f40560211b2d3.jpg','',6780.00,'','',1,0,1,1512093522,1512096179,0,'樘',1,1000),(262,'管家帮新居开荒',1,1,68,98,'/upload/good/20171208/de60800abdfa38bac5f955664041aa82.jpg','',8.00,'','/upload/good_imgs/20171208/05523f19f497da47825a09ce17b1046e.jpg',2,0,1,1512703752,1513132387,0,'平方米',1,1000),(263,'百亚甲醛治理',1,0,60,91,'/upload/good_img/20171212/ae3c5577f68c744b2c5de05b87fb5856.jpeg','',68.00,'治理费用为：68元/建筑平米，不足80平米按80平米计费\r\n检测治理步骤:\r\n1、将房间密闭十二小时后，开始检测。\r\n2、如超标，现场进行除醛施工治理。\r\n3、除醛施工后将房屋密闭三天，然后开窗通风 三天。\r\n4、除醛后室内检测\r\n5.  由第三方检测机构（中环检测）复检，并出示CMA检测报告。\r\n','',1,0,1,1513051073,1513051083,0,'平方米',1,1000),(264,'经济型设计',1,0,64,99,'/upload/good_img/20171213/45d895a9dcee4faf224188147678997e.jpg','',108.00,'','',1,0,1,1513129834,1513129845,0,'平方米',1,1000),(265,'全程型设计',1,0,64,99,'/upload/good_img/20171213/025b3036abdfcc28d3f8c40bfba750cd.jpg','',148.00,'','',1,0,1,1513129892,1513129963,0,'平方米',1,1000),(266,'全程+配饰',1,0,64,99,'/upload/good_img/20171213/68b2f3fd089bec9a01e5a062b189aec0.jpg','',188.00,'','',1,0,1,1513130005,1513130015,0,'平方米',1,1000),(267,'全程+配饰+除醛',1,0,64,99,'/upload/good_img/20171213/fee39f8e948ae0dc33a3670b773daedb.jpg','',228.00,'','',1,0,1,1513130059,1513130082,0,'平方米',1,1000),(268,'带你装 施工监理质量验收 全程监理服务',1,0,61,101,'/upload/good_img/20171213/37bbe8821118026119555a658209b67f.jpg','',50.00,'','/upload/good_imgs/20171213/08da1629ca47cde29329f7efd53d7218.jpg',2,0,1,1513144212,1513146068,0,'平方米',1,1000),(269,'高端欧系辅材-先进施工工艺',1,0,61,38,'/upload/good/20171221/3c97853201fe0e1b4c1b77342857fc80.jpg','',10.00,'','/upload/good_imgs/20171221/f934c25af37a88b138cb2cc79824c9e7.png',2,0,2,1513845495,1513847840,0,'元',1,1000),(270,'金科天籁城征集样板间活动',1,0,61,38,'/upload/good/20171221/ab98a75d53089c6e6e225f57560f3182.png','',200.00,'','/upload/good_imgs/20171221/9d1e02baaba96862746c54f80c18de0a.png',2,0,1,1513846242,1513856178,1,'元',1,1000),(271,'欢迎扫码加微信详细咨询',1,0,61,38,'/upload/good_img/20171221/8818ccd11ffeb36655ac6bc8f56b9a28.jpg','',0.00,'','/upload/good_imgs/20171221/15e281eb35f623d6323517b80da4a852.jpg',2,0,1,1513856219,1513856248,0,'',0,1000),(273,'诺托进口五金',1,0,56,39,'/upload/good_img/20171222/29be71cfd59f5f9eba608a7e29796238.jpg','',550.00,'平开上旋五金','',1,0,1,1513934203,1513934203,0,'套',0,1000),(274,'远大新风肺保智能款,壁挂式新风系统',1,0,61,27,'/upload/good_img/20171222/704f2adadf191609faf19f60ab448d87.JPG','',3380.00,'','/upload/good_imgs/20171222/5dd81405752f093b56ad8990c39b6b0b.jpg',2,0,1,1513936524,1513936524,0,'台',0,1000),(275,'铝包木异形窗',1,0,56,39,'/upload/good_img/20171224/4ca180de708184cd73cba1ed96a464de.jpg','',1880.00,'异形窗按照异形部分收取额外的加工费用','',1,0,1,1514088842,1514088842,0,'平米',0,1000),(276,'铝包木门窗截面',1,0,56,39,'/upload/good_img/20171224/8cd1d8d7aba3afe7037f24c39cb04e3b.jpg','',0.00,'','',1,0,1,1514088922,1514088922,0,'',0,1000),(277,'实景安装70断桥铝窗平开上旋',1,0,56,39,'/upload/good_img/20171224/94c5e435a3cfe8c861e75e6ba474da9a.jpg','',717.00,'','',1,0,1,1514089010,1514089010,0,'平米',0,1000),(278,'港典60系列',1,0,56,24,'/upload/good_img/20171225/56c28ea0ac58dd6e4cb330150cf3e6f6.jpg','',618.00,'','/upload/good_imgs/20171225/e9e2a527e21bbc697089f98e67fdd688.jpg',2,0,1,1514172005,1514172005,0,'平米',0,1000),(279,'简约板床R801-23(1.8X2.0)',1,0,54,87,'/upload/good_img/20171225/f19668edb4fab9456df2afea36d27df4.jpg','',2388.00,'服务承诺\r\n1、保价，承诺北京最低价，同款产品和同城有价差3倍赔付。\r\n2、家具10年质保 床垫20质保。\r\n红苹果于1981年创立于香港，1987年在深圳创立生产基地，\r\n1993年开始内销，发展全球市场\r\n1998年拥有全国第一条美国礼恩派床垫流水生产线\r\n2002年获得香港Q唛认证\r\n2003年获得质量及环境管理体系认证\r\n2005年获得CQC中国质量环保认证\r\n2007年获得十环认证\r\n2009年封为绿色商标\r\n2017年成立36周年\r\n\r\n36年来，红苹果家具获得过的各种荣誉不计其数，鉴于篇幅有限，现列举以下部分荣誉：\r\n2003年，荣获“床垫知名品牌”荣誉；\r\n2005年，广东省质量管理先进企业；\r\n2006年，荣获“中国名牌产品”称号；\r\n2007广东省名牌产品；\r\n2008年度政府绿色采购清单入选企业；\r\n2009广东家具行业原创型重点保护企业；\r\n2010国际家私装饰业(香港)协会-1991-2010杰出贡献；\r\n2011广东家具商会执行会长单位；\r\n2012广东家具行业综合竞争力十强品牌；\r\n2013-14双年总评十大家具品牌；\r\n2014中国板式家具十大品牌；\r\n2015广东省名牌产品网络人气之星；\r\n2016中国板式家居行业十强品牌……\r\n\r\n红苹果家具五金：门饺是施洛文尼亚泰特门饺经过20万次开合测试，定制家具路轨是德国海蒂诗的，反弹内嵌路轨为波兰库伯，弹簧是引进美国礼恩派流水线，经过2次高温处理，和深层防锈处理，具有抗拉耐磨，不会发生断簧，红苹果家具的五金都是质保10年，弹簧质保20年。\r\n','',1,0,1,1514174158,1514180306,0,'张',1,1000),(280,'连锁簧床垫(1.8*2.0)',1,0,54,87,'/upload/good_img/20171225/0125f225c6a23071f75fe5d04d94497b.jpg','',2780.00,'服务承诺\r\n1、保价，承诺北京最低价，同款产品和同城有价差3倍赔付。\r\n2、家具10年质保 床垫20质保。\r\n红苹果于1981年创立于香港，1987年在深圳创立生产基地，\r\n1993年开始内销，发展全球市场\r\n1998年拥有全国第一条美国礼恩派床垫流水生产线\r\n2002年获得香港Q唛认证\r\n2003年获得质量及环境管理体系认证\r\n2005年获得CQC中国质量环保认证\r\n2007年获得十环认证\r\n2009年封为绿色商标\r\n2017年成立36周年\r\n\r\n36年来，红苹果家具获得过的各种荣誉不计其数，鉴于篇幅有限，现列举以下部分荣誉：\r\n2003年，荣获“床垫知名品牌”荣誉；\r\n2005年，广东省质量管理先进企业；\r\n2006年，荣获“中国名牌产品”称号；\r\n2007广东省名牌产品；\r\n2008年度政府绿色采购清单入选企业；\r\n2009广东家具行业原创型重点保护企业；\r\n2010国际家私装饰业(香港)协会-1991-2010杰出贡献；\r\n2011广东家具商会执行会长单位；\r\n2012广东家具行业综合竞争力十强品牌；\r\n2013-14双年总评十大家具品牌；\r\n2014中国板式家具十大品牌；\r\n2015广东省名牌产品网络人气之星；\r\n2016中国板式家居行业十强品牌……\r\n\r\n红苹果家具五金：门饺是施洛文尼亚泰特门饺经过20万次开合测试，定制家具路轨是德国海蒂诗的，反弹内嵌路轨为波兰库伯，弹簧是引进美国礼恩派流水线，经过2次高温处理，和深层防锈处理，具有抗拉耐磨，不会发生断簧，红苹果家具的五金都是质保10年，弹簧质保20年。\r\n','',1,0,1,1514174312,1514180136,0,'张',1,1000),(281,'独立簧床垫（1.8*2.0）',1,0,54,87,'/upload/good_img/20171225/dc2e3772ae4e23ae8e5aa4ee4516083a.jpg','',3980.00,'服务承诺\r\n1、保价，承诺北京最低价，同款产品和同城有价差3倍赔付。\r\n2、家具10年质保 床垫20质保。\r\n红苹果于1981年创立于香港，1987年在深圳创立生产基地，\r\n1993年开始内销，发展全球市场\r\n1998年拥有全国第一条美国礼恩派床垫流水生产线\r\n2002年获得香港Q唛认证\r\n2003年获得质量及环境管理体系认证\r\n2005年获得CQC中国质量环保认证\r\n2007年获得十环认证\r\n2009年封为绿色商标\r\n2017年成立36周年\r\n\r\n36年来，红苹果家具获得过的各种荣誉不计其数，鉴于篇幅有限，现列举以下部分荣誉：\r\n2003年，荣获“床垫知名品牌”荣誉；\r\n2005年，广东省质量管理先进企业；\r\n2006年，荣获“中国名牌产品”称号；\r\n2007广东省名牌产品；\r\n2008年度政府绿色采购清单入选企业；\r\n2009广东家具行业原创型重点保护企业；\r\n2010国际家私装饰业(香港)协会-1991-2010杰出贡献；\r\n2011广东家具商会执行会长单位；\r\n2012广东家具行业综合竞争力十强品牌；\r\n2013-14双年总评十大家具品牌；\r\n2014中国板式家具十大品牌；\r\n2015广东省名牌产品网络人气之星；\r\n2016中国板式家居行业十强品牌……\r\n\r\n红苹果家具五金：门饺是施洛文尼亚泰特门饺经过20万次开合测试，定制家具路轨是德国海蒂诗的，反弹内嵌路轨为波兰库伯，弹簧是引进美国礼恩派流水线，经过2次高温处理，和深层防锈处理，具有抗拉耐磨，不会发生断簧，红苹果家具的五金都是质保10年，弹簧质保20年。\r\n','',1,0,1,1514174363,1514180145,0,'张',1,1000),(282,'餐桌  R232 （1200*800*760）',1,0,54,87,'/upload/good_img/20171225/e8003f7cbcb452af45d17ffee9a53cab.png','',3670.00,'服务承诺\r\n1、保价，承诺北京最低价，同款产品和同城有价差3倍赔付。\r\n2、家具10年质保 床垫20质保。\r\n红苹果于1981年创立于香港，1987年在深圳创立生产基地，\r\n1993年开始内销，发展全球市场\r\n1998年拥有全国第一条美国礼恩派床垫流水生产线\r\n2002年获得香港Q唛认证\r\n2003年获得质量及环境管理体系认证\r\n2005年获得CQC中国质量环保认证\r\n2007年获得十环认证\r\n2009年封为绿色商标\r\n2017年成立36周年\r\n\r\n36年来，红苹果家具获得过的各种荣誉不计其数，鉴于篇幅有限，现列举以下部分荣誉：\r\n2003年，荣获“床垫知名品牌”荣誉；\r\n2005年，广东省质量管理先进企业；\r\n2006年，荣获“中国名牌产品”称号；\r\n2007广东省名牌产品；\r\n2008年度政府绿色采购清单入选企业；\r\n2009广东家具行业原创型重点保护企业；\r\n2010国际家私装饰业(香港)协会-1991-2010杰出贡献；\r\n2011广东家具商会执行会长单位；\r\n2012广东家具行业综合竞争力十强品牌；\r\n2013-14双年总评十大家具品牌；\r\n2014中国板式家具十大品牌；\r\n2015广东省名牌产品网络人气之星；\r\n2016中国板式家居行业十强品牌……\r\n\r\n红苹果家具五金：门饺是施洛文尼亚泰特门饺经过20万次开合测试，定制家具路轨是德国海蒂诗的，反弹内嵌路轨为波兰库伯，弹簧是引进美国礼恩派流水线，经过2次高温处理，和深层防锈处理，具有抗拉耐磨，不会发生断簧，红苹果家具的五金都是质保10年，弹簧质保20年。\r\n','',1,0,1,1514174638,1514179993,0,'张',1,1000),(284,'德高特惠',1,0,56,39,'/upload/good_img/20171225/a41249f27b8ade498c5fff07df5f629f.jpg','',717.00,'标准70型材，十平米送三个开扇，十平米送一平米。节前特惠，两项优惠可共同使用','',1,0,1,1514178724,1514178724,0,'平米',0,1000),(285,'餐椅 R465B(450*540*850)',1,0,54,87,'/upload/good_img/20171225/b6f1449a104d95020c44fd59f9b249b8.png','',700.00,'服务承诺\r\n1、保价，承诺北京最低价，同款产品和同城有价差3倍赔付。\r\n2、家具10年质保 床垫20质保。\r\n红苹果于1981年创立于香港，1987年在深圳创立生产基地，\r\n1993年开始内销，发展全球市场\r\n1998年拥有全国第一条美国礼恩派床垫流水生产线\r\n2002年获得香港Q唛认证\r\n2003年获得质量及环境管理体系认证\r\n2005年获得CQC中国质量环保认证\r\n2007年获得十环认证\r\n2009年封为绿色商标\r\n2017年成立36周年\r\n\r\n36年来，红苹果家具获得过的各种荣誉不计其数，鉴于篇幅有限，现列举以下部分荣誉：\r\n2003年，荣获“床垫知名品牌”荣誉；\r\n2005年，广东省质量管理先进企业；\r\n2006年，荣获“中国名牌产品”称号；\r\n2007广东省名牌产品；\r\n2008年度政府绿色采购清单入选企业；\r\n2009广东家具行业原创型重点保护企业；\r\n2010国际家私装饰业(香港)协会-1991-2010杰出贡献；\r\n2011广东家具商会执行会长单位；\r\n2012广东家具行业综合竞争力十强品牌；\r\n2013-14双年总评十大家具品牌；\r\n2014中国板式家具十大品牌；\r\n2015广东省名牌产品网络人气之星；\r\n2016中国板式家居行业十强品牌……\r\n\r\n红苹果家具五金：门饺是施洛文尼亚泰特门饺经过20万次开合测试，定制家具路轨是德国海蒂诗的，反弹内嵌路轨为波兰库伯，弹簧是引进美国礼恩派流水线，经过2次高温处理，和深层防锈处理，具有抗拉耐磨，不会发生断簧，红苹果家具的五金都是质保10年，弹簧质保20年。\r\n','',1,0,1,1514180069,1514180096,0,'张',1,1000),(286,'乾坤系列 8个颜色选择',1,0,52,28,'/upload/good_img/20171225/ca7d75475193d15c846242bf54e750c0.png','',1380.00,'','',1,0,1,1514180539,1514180574,0,'3门起订',0,1000),(287,'金迪木门莱卡系列   8个颜色可以选择',1,0,52,28,'/upload/good_img/20171225/7e14dc306b504296462e6edefb25ceff.png','',1480.00,'','',1,0,1,1514180784,1514180784,0,'3门起订',0,1000),(288,'金迪木门实木复合烤漆白混油DV05AK-037',1,0,52,28,'/upload/good_img/20171225/67fe5ba7889e51bc459944895b8a515a.png','',1680.00,'实木复合水性烤漆：现代简约风格，门扇4.6厚度  隔音保暖效果好~','',1,0,1,1514181094,1514181094,0,'3门起订',0,1000),(289,'客厅',1,0,61,30,'/upload/good_img/20171225/68455a1f0d17306e32b3cbf8f83b63c4.jpg','',0.01,'','',1,0,1,1514181527,1514181949,0,'元',1,1000),(290,'客厅',1,0,61,30,'/upload/good_img/20171225/e8270f4d833a38e3038ab6921ddc8b42.jpg','',0.01,'','',1,0,2,1514181605,1514181912,0,'元',1,1000),(291,'卧室',1,0,61,30,'/upload/good_img/20171225/84b3681d88aade7e407d4b5d5ab80575.jpg','',0.01,'','',1,0,1,1514181695,1514256104,0,'元',1,1000),(292,'客厅',1,0,61,30,'/upload/good_img/20171225/7d91c700051bc8c54fd33ec5b478e2cc.jpg','',0.01,'','',1,0,2,1514181736,1514181905,0,'元',1,1000),(293,'厨房',1,0,61,30,'/upload/good_img/20171225/4b198cb4de64b14d37c61c1a4b2a4878.jpg','',0.01,'','',1,0,1,1514181859,1514181882,0,'元',1,1000),(294,'卫生间',1,0,61,30,'/upload/good_img/20171225/9ab98921a3cc7bc5a915b20c0f3fd3df.jpg','',0.01,'','',1,0,1,1514181979,1514182182,0,'元',1,1000),(295,'金迪木门烤漆白混油拼色小蛮腰款式',1,0,52,28,'/upload/good_img/20171225/eb91af6c16bcfde6e0b2b5958051b0d1.png','',1699.00,'金迪木门实木复合烤漆拼色系列：小蛮腰最新款~新时代的象征~门扇4.6厚度 隔音保暖效果好。','',1,0,1,1514182102,1514182102,0,'3樘起订',0,1000),(296,'宛平城徽派建筑门头',1,0,61,30,'/upload/good_img/20171225/2fbce83c5c1fa399529b6857b354b4f6.jpg','',0.01,'','',1,0,1,1514182261,1514182281,0,'元',1,1000),(298,'商户添加2',1,7,56,103,'/upload/good_img/20171225/4d87c003de528a4ee53396da41e330c2.png','',0.01,'','/upload/good_imgs/20171225/b8760cf857078fa7e6ba2935fc8d3152.png',2,0,1,1514184685,1514280435,0,'平方米',0,1000),(299,'平台添加1',1,5,56,103,'/upload/good_img/20171225/9531f84961b38f3928c98dbc42bfd7ba.jpg','',0.02,'防御ARP攻击及MAC欺骗。\r\n分布式部署可减缓DDOS攻击等。基于庞大的云集群，单点故障率几乎为零，Windows正版授权\r\n简单易用\r\n独创的服务器控制面板，在线更换系统，初始化、监控、重启、远程控制等\r\n提供“网站管理助手”，让您用起来跟虚拟主机一样方便\r\n','',1,0,1,1514184795,1514280435,0,'米',1,1),(300,'潜水艇submarine TK50-10防臭地漏 干湿两用 淋浴厨卫用 镀铬镜面 50管径',1,0,69,75,'/upload/good/20171226/80e2395e4ccc56a9c80fa4fc3feb2877.jpg','',108.00,'','/upload/good_imgs/20171226/30bb1d988fc64f69fe019377f3d70978.jpg',2,0,1,1514193710,1514258409,0,'件',1,1000),(302,'',1,0,57,84,'/upload/good_img/20171226/9f2d81735f2d5d2f288d8baa8312997d.jpg','',0.00,'','',1,0,2,1514255473,1514255893,0,'',0,1000),(301,'爆款衣柜',1,0,54,87,'/upload/good_img/20171225/acae40e4b16f39f0a859169feec812d5.jpg','',1230.00,'限量10 ','',1,0,1,1514206198,1514271186,0,'800*600*2160',1,1000),(303,'ZLB222',1,0,58,36,'/upload/good_img/20171226/455800b6bdebf7a6e46d42b492be1d2f.jpg','',4230.00,'','/upload/good_imgs/20171226/f6cad2d4d813d767c4e999fbb9b905ad.jpg',2,0,1,1514257399,1514257676,0,'每平米',0,1000),(304,'ZLB221',1,0,58,36,'/upload/good_img/20171226/54e02bd7c5e73adbba98518bddb074b1.jpg','',3330.00,'','',1,0,1,1514258002,1514258002,0,'每平米',0,1000),(305,'P636布艺',1,0,58,36,'/upload/good_img/20171226/c13c63d3056a4b008ba004675c44ea18.jpg','',3990.00,'','',1,0,1,1514258713,1514258713,0,'每平米',0,1000),(306,'1513黄栌木',1,0,58,36,'/upload/good_img/20171226/1a5d5e68eeb94cee4b92c58323c2512d.jpg','',5530.00,'','',1,0,1,1514258846,1514258846,0,'每平米',0,1000),(307,'P667莫德林黑（内磨砂白）',1,0,58,36,'/upload/good_img/20171226/4b36c11c81b7bcdde032b26cb1a9b066.jpg','',5500.00,'','',1,0,1,1514259075,1514275266,0,'每平米',1,1000),(308,'asdgasg',1,0,58,51,'/upload/good_img/20171226/4fe2ed07394b904e31a4a8a9a9765886.png','',12.00,'asdagagd','',1,0,0,1514265896,1514265925,1,'d',0,1000),(309,'餐桌椅',1,0,54,87,'/upload/good_img/20171226/fd9a5bd66cd946b87585e3395d20fecf.png','',3670.00,'餐桌椅使用的板材是实木颗粒板   餐椅 除了座面是板材其余都是实木组成 餐桌是由板材与铝合金腿组成  简洁大方 餐桌1200*600*760','',1,0,1,1514274199,1514428943,0,'套',1,1000),(310,'卡萨帝BCD-519WICAU1',1,0,57,84,'/upload/good_img/20171227/922e48aef38ae9ec526e23e51e990a7d.jpg','',17999.00,'','/upload/good_imgs/20171227/74d8ca8a3b90bd6312e23051ff4fc718.jpg',2,0,1,1514362171,1514362183,0,'件',1,1000),(311,'Casarte卡萨帝BCD-241WAQ',1,0,57,84,'/upload/good_img/20171227/7460857d4d44d09d18901ea4c7f3d195.jpg','',11800.00,'','/upload/good_imgs/20171227/1e1811266813cfcf7a5b8913fb670f26.jpg',2,0,1,1514362348,1514362359,0,'件',1,1000),(312,'卡萨帝BCD-520WICHU1',1,0,57,84,'/upload/good_img/20171227/0ee8066ed042a00695aa8faab1d08fc8.jpg','',16999.00,'','/upload/good_imgs/20171227/437abab1f306edcb3cef328301806623.jpg',2,0,1,1514362484,1514362494,0,'件',1,1000),(313,'卡萨帝BCD-520WICTU1',1,0,57,84,'/upload/good_img/20171227/2e7cba89a241fcefd22f9584ed1075c0.jpg','',24999.00,'',NULL,2,0,2,1514362720,1514362811,0,'件',0,1000),(314,'卡萨帝BCD-520WICTU1',1,0,57,84,'/upload/good_img/20171227/0c59c69aeb5006448f18e55bdb2829ea.jpg','',24999.00,'','/upload/good_imgs/20171227/02bfdeb46928c03556aea430b73a23a9.jpg',2,0,1,1514362772,1514362793,0,'件',1,1000),(315,'感恩月主打产品--卡萨帝冰箱BCD-651WDCHU1',1,0,57,84,'/upload/good_img/20171227/e7fb993ec05c15db5308279c4ffc9dd4.jpg','',12999.00,'','/upload/good_imgs/20171227/1e5ed1970b7b6d96963d6bdece803ea4.jpg',2,0,1,1514362970,1514362977,0,'件',1,1000),(316,'卡萨帝BCD-465WDCHU1',1,0,57,84,'/upload/good_img/20171227/0b6993a64dd58d64069207ca04a1edcb.jpg','',11999.00,'','/upload/good_imgs/20171227/a9b30513fbbc9ef7b203685de55e7d79.jpg',2,0,1,1514363088,1514363096,0,'件',1,1000),(317,'海尔BCD-262WDGB',1,0,57,84,'/upload/good_img/20171227/37f8383051f3d45765333f6ae58c6db4.jpg','',3899.00,'','',1,0,1,1514363193,1514363541,0,'件',1,1000),(318,'海尔BCD-350WDCM',1,0,57,84,'/upload/good_img/20171227/8014ff9af0631f0a22a0c8ca7224c56a.jpg','',5299.00,'','/upload/good_imgs/20171227/63314fc8d01746ff35a6d0c20043f2b2.jpg',2,0,1,1514363521,1514363529,0,'件',1,1000),(319,'海尔BCD-272WDGD',1,0,57,84,'/upload/good_img/20171227/858ff47ca2e3cde538f8baebd80bdd66.jpg','',3099.00,'','/upload/good_imgs/20171227/a3a4b6056a2dfeb3bbe30fb426ff99be.jpg',2,0,1,1514363661,1514363669,0,'件',1,1000),(320,'海尔G90878BX12S云熙滚筒洗衣机',1,0,57,84,'/upload/good_img/20171227/64e9ee9c2dae0174adb321618200cc55.jpg','',4899.00,'','/upload/good_imgs/20171227/0a642401124cb0fb68fc3515c1656ef5.jpg',2,0,1,1514363835,1514363861,0,'件',1,1000),(321,'G80688HBDX14XU1',1,0,57,84,'/upload/good_img/20171227/b0f23811f01de5f8d175ac15f381efde.png','',7999.00,'','/upload/good_imgs/20171227/6cce69fc76994c6b46a8b3b8bad86885.jpg',2,0,1,1514364034,1514364056,0,'件',1,1000),(322,'海尔 浣纱 MS100-BDT886U1',1,0,57,84,'/upload/good_img/20171227/41fc05af93884c56d8bf78ff67614db2.png','',5199.00,'','/upload/good_imgs/20171227/ba10435a037bf7d93c6704f36eafa923.jpg',2,0,1,1514364158,1514364167,0,'件',1,1000),(323,'海尔 XQS85-BZ868',1,0,57,84,'/upload/good_img/20171227/24acd409f57b3220b7304c072e81ec13.jpg','',3899.00,'','/upload/good_imgs/20171227/709c4612e17be2289f0239ef8abe2f2f.jpg',2,0,1,1514364330,1514364440,0,'件',1,1000),(324,'卡萨帝强力波10KG产品C802 100U1',1,0,57,84,'/upload/good_img/20171227/43d6ef6e4b5ebf57b8a315d496e61f2a.png','',5999.00,'','/upload/good_imgs/20171227/c61aabea627ffbdcc4eba7645d9c7796.jpg',2,0,1,1514364420,1514364428,0,'件',1,1000),(325,'海尔 XQB70-KM12688',1,0,57,84,'/upload/good_img/20171227/ac53decf7a2011a74c9a98542d8a3c22.png','',1399.00,'','/upload/good_imgs/20171227/8bdc8c9409e410069c16fcb89817c3b9.jpg',2,0,1,1514364631,1514364654,0,'件',1,1000),(326,'海尔 XQB70-KM12688',1,0,57,84,'/upload/good_img/20171227/5b61d2512dbbb1fb72cf0d44b7d97e31.jpg','',2199.00,'','/upload/good_imgs/20171227/ff36724854e830dcf78ae6f861042b3a.jpg',2,0,1,1514364732,1514364742,0,'件',1,1000),(327,'Haier海尔XQBM30-R01W',1,0,57,84,'/upload/good_img/20171227/c683db44e67c23fb82683aba9e0906a0.jpg','',2399.00,'','/upload/good_imgs/20171227/c6072b34e358e89a807cff02a2e7dbf8.jpg',2,0,1,1514364830,1514364839,0,'件',1,1000),(328,'卡萨帝 C1 HDU85G3',1,0,57,84,'/upload/good_img/20171227/f945b310145e2202955c47e219d2e6bf.jpg','',10999.00,'','/upload/good_imgs/20171227/d567fdc7d540c3b64ccc9082e2f0273d.jpg',2,0,1,1514365002,1514365010,0,'件',1,1000),(329,'G80688BDX14X',1,0,57,84,'/upload/good_img/20171227/f4377977eeee6e31f9dbfb4e3c71d48e.png','',6499.00,'','/upload/good_imgs/20171227/fe72b961b68446b6a138904e8e630e38.jpg',2,0,1,1514365198,1514365221,0,'件',1,1000),(330,'Casarte卡萨帝 C8 HU12G1 12公斤12KG全自动滚筒洗衣机',1,0,57,84,'/upload/good_img/20171227/b86851ec5789c030cb787e31f515ef1e.jpg','',18999.00,'','/upload/good_imgs/20171227/0dd9a7cf0adb86e67287ab1bbc3f55fd.png',2,0,1,1514365357,1514365821,0,'件',1,1000),(331,'海尔 G100818BG',1,0,57,84,'/upload/good_img/20171227/b1fb226e6006bba4057aaeafb52806de.jpg','',2799.00,'','/upload/good_imgs/20171227/96e522c0bbc886fd0dfdd52a52126882.jpg',2,0,1,1514365908,1514365929,0,'件',1,1000),(332,'G100818HBG云熙二代',1,0,57,84,'/upload/good_img/20171227/079cef61916ef06afaaf5ed01b3791be.png','',3999.00,'','',1,0,1,1514366083,1514366112,0,'件',1,1000),(333,'G70728BX12G',1,0,57,84,'/upload/good_img/20171228/35eb84425fd02e455fe5741f1993180a.png','',4399.00,'','/upload/good_imgs/20171228/bfbc6cffaaa5d8f3d2a6a8282d54ca28.jpg',2,0,1,1514426975,1514427004,0,'件',1,1000),(334,'Casarte卡萨帝 C8 HU12W1 12公斤12KG全自动滚筒洗衣机',1,0,57,84,'/upload/good_img/20171228/8763548cac009b0166b57c367c9df732.jpg','',18799.00,'','/upload/good_imgs/20171228/e0074c0ceb37b4d0f98dd2d2dbb777ab.png',2,0,1,1514427195,1514427223,0,'件',1,1000),(335,'Casarte卡萨帝 C8 U12W3 12公斤12KG全自动滚筒洗衣机',1,0,57,84,'/upload/good_img/20171228/64380cfac3929b28df1cc46b0f7beced.png','',12999.00,'','/upload/good_imgs/20171228/af61bcbbc1b12b84657bb8f964ec9ce9.jpg',2,0,1,1514427450,1514427470,0,'件',1,1000),(336,'XQG120-HBDX14696LHU',1,0,57,84,'/upload/good_img/20171228/c965946e6cc41913b66a39f09e398392.jpg','',11999.00,'','/upload/good_imgs/20171228/50db040620eae0ecd37bba626a946887.jpg',2,0,1,1514427626,1514427634,0,'件',1,1000),(337,'海尔紫水晶滚筒洗衣机G80678BX14G',1,0,57,84,'/upload/good_img/20171228/258677a9fafa02a175379987eac89829.jpg','',5199.00,'','/upload/good_imgs/20171228/5b0a901b0095d771c0205e7f7df2217e.jpg',2,0,1,1514427766,1514427773,0,'件',1,1000),(338,'卡萨帝 8.5公斤 强力波 C801 85U1',1,0,57,84,'/upload/good_img/20171228/437fb8127f62d8f1800f009bb4753d76.jpg','',5699.00,'','/upload/good_imgs/20171228/7a4a22c028ca011ac56a7e8712ac6d26.jpg',2,0,1,1514427887,1514427895,0,'件',1,1000),(339,'卡萨帝洗衣机C1 HDU12G5全自动香槟金',1,0,57,84,'/upload/good_img/20171228/97afba796bfddcc6e15bf032fb2e7d5a.jpg','',12999.00,'','/upload/good_imgs/20171228/7725d3991528e65a9e2ac7c012f1c50e.jpg',2,0,1,1514428219,1514428247,0,'件',1,1000),(340,'卡萨帝洗衣机C1 DU8G5全自动香槟金  ',1,0,57,84,'/upload/good_img/20171228/c22842bbea70b62e2c0b2d523adbbc8b.jpg','',8999.00,'','/upload/good_imgs/20171228/64bdf62d5beedc37b451f500d83e6423.jpg',2,0,1,1514428715,1514428744,0,'件',1,1000),(341,'Haier/海尔 BC/BD-103HDE/小冰柜/家用冰柜/冷藏冷冻切换柜',1,0,57,84,'/upload/good_img/20171228/542845d2cde74248e1f04e13512ece90.jpg','',1399.00,'','',1,0,1,1514428871,1514428894,0,'件',1,1000),(342,'Haier海尔 BC/BD-719HK',1,0,57,84,'/upload/good_img/20171228/cd9fb26b595e652b0e403c9a120a2d5e.jpg','',4699.00,'','/upload/good_imgs/20171228/5a96243b59f53a53163a408511599b5d.jpg',2,0,1,1514429319,1514429341,0,'件',1,1000),(343,'Haier海尔 SC-412',1,0,57,84,'/upload/good_img/20171228/c0d4a73103ce1c9170b13c8f1bbc72ee.jpg','',3299.00,'','/upload/good_imgs/20171228/bfffc6ad86152ec4ce4f9ec132f512fa.jpg',2,0,1,1514430262,1514430269,0,'件',1,1000),(344,'卡萨帝酒柜/冷柜/冰吧LC-172WBU1星空黑  母婴级 ',1,0,57,84,'/upload/good_img/20171228/4de6717420c7d0a5e0c718b6b76111d8.jpg','',6999.00,'','/upload/good_imgs/20171228/150436ba18bc5efe70054884d5483f9e.jpg',2,0,1,1514431386,1514431409,0,'件',1,1000),(345,'万家乐热水器12ZH3舒适版',1,0,67,104,'/upload/good_img/20171228/7892dae718c5ff248e029707c11c8bb5.jpg','',3298.00,'','/upload/good_imgs/20171228/ecac883266d3fbfcca95712887836bce.jpeg',2,0,1,1514432043,1514432052,0,'件',1,1000),(346,'海尔电热ES60H-PLUS5',1,0,57,84,'/upload/good_img/20171228/b227b647cbe5155dbb21b2bd637155a4.jpg','',5299.00,'','/upload/good_imgs/20171228/5cad3515dd0dec96bc69fb776e7a3cc2.jpg',2,0,1,1514444136,1514444157,0,'件',1,1000),(347,'海尔电热ES60H-P5',1,0,57,84,'/upload/good_img/20171228/49211589c9ba11ccdfc97c0d4a1f9501.jpg','',2999.00,'','/upload/good_imgs/20171228/0a017b2384f012b46b91771f7d02f690.jpg',2,0,1,1514444331,1514444356,0,'件',1,1000),(348,'亚麻自带拼接布 幅宽：280cm',1,0,50,102,'/upload/good/20171228/7af24cef5056d38d128e1a95ad479a44.jpg','',96.00,'','',1,0,1,1514446530,1514447062,0,'延米',1,1000),(349,'简欧提花布 幅宽：280cm',1,0,50,102,'/upload/good/20171228/ddb7d3cd9b24027f2aa1562ef32993d3.jpg','',80.00,'','',1,0,1,1514446600,1514447095,0,'延米',1,1000),(350,'现代纯色布 幅宽：280cm',1,0,50,102,'/upload/good/20171228/d7faaaa5a1fa0f5a16cec0e89090fb86.jpg','',122.00,'','',1,0,1,1514446671,1514447125,0,'延米',1,1000),(352,'海尔电热ES80H-P5',1,0,57,84,'/upload/good_img/20171228/6881c2cd85719b65f98c205b324726fc.jpg','',3399.00,'','/upload/good_imgs/20171228/8c5a1491a56ff4244332f124d3c12fd5.jpg',2,0,1,1514449373,1514449397,0,'件',1,1000),(351,'现代简约布   幅宽：280cm',1,0,50,102,'/upload/good_img/20171228/5d75790caa2d6f61e9f660679b94ff17.jpg','',65.00,'','',1,0,1,1514446811,1514446839,0,'延米',1,1000),(353,'套餐三：一厨一卫8平米',1,0,58,73,'/upload/good_img/20171228/a9ce5e8082346dd0e42a3262f5b13b77.jpg','',2980.00,'','/upload/good_imgs/20171228/d1cfc2f3f943c9cd89fe3353be1c5ac9.jpg',2,0,1,1514450287,1514450303,0,'套',1,1000),(354,'套餐四：一厨两卫12平米+2平米',1,0,58,73,'/upload/good_img/20171228/254d9e65dc78c3d1a3b01f4276222ada.jpg','',4350.00,'','/upload/good_imgs/20171228/c7b7d577e391d5dc76d22392ab3edc1b.jpg',2,0,1,1514450434,1514450443,0,'套',1,1000),(355,'套餐二：一厨一卫8平米 ',1,0,58,73,'/upload/good_img/20171228/3d4cdd86cffe74a0ce12aeb8c2fe3036.jpg','',2680.00,'','/upload/good_imgs/20171228/79f3977eaba6073246d6c5fa1db70bf7.jpg',2,0,1,1514450529,1514450538,0,'套',1,1000);
/*!40000 ALTER TABLE `good` ENABLE KEYS */;
UNLOCK TABLES;

--
-- Table structure for table `good_img_bigs`
--

DROP TABLE IF EXISTS `good_img_bigs`;
/*!40101 SET @saved_cs_client     = @@character_set_client */;
/*!40101 SET character_set_client = utf8 */;
CREATE TABLE `good_img_bigs` (
  `id` int(11) NOT NULL AUTO_INCREMENT,
  `good_id` int(11) NOT NULL COMMENT '商品id',
  `img_big` varchar(255) NOT NULL DEFAULT '' COMMENT '大图位置',
  `st` tinyint(4) DEFAULT '1' COMMENT '状态：1正常 0删除',
  `create_time` int(11) DEFAULT '0',
  `update_time` int(11) DEFAULT '0',
  PRIMARY KEY (`id`),
  KEY `good_id` (`good_id`)
) ENGINE=InnoDB AUTO_INCREMENT=458 DEFAULT CHARSET=utf8 COMMENT='商品大图（多个 ）';
/*!40101 SET character_set_client = @saved_cs_client */;

--
-- Dumping data for table `good_img_bigs`
--

LOCK TABLES `good_img_bigs` WRITE;
/*!40000 ALTER TABLE `good_img_bigs` DISABLE KEYS */;
INSERT INTO `good_img_bigs` VALUES (1,141,'/upload/good_img_big/20171106/6978eb1ab4aecbb039cfc4b490432d3c.jpg',1,0,0),(2,140,'/upload/good_img_big/20171106/6eb242ebb0c0f05b4d58788503d808a4.jpg',1,0,0),(3,139,'/upload/good_img_big/20171106/b2f55b8bee4d8e3ab47f1bb1441698de.jpg',1,0,0),(4,138,'/upload/good_img_big/20171106/72ebf975afce6eb956e8033dc84ee8db.jpg',1,0,0),(5,137,'/upload/good_img_big/20171106/b662aba7309b4b4d5a6b2277f8492c87.jpg',1,0,0),(6,136,'/upload/good_img_big/20171106/0feb2a18ce838185da8ba7aea90bb800.jpg',1,0,0),(7,135,'/upload/good_img_big/20171106/086f676627420b7e115ccb713c220742.jpg',1,0,0),(8,134,'/upload/good_img_big/20171106/0baed39e1e3b9bc881bd088e827a690e.jpg',1,0,0),(9,133,'/upload/good_img_big/20171106/2da9bf7dfbd67d12b65b418a7dfec198.jpg',1,0,0),(10,132,'/upload/good_img_big/20171106/510ae85c75d00afc673f9166f723e438.jpg',1,0,0),(11,131,'/upload/good_img_big/20171106/a48c815134b72a123d3e586e187a6195.jpg',1,0,0),(12,130,'/upload/good_img_big/20171106/302e791e3a06c4238701b0752cfd1d78.jpg',1,0,0),(13,129,'/upload/good_img_big/20171106/af72a992d427b1e0b6161c63ee14f878.jpg',1,0,0),(14,128,'/upload/good_img_big/20171106/5f1bb7c1d054fd9c487a6444734ef767.jpg',1,0,0),(15,127,'/upload/good_img_big/20171106/c2599ab5ab8c1c492668453dc627ce0f.jpeg',1,0,0),(16,126,'/upload/good_img_big/20171106/299fffdc74c64d2a9d21bd1a89c09299.jpg',1,0,0),(17,125,'/upload/good_img_big/20171106/d49d34036bb962e3e2c857f6d6d6a507.jpg',1,0,0),(18,124,'/upload/good_img_big/20171106/7e4562f093c014ac3a9fe328014c44d0.jpg',1,0,0),(19,123,'/upload/good_img_big/20171106/55187333dc72ade584b389dbf7897d20.jpg',1,0,0),(20,122,'/upload/good_img_big/20171106/f5df03a73c1e568977ce04368be7682a.jpg',1,0,0),(21,121,'/upload/good_img_big/20171106/7211a8c9063fb50bc3591f693bb3086f.jpg',1,0,0),(22,120,'/upload/good_img_big/20171106/2d76ef1ec3dc1f5bd46a62763b30d3c7.jpg',1,0,0),(23,119,'/upload/good_img_big/20171106/1f5622e9237d95d4385e7226b6e674ad.jpg',1,0,0),(24,118,'/upload/good_img_big/20171106/e5603a6061cf8372b9c968067ab6c316.jpg',1,0,0),(25,117,'/upload/good_img_big/20171106/9796114a2278e7bcde1ffcd22868ced3.jpg',1,0,0),(26,116,'/upload/good_img_big/20171106/180e5b0aa0fe5495667463ad45b5d5a1.jpg',1,0,0),(27,115,'/upload/good_img_big/20171106/062e02707c8a8f3516b181a5de4ec56e.jpg',1,0,0),(28,114,'/upload/good_img_big/20171106/8caaf0cffc963e7571c02a2bb4237d16.jpg',1,0,0),(29,113,'/upload/good_img_big/20171106/dc63d7da93f28b844b31ccbd35704a36.jpg',1,0,0),(30,112,'/upload/good_img_big/20171106/dff125a1d74bd6f6b7333f627b4577ca.jpg',1,0,0),(31,111,'/upload/good_img_big/20171106/0ef59f16ded03b9a47cb86a7a20534c7.jpg',1,0,0),(32,110,'/upload/good_img_big/20171106/3b63b1c42f22177f1835662c18172bfa.jpg',1,0,0),(33,109,'/upload/good_img_big/20171106/30f63f09ad48de1be6c583acbad58625.jpg',1,0,0),(34,108,'/upload/good_img_big/20171106/ecf1a42b98d150c79295870f49c93a1d.jpg',1,0,0),(35,107,'/upload/good_img_big/20171106/d8d5d2d67574d126afcb94b2efa599c4.jpg',1,0,0),(36,106,'/upload/good_img_big/20171106/085a14162961e7e6f903c41debf2b664.jpg',1,0,0),(37,105,'/upload/good_img_big/20171106/6d7705cf941cdda1c69bb37f4a85c691.jpg',1,0,0),(38,104,'/upload/good_img_big/20171106/bef7328916863cc28f8cce6f31b562e6.jpg',1,0,0),(39,103,'/upload/good_img_big/20171106/107969de32e3c93c71ea992e705b1112.png',1,0,0),(40,102,'/upload/good_img_big/20171106/910def965eea2866b495264e07adda6b.jpg',1,0,0),(41,101,'/upload/good_img_big/20171106/91a15a75c179aa9fcd6bea54f54b2bb3.jpg',1,0,0),(42,100,'/upload/good_img_big/20171106/fdaa021cce01887fea9a130fc46708ed.jpg',1,0,0),(43,99,'/upload/good_img_big/20171106/bf0391f1b3b996c2166c23da08e39e19.jpg',1,0,0),(44,98,'/upload/good_img_big/20171106/c5ad92f9c2d25bf1f58dcd7b6d69b6a8.jpg',0,0,0),(45,98,'/upload/good_img_big/20171106/80a71c08195522953666c71e5db1d618.jpg',1,0,0),(46,97,'/upload/good_img_big/20171106/45b4367a4d72731a347866e600492118.jpg',1,0,0),(47,96,'/upload/good_img_big/20171106/a8decaf15baf009b7bbf2229e8c0c9af.png',1,0,0),(48,95,'/upload/good_img_big/20171106/a7db00257c59edf9baf8e6c26d18fea6.jpg',1,0,0),(49,94,'/upload/good_img_big/20171106/8f9e3649bb8fb27b68ee42062c22c0fe.jpg',1,0,0),(50,93,'/upload/good_img_big/20171106/8694854d42591059c1241b55cabf89c4.jpg',1,0,0),(51,92,'/upload/good_img_big/20171106/d674490439246a92eae07f24cb978cfb.jpg',1,0,0),(52,91,'/upload/good_img_big/20171106/0807f8adb154d1b7abf5c517dd3cb053.jpg',1,0,0),(53,90,'/upload/good_img_big/20171106/894f569127b9847d33a07b9a56b0fe56.jpg',1,0,0),(54,89,'/upload/good_img_big/20171106/888b15df644e11fd9acb56dec60ff446.jpg',1,0,0),(55,88,'/upload/good_img_big/20171106/b7bd6cd2f1efe6b07e4abd6ceaba6877.jpg',1,0,0),(56,87,'/upload/good_img_big/20171106/6f493eae25f2a3c858bce3d6a641ba04.jpg',1,0,0),(57,86,'/upload/good_img_big/20171106/d5f6c078cb9a635396bbdaf47fb4e99f.jpg',1,0,0),(58,85,'/upload/good_img_big/20171106/f28dcb02f37937ef98262936e2a30b98.jpg',1,0,0),(59,84,'/upload/good_img_big/20171106/2e7898c4397590c2c3095a71d559604a.jpg',1,0,0),(60,83,'/upload/good_img_big/20171106/b40b153b2168c3fda38b7c8a1dc6f7f0.jpg',1,0,0),(61,82,'/upload/good_img_big/20171106/3b739f5e67827f4debff4573784e4e60.jpg',1,0,0),(62,81,'/upload/good_img_big/20171106/5c1e99332fcf32d48b2baf0c89e54881.jpg',1,0,0),(63,80,'/upload/good_img_big/20171106/526dc36a7272893d05014e3de7902be4.jpg',1,0,0),(64,79,'/upload/good_img_big/20171106/495e8e28676d6fc16314884bc7a162ef.jpg',0,0,0),(65,78,'/upload/good_img_big/20171106/8ebb5a08d4ed6ef4122bc70b1dcd322b.jpg',0,0,0),(66,77,'/upload/good_img_big/20171106/f8522b9031fac7a40275f92e7e96555e.jpg',1,0,0),(67,76,'/upload/good_img_big/20171106/1ea43e1c081c268f0796387b1b770bd0.jpg',1,0,0),(68,75,'/upload/good_img_big/20171106/846b5a05f26f59261f25ffba7ba2af59.jpg',1,0,0),(69,74,'/upload/good_img_big/20171106/a5d6a408fcd2f046a2a1340850c9283c.jpg',1,0,0),(70,73,'/upload/good_img_big/20171106/6b267873015e75231f52850ffa943be0.jpg',0,0,0),(71,73,'/upload/good_img_big/20171106/27c216470f83b069c1a5406567635933.jpg',1,0,0),(72,73,'/upload/good_img_big/20171106/7f27d1d8d6fbae5e088f9810421371c1.jpg',1,0,0),(73,72,'/upload/good_img_big/20171106/f32ff51ce23f01e1564dfc9463c90888.png',1,0,0),(74,71,'/upload/good_img_big/20171106/8a861e1fd324306a35e58f470d98d239.jpg',1,0,0),(75,70,'/upload/good_img_big/20171106/966de831175daab6830f659d108ee80e.jpg',1,0,0),(76,69,'/upload/good_img_big/20171106/ed1edd4a00e61ad558adeffd85b08757.jpg',1,0,0),(77,68,'/upload/good_img_big/20171106/ebd6d936ed34c13314145a5c5c18cde0.jpg',1,0,0),(78,67,'/upload/good_img_big/20171106/3bc7c49a3968fae593c21eb299cbfef3.jpg',1,0,0),(79,66,'/upload/good_img_big/20171106/5f4b7a73996e67dc3fcf7487e0757f1a.jpg',1,0,0),(80,65,'/upload/good_img_big/20171106/96cf0dc71ba13f60179aa0d8c548e5bb.jpg',1,0,0),(81,64,'/upload/good_img_big/20171106/80d894471a801bebea36cc34159b0a85.jpg',1,0,0),(82,63,'/upload/good_img_big/20171106/d0741d33103f63086506f881ce354fd7.jpg',1,0,0),(83,62,'/upload/good_img_big/20171106/fb7282d8c590df913cd802a40e902783.jpg',1,0,0),(84,61,'/upload/good_img_big/20171106/610786cdcbf1cb8e39e62831c4866271.jpeg',1,0,0),(85,60,'/upload/good_img_big/20171106/209bd3cc3acca961aea65aab2b7d3881.jpg',1,0,0),(86,59,'/upload/good_img_big/20171106/5e8e3eff0b11ffe9a6566eff58b7c28d.jpg',1,0,0),(87,58,'/upload/good_img_big/20171106/dbe6a99eede24c082b049183c2ca762f.jpg',1,0,0),(88,57,'/upload/good_img_big/20171106/f88704dcd0a29d2a5309f23e40ac146d.jpg',1,0,0),(89,56,'/upload/good_img_big/20171106/667e4ce561635adc57327b9337ebf44c.jpg',1,0,0),(90,55,'/upload/good_img_big/20171106/ff1a76d7e78a8dc4118a4713fc0b5120.jpeg',1,0,0),(91,54,'/upload/good_img_big/20171106/6bc8fa3430f2fccd28f3c0ede50df8ae.jpeg',1,0,0),(92,53,'/upload/good_img_big/20171106/bc00ecf29fe6d6699f39b652454c0e31.jpg',1,0,0),(93,52,'/upload/good_img_big/20171106/d730d249c30f81bab5105edaaaa4300d.jpg',1,0,0),(94,51,'/upload/good_img_big/20171106/c0595c7cd67a9a6c996f88a6a8513cf1.jpg',1,0,0),(95,50,'/upload/good_img_big/20171106/a13c069865bfa10c082266a37258e560.jpg',1,0,0),(96,49,'/upload/good_img_big/20171106/6a837626e8e3f684b04180fa97009020.jpeg',1,0,0),(97,48,'/upload/good_img_big/20171106/a33a24ab772dac6015e8b3af041d1a0f.jpeg',1,0,0),(98,47,'/upload/good_img_big/20171106/2e57953d83da70c5e3b835343f3c1453.jpeg',1,0,0),(99,46,'/upload/good_img_big/20171106/0cb2ac88889e38bfb259b7ab55328d3f.jpeg',1,0,0),(100,45,'/upload/good_img_big/20171106/3e1a3237c77a7148b7c014cbdbdc3daf.jpeg',1,0,0),(101,44,'/upload/good_img_big/20171106/b02c835ccb00960840049011ee14e538.jpg',1,0,0),(102,43,'/upload/good_img_big/20171106/eec0a8c47d12053c11761127002c2728.jpeg',1,0,0),(103,42,'/upload/good_img_big/20171106/a099ffb3b7eb2b53bc23a17a11ba9d20.jpeg',1,0,0),(104,41,'/upload/good_img_big/20171106/5d272a72d3cf9c06859237f61c30cd2e.jpg',1,0,0),(105,20,'/upload/good_img_big/20171106/8c37e1e0e786b59a63fea6f839fa49e3.jpg',1,0,0),(106,20,'/upload/good_img_big/20171106/e16a9677101ed1ed2781be4a4e94cbfe.jpg',1,0,0),(107,20,'/upload/good_img_big/20171106/ddf928afa1809210d05bd41ac2e85b11.jpg',1,0,0),(108,23,'/upload/good_img_big/20171106/5c00ed463e8ac6d58076dd1382239aa4.jpg',0,0,0),(109,23,'/upload/good_img_big/20171106/55301f3526005b5042c3011f403df69b.jpg',0,0,0),(110,23,'/upload/good_img_big/20171106/8a9a4133d5daa5f7281b247b276d7ac0.jpg',0,0,0),(111,23,'/upload/good_img_big/20171106/8bda3029d801ea0aabf78507973a9651.jpg',0,0,0),(112,23,'/upload/good_img_big/20171106/82802c3632f78ec4ac2a6861e97a8bc9.jpg',0,0,0),(113,23,'/upload/good_img_big/20171106/6117c1273bdc3f68489d40d0e7718529.jpg',0,0,0),(114,23,'/upload/good_img_big/20171106/ba250f963c731b3f40af2b9e3aa086be.jpg',0,0,0),(115,23,'/upload/good_img_big/20171106/c24c7cba9a17ab3f117878a991184eb3.jpg',0,0,0),(116,184,'/upload/good_img_big/20171107/5331b178a7a366597f3cf83538b7dd5c.jpg',0,0,0),(117,183,'/upload/good_img_big/20171107/dd276bea7ebbc1021d9220c78c3d2c7b.jpg',0,0,0),(118,182,'/upload/good_img_big/20171107/33097940f4a251b8d77eeb3e1a7704c2.jpg',0,0,0),(119,181,'/upload/good_img_big/20171107/12fecccf94ececf6f3fc10278b959fbe.jpg',0,0,0),(120,180,'/upload/good_img_big/20171107/18d44d03be40b1b07b51a93710d8e795.jpg',0,0,0),(121,179,'/upload/good_img_big/20171107/3d6ab6fd448b1d1bdee135e17676e6cd.jpg',0,0,0),(122,178,'/upload/good_img_big/20171107/7b81c400d541c7dd94be1430df3ef35e.jpg',0,0,0),(123,177,'/upload/good_img_big/20171107/11cb57c13d25a414a3a784441a47b068.jpg',0,0,0),(124,176,'/upload/good_img_big/20171107/ddcabff266d3e616edcc5be9e27ee849.jpg',0,0,0),(125,175,'/upload/good_img_big/20171107/1198bc0a9dcc94f5e50c63b55e81c5c6.jpg',0,0,0),(126,174,'/upload/good_img_big/20171107/ddfcbe05b9087e6ea4956a997d58d68e.jpg',0,0,0),(127,173,'/upload/good_img_big/20171107/90c343232e36dca8eb73327b16ba4b4f.jpg',0,0,0),(128,172,'/upload/good_img_big/20171107/8172f2a5bdf909b55e3249c0326b5137.jpg',0,0,0),(129,171,'/upload/good_img_big/20171107/d997dad99b2125afb2785373b640b19d.jpg',0,0,0),(130,170,'/upload/good_img_big/20171107/6b5c1c8954a1070d7a03b0d1898d29c9.jpg',0,0,0),(131,169,'/upload/good_img_big/20171107/887d94628e03d6d9aedf0034af9c1833.jpg',1,0,0),(132,168,'/upload/good_img_big/20171107/882de47ae9f17c57c996190e94b9c636.jpg',1,0,0),(133,167,'/upload/good_img_big/20171107/be435a5c130f730404abb9e6b0d5b016.jpg',0,0,0),(134,166,'/upload/good_img_big/20171107/909c7393d534580ad1fcbf74a6a607b0.jpg',0,0,0),(135,165,'/upload/good_img_big/20171107/45ca1b93637d4e82715d65719eb12087.jpg',0,0,0),(136,164,'/upload/good_img_big/20171107/9fb37126043632ed109747ec77696673.jpg',1,0,0),(137,163,'/upload/good_img_big/20171107/413c76820ade30185470ce6c466e5c5f.jpg',0,0,0),(138,162,'/upload/good_img_big/20171107/d1600f4bf6aea49851879546fa372f41.jpg',0,0,0),(139,161,'/upload/good_img_big/20171107/e32a443f0a8884626da50ad0114f22d1.jpg',1,0,0),(140,160,'/upload/good_img_big/20171107/6e9aff168a551a4873c4b4ecc7f5df18.jpg',0,0,0),(141,159,'/upload/good_img_big/20171107/45ddc7364fe58df913088cacadec948d.jpg',0,0,0),(142,158,'/upload/good_img_big/20171107/41bc3756387a14f238282f68fde466c1.jpg',1,0,0),(143,157,'/upload/good_img_big/20171107/6778dc95705ad04d0c94b6a3b55ec579.jpg',1,0,0),(144,156,'/upload/good_img_big/20171107/3915f9d715c92256bd0fdd8d5adb8fd8.jpg',0,0,0),(145,155,'/upload/good_img_big/20171107/47da8d8a0ae9d508f5a50d9e97254e25.jpg',0,0,0),(146,154,'/upload/good_img_big/20171107/fe599309e3f9585c1e5a82df3c2569d1.jpg',0,0,0),(147,153,'/upload/good_img_big/20171107/ae816c4e1f40210012ef92eb99e1148c.jpg',0,0,0),(148,152,'/upload/good_img_big/20171107/99a9ddc3090ba0e10f82833bf45364b8.jpg',0,0,0),(149,150,'/upload/good_img_big/20171107/99c5f9cc6140b07e832003c16ead74be.jpg',0,0,0),(150,149,'/upload/good_img_big/20171107/4c35f6f607c95bcea50bb1b1e0f04f0e.jpg',1,0,0),(151,148,'/upload/good_img_big/20171107/705f4ade04fe86ad9048c11ffa86e251.jpg',0,0,0),(152,147,'/upload/good_img_big/20171107/a07fa8e58359bd78c5d2556992832b9d.jpg',1,0,0),(153,146,'/upload/good_img_big/20171107/7135392113e376d4602026b04d87b25c.jpg',0,0,0),(154,145,'/upload/good_img_big/20171107/e1024dc1ec9812f3f52bdd1eafc89b0c.jpg',0,0,0),(155,144,'/upload/good_img_big/20171107/7b8f55bbf4aaf7666ed4fe4315765bc3.jpg',0,0,0),(156,142,'/upload/good_img_big/20171107/af3ae1b268c9f96978a2b86c0473ca55.jpg',0,0,0),(157,189,'/upload/good_img_big/20171109/ce1a8d2e52f730403fcb084340e5c2de.jpg',1,0,0),(158,188,'/upload/good_img_big/20171109/3f83bc8055ca750b43be93c81f467871.jpeg',1,0,0),(159,187,'/upload/good_img_big/20171109/335b521d77d1221d45dd50e8687aa95d.jpg',1,0,0),(160,187,'/upload/good_img_big/20171109/259afabe4152b043eb1225976ddc502e.jpg',1,0,0),(161,191,'/upload/good_img_big/20171110/3a50687c2053ac7ef92add476f744819.jpeg',1,0,0),(162,191,'/upload/good_img_big/20171110/95ab21907917462db157dd43522ed8e3.jpeg',1,0,0),(163,191,'/upload/good_img_big/20171110/ab7aff47a9366f16d9625d08445f01ab.jpeg',1,0,0),(164,192,'/upload/good_img_big/20171110/70a75f92171cafb325727cc61aceebaa.jpeg',1,0,0),(165,142,'/upload/good_img_big/20171110/7777e99df020969fa4ccc676f9909088.jpg',1,0,0),(166,144,'/upload/good_img_big/20171110/4960b025751fd89fa027552d7ec16862.jpg',1,0,0),(167,198,'/upload/good_img_big/20171110/573521c6c9752d5dd52f82cb128d43e9.jpg',1,0,0),(168,145,'/upload/good_img_big/20171110/6f9f60bf736a1963346df4a5e6ab9902.jpg',1,0,0),(169,146,'/upload/good_img_big/20171110/2b3c6449f616d2189fca53133318fc35.jpg',1,0,0),(170,148,'/upload/good_img_big/20171110/d519498dbfd7f1dbc697887faa71006c.jpg',1,0,0),(171,150,'/upload/good_img_big/20171110/db557e9e670360bdda7b857be89302fb.jpg',1,0,0),(172,152,'/upload/good_img_big/20171110/024146c457dc4b518c70c033aa27d2a1.jpg',1,0,0),(173,153,'/upload/good_img_big/20171110/a66ad7f9fd4f05736efffafc218f6864.jpg',1,0,0),(174,154,'/upload/good_img_big/20171110/32be47fc47edf380f465f97a4a29d125.jpg',1,0,0),(175,155,'/upload/good_img_big/20171110/5e1b8f6e66f94f6d10ce677b615d3858.jpg',1,0,0),(176,156,'/upload/good_img_big/20171110/9b144a7e5878392376d4a35abe2a89d6.jpg',1,0,0),(177,197,'/upload/good_img_big/20171110/827f17a0df4cf17e9e43a2ad5eb3b8c2.jpg',1,0,0),(178,196,'/upload/good_img_big/20171110/849661e153dc071dfa1be138399601b6.jpg',1,0,0),(179,195,'/upload/good_img_big/20171110/45944a8fee3acee972e046404fcbc74e.jpg',1,0,0),(180,194,'/upload/good_img_big/20171110/4987db4fef7f4e9e9d7257e80db463c2.jpg',1,0,0),(181,193,'/upload/good_img_big/20171110/cd6848c8644a2382ab37721089e0ffd5.jpg',1,0,0),(182,159,'/upload/good_img_big/20171110/a2016823a7254346b4950634c0e3c111.jpg',1,0,0),(183,184,'/upload/good_img_big/20171110/375d787b597685f369626609f5b0a0e8.jpg',1,0,0),(184,160,'/upload/good_img_big/20171110/ff0a0156716d2b878da1e181d575f45d.jpg',1,0,0),(185,183,'/upload/good_img_big/20171110/7fff7ff930558af7b30220f41dbbfe6c.jpg',1,0,0),(186,182,'/upload/good_img_big/20171110/700ea0653708241bb56b4aa8cbbbeb47.jpg',1,0,0),(187,162,'/upload/good_img_big/20171110/fa69b5de26ec36651bb2901d9acdcf5a.jpg',1,0,0),(188,181,'/upload/good_img_big/20171110/6bb61c95fc1cc7b75989ab673e164287.jpg',1,0,0),(189,180,'/upload/good_img_big/20171110/4b91f66c13b82ade65460eaff4e1d20b.jpg',1,0,0),(190,163,'/upload/good_img_big/20171110/e89cfceed5536e72e0b5ec5eed9ab1eb.jpg',1,0,0),(191,178,'/upload/good_img_big/20171110/4d677d90ac4339f85eae7bd2362675be.jpg',1,0,0),(192,165,'/upload/good_img_big/20171110/1265a1bd859c0b138097f7e8b473fb87.jpg',1,0,0),(193,179,'/upload/good_img_big/20171110/aa71c80710cd906d9b6fb07e9be85f04.jpg',1,0,0),(194,177,'/upload/good_img_big/20171110/1e2adfbedb7dad5c8afc38d30275b7b1.jpg',1,0,0),(195,166,'/upload/good_img_big/20171110/7c2234877ce543440e883e2be1c9a4d2.jpg',1,0,0),(196,167,'/upload/good_img_big/20171110/aad511e2993dabbf6c43dcff59619fed.jpg',1,0,0),(197,170,'/upload/good_img_big/20171110/2d81ac01b6a9ac7623a736b1b4bbcb9e.jpg',1,0,0),(198,171,'/upload/good_img_big/20171110/493ee2c993c14eb115dc2abc69bdf0c1.jpg',1,0,0),(199,176,'/upload/good_img_big/20171110/aabd5b22252f1172c0eab00b5dd3d5a1.jpg',1,0,0),(200,172,'/upload/good_img_big/20171110/2fdf61d69d6ebaa1b78a2b769e49c56a.jpg',1,0,0),(201,175,'/upload/good_img_big/20171110/e9530b128bc17aa71488a5624584364f.jpg',1,0,0),(202,173,'/upload/good_img_big/20171110/77ba2b0ff22a1b1473d0bd47887ec386.jpg',1,0,0),(203,174,'/upload/good_img_big/20171110/ed2bf7a0d68650927084a6e367a4765b.jpg',1,0,0),(204,199,'/upload/good_img_big/20171110/81d5145440dd20bc4951747f78673941.jpg',1,0,0),(205,200,'/upload/good_img_big/20171114/f17c2d16fbab88597201ded8c0824b33.jpg',1,0,0),(206,201,'/upload/good_img_big/20171114/29c91b32c968ec976e6cad591f4ea65a.jpg',1,0,0),(207,202,'/upload/good_img_big/20171114/b5b2b45781ad876e7f3b3b1953445616.jpg',1,0,0),(208,203,'/upload/good_img_big/20171114/443fb5e99a56996e64f7b71dfd448b46.jpg',1,0,0),(209,204,'/upload/good_img_big/20171114/c784437de6bf042c28570cdb1ba8b863.jpg',1,0,0),(210,205,'/upload/good_img_big/20171114/185b79c046f41d6fa0db8f02cb341f1f.jpg',1,0,0),(211,206,'/upload/good_img_big/20171114/c5f118d84a4fd071cb44dd55e6f3798d.jpg',1,0,0),(212,207,'/upload/good_img_big/20171114/d224070023ecff2bd2f6fefd90754623.jpg',1,0,0),(213,208,'/upload/good_img_big/20171114/20f30d3a7ccf805373ed6becb6faa1aa.jpg',1,0,0),(214,209,'/upload/good_img_big/20171114/108a5a82da68a1fb2b3334c4b8b1c2bd.jpg',1,0,0),(215,210,'/upload/good_img_big/20171114/63e47ffea40b0767155e3405a5dac5cd.jpg',1,0,0),(216,211,'/upload/good_img_big/20171114/e610f312314b86d24112dbdf2fe16fd8.jpg',1,0,0),(217,212,'/upload/good_img_big/20171114/f903b91e81e0cdbdd9653df7812a49a4.jpg',1,0,0),(218,213,'/upload/good_img_big/20171114/6320c6cb8566e814b72016401b5a62ce.jpg',1,0,0),(219,214,'/upload/good_img_big/20171114/3ef34a3e2bac449c974baec967734033.jpg',1,0,0),(220,215,'/upload/good_img_big/20171114/9225aaae68cb50f6f6f8abbd4383eb83.jpg',1,0,0),(221,216,'/upload/good_img_big/20171114/f4ff9ed1096ceeae9b69764b4e23a64e.jpg',1,0,0),(222,217,'/upload/good_img_big/20171114/6e5949084d067fe4496a13b4a4eee767.jpg',1,0,0),(223,218,'/upload/good_img_big/20171114/8a36bf1da2a8f2b869df86f61357ebdc.jpg',1,0,0),(224,220,'/upload/good_img_big/20171124/36ab83340a5e1156b514d04d6923e3e1.jpg',1,0,0),(225,222,'/upload/good_img_big/20171124/2480cc095bbbfe2077279ee592b7e2ce.jpg',1,0,0),(226,221,'/upload/good_img_big/20171124/badabc660ff13e1ffa6abae7e620328e.jpg',1,0,0),(227,223,'/upload/good_img_big/20171127/2f836c4ae5208cc530736ab4d62926d4.jpg',1,0,0),(228,224,'/upload/good_img_big/20171127/94edbff0c3154d940101565faa64fe6c.jpg',1,0,0),(229,225,'/upload/good_img_big/20171127/c9133e6d1f59f2f0d1850fd4eea6028b.jpg',1,0,0),(230,226,'/upload/good_img_big/20171127/875aec60bcc6863e5b0fd45f18687013.jpg',1,0,0),(231,227,'/upload/good_img_big/20171127/40920205a0166f79fcdf257920dcb4a8.jpg',1,0,0),(232,228,'/upload/good_img_big/20171127/2cb39dd99c1bc25c97a85d90c8c02c14.jpg',1,0,0),(233,229,'/upload/good_img_big/20171127/f54eee4bad477200e4b8d36dabf3f702.jpg',1,0,0),(234,230,'/upload/good_img_big/20171127/39d245a025d7ce7a9f2f689190b3528d.jpg',1,0,0),(235,231,'/upload/good_img_big/20171127/3995d7b6bf9055aeb20b688fdf515f83.jpg',1,0,0),(236,232,'/upload/good_img_big/20171127/e2a5eaff16b47c369495763f216c2e24.jpg',1,0,0),(237,233,'/upload/good_img_big/20171127/96666649e7cc7df7d4d0fb12a0894b5d.jpg',1,0,0),(238,234,'/upload/good_img_big/20171127/9742718a76c534e41b6ad30b7de22cb3.jpg',1,0,0),(239,235,'/upload/good_img_big/20171127/554a4566f8e046435b16b0beb5c414e2.jpg',1,0,0),(240,236,'/upload/good_img_big/20171127/5b4debbf617eede4bf5651c8119dede2.png',0,0,0),(241,236,'/upload/good_img_big/20171127/1624264a1277bbf56e759feeeb7f1c6b.png',1,0,0),(242,236,'/upload/good_img_big/20171127/9dc5db092027ad8ddc1c14b0f0ce86b9.png',1,0,0),(243,236,'/upload/good_img_big/20171127/10d10466e61decf7e429d1d5c3c26fab.png',1,0,0),(244,237,'/upload/good_img_big/20171127/9234661f1c09f2f83396575e8bdce326.png',1,0,0),(245,237,'/upload/good_img_big/20171127/03dce2e74e429e0ff173d49c12674634.png',1,0,0),(246,237,'/upload/good_img_big/20171127/d88b7b8f89b4b22b7810a56fe715de8f.jpg',1,0,0),(247,238,'/upload/good_img_big/20171127/8cfbbc05bb721d7b58a78e5f691ac834.jpg',1,0,0),(248,238,'/upload/good_img_big/20171127/d1012096dded97957fb2d562c7afccc2.jpg',1,0,0),(249,239,'/upload/good_img_big/20171127/8cba6e3403d2abc5b6823e34d8ef2552.png',1,0,0),(250,239,'/upload/good_img_big/20171127/664c85f1209b3da5ad94ebb7106074a5.jpg',1,0,0),(251,239,'/upload/good_img_big/20171127/158cda98f62b4f4f6462cb330ce27530.png',1,0,0),(252,240,'/upload/good_img_big/20171127/64c3cf2d04a1c6a38d83ebcf8e102915.jpg',1,0,0),(253,240,'/upload/good_img_big/20171127/58f206eed601ce7fe45635cae5b88fa3.jpg',1,0,0),(254,241,'/upload/good_img_big/20171127/3c3ae5c68b5c59987f357ff7318ab4a7.jpg',1,0,0),(255,241,'/upload/good_img_big/20171127/242ed88f08e6d7bb5b13cfb7816c312e.jpg',1,0,0),(256,242,'/upload/good_img_big/20171201/174d9a1792abf002deaca84ae5b6265a.jpg',1,0,0),(257,243,'/upload/good_img_big/20171201/709b21a4fe70846558ba9d2419e5bc31.jpg',1,0,0),(258,244,'/upload/good_img_big/20171201/39336313a6d5ce4d99c617297e118758.jpg',1,0,0),(259,245,'/upload/good_img_big/20171201/8858e7638d9814babaca1e8f4cbe92a9.jpg',1,0,0),(260,246,'/upload/good_img_big/20171201/01c7353bc77c75dff90c2f907700d546.jpg',1,0,0),(261,247,'/upload/good_img_big/20171201/07d3aabd398f6be385152e5ad8dd16d2.jpg',1,0,0),(262,248,'/upload/good_img_big/20171201/472d5f32f56c550e088f838ade65eb2f.jpg',1,0,0),(263,249,'/upload/good_img_big/20171201/b7002c697aaef0efede8892a3c6b764f.jpg',1,0,0),(264,250,'/upload/good_img_big/20171201/6bc31115c3c02f2e6d0166d5a8ebccb9.jpg',1,0,0),(265,251,'/upload/good_img_big/20171201/9e9d4f8f1d0a0412973bb1dd5983343a.jpg',1,0,0),(266,252,'/upload/good_img_big/20171201/515a9bb881fa78f4af20c663334287f0.jpg',1,0,0),(267,253,'/upload/good_img_big/20171201/d21fd2635329dc6a5a10d454840c353e.jpg',1,0,0),(268,254,'/upload/good_img_big/20171201/7aaaa628c681a5ffbdca140bb8a255e2.jpg',1,0,0),(269,255,'/upload/good_img_big/20171201/2f88bc69b24c58edc5d15847a3b4d5ae.jpg',1,0,0),(270,256,'/upload/good_img_big/20171201/8eabec6cf5620c67a4e99c450f345187.jpg',1,0,0),(271,257,'/upload/good_img_big/20171201/3bf4bba59f013cc7d8bc13993b7d50bc.jpg',1,0,0),(272,258,'/upload/good_img_big/20171201/11b08c3fb70d0fdcdff5b443f84fbbb1.jpg',1,0,0),(273,259,'/upload/good_img_big/20171201/571781561d8e21dc9aa0eb6fe759f456.jpg',1,0,0),(274,260,'/upload/good_img_big/20171201/6f2759a4a227fdb8111d51410ae560e3.jpg',1,0,0),(275,261,'/upload/good_img_big/20171201/9e917445ed6aa6ca06c6eaef55df42c5.jpg',1,0,0),(276,262,'/upload/good_img_big/20171208/7be5707a8519e7158e2c8681b3bc338a.jpg',0,0,0),(277,262,'/upload/good_img_big/20171208/b831821e8e5077d239d71fe07374d62f.jpg',0,0,0),(278,262,'/upload/good_img_big/20171208/9fcda7ae9b735168ae7a11cf5aacdbfd.jpg',0,0,0),(279,262,'/upload/good_img_big/20171208/aa2770234a5adf281350c075bf03841d.jpg',0,0,0),(280,262,'/upload/good_img_big/20171208/3618852fccd0780d921ce05f44719682.jpg',0,0,0),(281,262,'/upload/good_img_big/20171208/95109cf856688aede956c5c9bd0da494.jpg',1,0,0),(282,262,'/upload/good_img_big/20171208/a3019c73f11b5af7da0d294d41b8d13c.jpg',1,0,0),(283,262,'/upload/good_img_big/20171208/e7e9d96251c2ccdd502f01a8c5c4564e.jpg',1,0,0),(284,262,'/upload/good_img_big/20171208/21f59afaffea86ed6effd641f2d8f0a6.jpg',1,0,0),(285,262,'/upload/good_img_big/20171208/42672e042420c0020f37f38f4be9c2d8.jpg',1,0,0),(286,263,'/upload/good_img_big/20171212/5c5e9031de87be9fe21092487d2dc3ef.jpeg',1,0,0),(287,264,'/upload/good_img_big/20171213/5f6877d86c64cb9ce448a8f3af8265d4.jpg',1,0,0),(288,265,'/upload/good_img_big/20171213/851c3d97f86be4c77412d5f43f4d2f38.jpg',1,0,0),(289,266,'/upload/good_img_big/20171213/882b414a07377b5d6565614faa873ff5.jpg',1,0,0),(290,267,'/upload/good_img_big/20171213/70e71640da0a3fa49386732a538374ee.jpg',1,0,0),(291,268,'/upload/good_img_big/20171213/0b86118e04015075ac83d384909522b6.jpg',1,0,0),(292,269,'/upload/good_img_big/20171221/445b18d2dbe1e8a7f9ecf66693c9a0ac.png',1,0,0),(293,269,'/upload/good_img_big/20171221/599ffb0af10ebf053ef88fd52ce210be.png',1,0,0),(294,269,'/upload/good_img_big/20171221/e0cf1e940f86389a95e75d68f1b2aed2.png',1,0,0),(295,269,'/upload/good_img_big/20171221/17de8d17a72f44fc0b79a69aecb01e80.png',1,0,0),(296,269,'/upload/good_img_big/20171221/f7647901491b6d6b0d4f5973507c6bc8.png',1,0,0),(297,269,'/upload/good_img_big/20171221/04c9cd8cfa832f9394dd5a6302bf057a.png',1,0,0),(298,269,'/upload/good_img_big/20171221/db3b0f7cdb07b3d743bd5977becb6ac8.png',1,0,0),(299,269,'/upload/good_img_big/20171221/5e47de45fab22425a5883d4bd8962e0a.png',1,0,0),(300,269,'/upload/good_img_big/20171221/1668adb00a124761dc1d4e93d9e1cb2e.png',1,0,0),(301,269,'/upload/good_img_big/20171221/f59ae4fd7f11695d1356670d6caa2fff.png',1,0,0),(302,270,'/upload/good_img_big/20171221/dacf8592bf64f31d70a29aec3a94ab23.png',1,0,0),(303,279,'/upload/good_img_big/20171225/681858569892eeb00d4355ab251eda49.jpg',0,0,0),(304,280,'/upload/good_img_big/20171225/b560185651cacc2542f0d487c9fc822a.jpg',1,0,0),(305,281,'/upload/good_img_big/20171225/2b50eb5104340fad60428067c582902c.jpg',1,0,0),(306,79,'/upload/good_img_big/20171225/32ff2225ca5a76a931082e3011162b58.jpg',1,0,0),(307,78,'/upload/good_img_big/20171225/0ea23652160a211cc64b1b653e2481eb.jpg',0,0,0),(308,78,'/upload/good_img_big/20171225/11c24a1d31abc707dd347d52b1f821bd.jpg',1,0,0),(309,282,'/upload/good_img_big/20171225/c183523014a8a0704fb916b1ae2b884b.png',1,0,0),(310,282,'/upload/good_img_big/20171225/f985e9830cdbae39aa6c4a5e9c889bab.jpg',1,0,0),(311,285,'/upload/good_img_big/20171225/e05aceef9bd4c7c301dabf4aa53c621c.png',1,0,0),(312,285,'/upload/good_img_big/20171225/065d3f48105efb68c821a86907251834.jpg',1,0,0),(313,285,'/upload/good_img_big/20171225/d6967b50259256816004008ea6af1e67.png',1,0,0),(314,279,'/upload/good_img_big/20171225/a289599839c75fc566f44a664945a183.jpg',1,0,0),(315,279,'/upload/good_img_big/20171225/d2a073784ff5ee767b829f068580ae16.png',1,0,0),(316,279,'/upload/good_img_big/20171225/246205139ed55fd20aa25efb6f7eb58c.png',1,0,0),(317,279,'/upload/good_img_big/20171225/a5a0f55671a7a4e5b35dc8c6d3272de5.png',1,0,0),(318,289,'/upload/good_img_big/20171225/57fe45d459a0eb93aea3aee5dc67f88b.jpg',0,0,0),(319,290,'/upload/good_img_big/20171225/f016f4ff200942cb19232fe1ea3127c9.jpg',1,0,0),(320,291,'/upload/good_img_big/20171225/946e00e4a9c1c9ee594a49c19fbef926.jpg',0,0,0),(321,292,'/upload/good_img_big/20171225/cef90216e78e91f2fce5836866ded765.jpg',1,0,0),(322,293,'/upload/good_img_big/20171225/58fdbc2e7f5c8005bfdaf15f990489ac.jpg',1,0,0),(323,293,'/upload/good_img_big/20171225/94e0f56ac6f9cf745899a19a5954f16c.jpg',1,0,0),(324,293,'/upload/good_img_big/20171225/03dfb8e6093714a0ddf2941b9c968445.jpg',1,0,0),(325,289,'/upload/good_img_big/20171225/426b11a59e16c8f027a1d3474143b3b5.jpg',1,0,0),(326,289,'/upload/good_img_big/20171225/933d3518e8c111afa46f419d8a819a07.jpg',1,0,0),(327,289,'/upload/good_img_big/20171225/9ca908efa7c5469bf6666fdf8576be58.jpg',1,0,0),(328,294,'/upload/good_img_big/20171225/20a87d000efbaae05e20c75b8423f664.jpg',1,0,0),(329,294,'/upload/good_img_big/20171225/87bc0297425dd8735ba9ab2da53fcb62.jpg',1,0,0),(330,294,'/upload/good_img_big/20171225/bbb087ce54525afa587a6e19c0179b77.jpg',1,0,0),(331,294,'/upload/good_img_big/20171225/4223601c9e71426705207b3c8aa9120e.jpg',1,0,0),(332,296,'/upload/good_img_big/20171225/885ca9df1e716bd3fd4b12d70327445d.jpg',1,0,0),(333,296,'/upload/good_img_big/20171225/6b9ad44a675b2951f150b4348d8deb58.jpg',1,0,0),(334,299,'/upload/good_img_big/20171225/a7745b7d6296088b8c088f435debd2fc.jpg',1,0,0),(335,299,'/upload/good_img_big/20171225/edd2e577cb91c44e1f9df69a21ad94d8.png',1,0,0),(336,300,'/upload/good_img_big/20171225/81ae576b7a6529123dbb2697fa047167.jpg',0,0,0),(337,291,'/upload/good_img_big/20171226/54e30889ebee77986da927bc06f4e976.jpg',1,0,0),(338,291,'/upload/good_img_big/20171226/70de232234fd77d6cacbf45036ea5dca.jpg',1,0,0),(339,291,'/upload/good_img_big/20171226/d243159e3cb3135f084375339e4c04cd.jpg',1,0,0),(340,300,'/upload/good_img_big/20171226/42ebef3640b80ac6a2814979a99e0ade.jpg',0,0,0),(341,300,'/upload/good_img_big/20171226/099718ace2002987ae408c24f032760e.jpg',1,0,0),(342,301,'/upload/good_img_big/20171226/fc9089b04c23a613ee3b94ee5a852ebc.jpeg',1,0,0),(343,309,'/upload/good_img_big/20171226/46ffbe918e9b4267ae3fab586f870af4.png',1,0,0),(344,307,'/upload/good_img_big/20171226/f6a98b9b3d2efaff5a2c04fe3c4cf2a6.jpg',1,0,0),(345,310,'/upload/good_img_big/20171227/360dddefcaf98358b56b77f23cc9850f.jpg',1,0,0),(346,311,'/upload/good_img_big/20171227/8a95201d80c8de814047fb5954f68beb.jpg',1,0,0),(347,312,'/upload/good_img_big/20171227/d17e9635945b6f0da4553653cc7f41b9.jpg',1,0,0),(348,314,'/upload/good_img_big/20171227/adf7eb87b0c5d1fe1150fdd7e9b494cd.jpg',1,0,0),(349,315,'/upload/good_img_big/20171227/3cd62037e064e0d47dd38ad6425e016a.jpg',1,0,0),(350,316,'/upload/good_img_big/20171227/70b152ff3837def67244200dd60f282e.jpg',1,0,0),(351,318,'/upload/good_img_big/20171227/6dd31e3f09a2c97834ecbd70e5e5036c.jpg',1,0,0),(352,317,'/upload/good_img_big/20171227/9c13fbbda30fd1b947c76d25c5086a17.jpg',1,0,0),(353,319,'/upload/good_img_big/20171227/97e102bcf24e68b2bf479d09086dc372.jpg',1,0,0),(354,320,'/upload/good_img_big/20171227/b1e7edc4b970a0652dd1144c0dd7fd16.jpg',1,0,0),(355,320,'/upload/good_img_big/20171227/6c8308fda0cf4318b9b85adc858b76ed.jpg',1,0,0),(356,320,'/upload/good_img_big/20171227/69146754fd6ca2471556a3b37dc54cf3.jpg',1,0,0),(357,320,'/upload/good_img_big/20171227/9c9208d8f48990b1cf026a3a744bc823.jpg',1,0,0),(358,321,'/upload/good_img_big/20171227/fcf2124415b6d3be4da3f7f4b6a46e85.png',1,0,0),(359,321,'/upload/good_img_big/20171227/ad05bfd9f0a1f320aba6d21bef3d4895.png',1,0,0),(360,321,'/upload/good_img_big/20171227/9729c9bcf57762d5c41ee40315c9d8ae.png',1,0,0),(361,321,'/upload/good_img_big/20171227/00f476e4d0e79f1411680ccc613e1dd0.png',1,0,0),(362,321,'/upload/good_img_big/20171227/30e6ac390149df45d693661929d36fab.png',1,0,0),(363,322,'/upload/good_img_big/20171227/0990e23ed240c16e21b4d2088a875d73.png',1,0,0),(364,324,'/upload/good_img_big/20171227/3caa60785e2894df0a0f116892d976a9.png',1,0,0),(365,323,'/upload/good_img_big/20171227/642104f5834c9fda26f6f060318d2f62.jpg',1,0,0),(366,325,'/upload/good_img_big/20171227/f42ed7ab811a8be2f42cf3ebcb8382e1.png',1,0,0),(367,325,'/upload/good_img_big/20171227/ea5ffd1b18db93f24c36f76358ff308d.png',1,0,0),(368,325,'/upload/good_img_big/20171227/abcb8ed6552a0246c95641d9fa358be5.png',1,0,0),(369,325,'/upload/good_img_big/20171227/9dceb294f4f4613a2c37c23bc6e7e5f6.png',1,0,0),(370,325,'/upload/good_img_big/20171227/dd79cc07428fe1b52a8b8c8e40a99a4a.png',1,0,0),(371,326,'/upload/good_img_big/20171227/60d719e40d3b0ec13c362210fc0d85f1.jpg',1,0,0),(372,327,'/upload/good_img_big/20171227/f6d158f79c5b39dcbd7168e19367daff.jpg',1,0,0),(373,328,'/upload/good_img_big/20171227/084b86a2a98c338d98bcc3a1cf8c0b33.jpg',1,0,0),(374,329,'/upload/good_img_big/20171227/285df9b0b808820024bc8d1857659618.png',1,0,0),(375,329,'/upload/good_img_big/20171227/9ef5e80ed3e4d8c24b965c20e4c09bf5.png',1,0,0),(376,329,'/upload/good_img_big/20171227/650b727eb1bea8279d985d2e5f8a3b59.png',1,0,0),(377,329,'/upload/good_img_big/20171227/b98e39f5239310d1d59c483e4644d3f4.png',1,0,0),(378,329,'/upload/good_img_big/20171227/4a4e5aff8e4902db5d9b1a4e85abbdf3.png',1,0,0),(379,330,'/upload/good_img_big/20171227/26382fc6fa5ba2d20c791956e0b1f4c9.jpg',1,0,0),(380,330,'/upload/good_img_big/20171227/548fe6f9e6470f00383bfde260f23461.jpg',1,0,0),(381,330,'/upload/good_img_big/20171227/075f2983e0d50c68d39b62d8112371e3.jpg',1,0,0),(382,330,'/upload/good_img_big/20171227/dad66ca9ef36b7a819626ce47ad511f9.jpg',1,0,0),(383,330,'/upload/good_img_big/20171227/ce11df02ca66bf0dd3825f8345c53820.jpg',1,0,0),(384,331,'/upload/good_img_big/20171227/ee4285a60b79cb887c1c46f8c5694496.jpg',1,0,0),(385,332,'/upload/good_img_big/20171227/cc064b66783894dbea23f1f78264cf4d.png',1,0,0),(386,332,'/upload/good_img_big/20171227/62be8bbb0e6673a253a039f7fdb52872.png',1,0,0),(387,332,'/upload/good_img_big/20171227/6d2dc2d422cb4c52f1009f49ddb2df85.png',1,0,0),(388,332,'/upload/good_img_big/20171227/ccb14bc3f763a7d7ab9863f57f7cba7b.png',1,0,0),(389,332,'/upload/good_img_big/20171227/93287d71921aa13aa6638ce302ecd760.png',1,0,0),(390,333,'/upload/good_img_big/20171228/a8a16c96e1134968ac1ac7d9334cc41f.png',1,0,0),(391,333,'/upload/good_img_big/20171228/f7c0eb2438790966e866bae88405eabe.png',1,0,0),(392,333,'/upload/good_img_big/20171228/0e63cea5ad071b324c931fdb88b49896.png',1,0,0),(393,333,'/upload/good_img_big/20171228/d5f85dafaae48bc66617c2629b4ea26d.png',1,0,0),(394,334,'/upload/good_img_big/20171228/511c646ddb7abc52f1813558502ed9de.jpg',1,0,0),(395,334,'/upload/good_img_big/20171228/74855835d8f1503203ff4222e52e8492.jpg',1,0,0),(396,334,'/upload/good_img_big/20171228/d6d3306b9832088244f55041aec0c3bc.jpg',1,0,0),(397,334,'/upload/good_img_big/20171228/929c8ff74f3b1e6255c9f1e1ad45b51c.jpg',1,0,0),(398,334,'/upload/good_img_big/20171228/30f8662e28ff6ce88bbd39a7bfbedea1.jpg',1,0,0),(399,335,'/upload/good_img_big/20171228/056a1738fe9a5aee20d47ecd17bd3d70.png',1,0,0),(400,335,'/upload/good_img_big/20171228/8a45261e754eb58145d2af7b39da2ea1.jpg',1,0,0),(401,335,'/upload/good_img_big/20171228/588a0dc87c068ce2a0c5e9cbc510e97f.jpg',1,0,0),(402,335,'/upload/good_img_big/20171228/ca7adda42e59171e3cae7ed54a8a614c.png',1,0,0),(403,336,'/upload/good_img_big/20171228/378f184e58064d34c0ead5db8faef251.jpg',1,0,0),(404,337,'/upload/good_img_big/20171228/99403065d772910e938b427cf981874f.jpg',1,0,0),(405,338,'/upload/good_img_big/20171228/9ab4a0de7ee8f99df996d4ed74bc2cda.jpg',1,0,0),(406,339,'/upload/good_img_big/20171228/79153c55e5199b92a42d0729d703b04b.jpg',1,0,0),(407,339,'/upload/good_img_big/20171228/7de30e5d4df5bbfc0e79a1906e75dfb8.jpg',1,0,0),(408,339,'/upload/good_img_big/20171228/975ca51229d9b670456a0d833d0c49fb.jpg',1,0,0),(409,339,'/upload/good_img_big/20171228/d6a10b7e9af781cfb42f7a05e2ef55ea.jpg',1,0,0),(410,339,'/upload/good_img_big/20171228/bc48a79f5c29b9608dbd4680cc50ebc4.jpg',1,0,0),(411,340,'/upload/good_img_big/20171228/35158767772715e805b139cbb57a7e27.jpg',1,0,0),(412,340,'/upload/good_img_big/20171228/0424735759e63f6bf9cf96bcc64a3c95.jpg',1,0,0),(413,340,'/upload/good_img_big/20171228/8ec917295e5120cf176f1a5f76f01e5d.jpg',1,0,0),(414,340,'/upload/good_img_big/20171228/78d13e3654b9fa67c1ffeedabb3b53af.jpg',1,0,0),(415,341,'/upload/good_img_big/20171228/d790ed9ce94254b450b178a82ba5a781.jpg',1,0,0),(416,341,'/upload/good_img_big/20171228/adcb6478fa7cbd182d6fc03160f2a719.jpg',1,0,0),(417,341,'/upload/good_img_big/20171228/cd6ecc28e9277b5def72dd56d26c7629.jpg',1,0,0),(418,341,'/upload/good_img_big/20171228/cca25071aad9952c499fa10d9ccfa5a3.jpg',1,0,0),(419,342,'/upload/good_img_big/20171228/7fdd84d67f440d717c6b813b5fb6fb5a.jpg',1,0,0),(420,342,'/upload/good_img_big/20171228/8b1e3f74b9ca10728b6c9cf6e29cb3cb.jpg',1,0,0),(421,342,'/upload/good_img_big/20171228/1fb483f44f5626ab7d7e921d739fb380.jpg',1,0,0),(422,342,'/upload/good_img_big/20171228/56b70438f4e936bbb1e0878dcfd5b280.jpg',1,0,0),(423,343,'/upload/good_img_big/20171228/b901c28b3750a28370508f444280f2ed.jpg',1,0,0),(424,344,'/upload/good_img_big/20171228/59e18d254fb4b4e981a71898d9c8afb9.jpg',1,0,0),(425,345,'/upload/good_img_big/20171228/68d45b173402760987278ecf75d38e03.jpg',1,0,0),(426,346,'/upload/good_img_big/20171228/cefde9fad7ede6facb8e64f58148c97f.jpg',1,0,0),(427,346,'/upload/good_img_big/20171228/8e3938542127ffc0df8affeee9b60d0a.jpg',1,0,0),(428,346,'/upload/good_img_big/20171228/2a23958564c0a37797f0536de3dd2fce.jpg',1,0,0),(429,346,'/upload/good_img_big/20171228/53f10ec507cea9bcf45f66c277c97362.jpg',1,0,0),(430,347,'/upload/good_img_big/20171228/9ad9e1d3c8ad90351f6ba94679608c0f.jpg',1,0,0),(431,347,'/upload/good_img_big/20171228/e01bec596f202770262d9066cecb575f.jpg',1,0,0),(432,347,'/upload/good_img_big/20171228/41489cdb68f77c580f42a67129452dd7.jpg',1,0,0),(433,347,'/upload/good_img_big/20171228/6c05e11225d591a463a7e959e3145625.jpg',1,0,0),(434,347,'/upload/good_img_big/20171228/2a65d697d468ed1a41988c2487a70351.jpg',1,0,0),(435,348,'/upload/good_img_big/20171228/127ee1644359ab43a4787f60ef472575.png',0,0,0),(436,348,'/upload/good_img_big/20171228/66fe5a23fed4afdb169c02d625cc185d.png',0,0,0),(437,348,'/upload/good_img_big/20171228/f2e9130fb6207157a01bb950474ac391.png',0,0,0),(438,349,'/upload/good_img_big/20171228/4a991d3132ed90194520eac36b193a5c.png',0,0,0),(439,349,'/upload/good_img_big/20171228/862558abb5274ee4f07069b38a7f0f57.png',0,0,0),(440,350,'/upload/good_img_big/20171228/fd4397f33807e1cbaad4ad3398fa08bd.png',0,0,0),(441,351,'/upload/good_img_big/20171228/7eb0f03b194e9d5a94d7718762e433a9.jpg',1,0,0),(442,351,'/upload/good_img_big/20171228/d759021f4628c5f84e46328ad6b44672.jpg',1,0,0),(443,351,'/upload/good_img_big/20171228/30bd2def4bb6da2f6585a7b41d2efad3.jpg',1,0,0),(444,348,'/upload/good_img_big/20171228/693079f31c49a958a8ea15d2d1ad8a6f.jpg',1,0,0),(445,348,'/upload/good_img_big/20171228/32959295146f2f93c16a1205034f8e87.jpg',1,0,0),(446,348,'/upload/good_img_big/20171228/dec4212b4b3f7f2671a721746000d34f.jpg',1,0,0),(447,349,'/upload/good_img_big/20171228/eed5c0a0a64df8f01c083655771b953d.jpg',1,0,0),(448,349,'/upload/good_img_big/20171228/89f33686d0588551afd8e81068eef5be.jpg',1,0,0),(449,350,'/upload/good_img_big/20171228/c0781e7e33e5fbed2fcf47fbc0477cc3.jpg',1,0,0),(450,352,'/upload/good_img_big/20171228/0d7b64b856ed2fee322aed2d814f54d9.jpg',1,0,0),(451,352,'/upload/good_img_big/20171228/6f6657d83e4c385f53b00af06ed4a68a.jpg',1,0,0),(452,352,'/upload/good_img_big/20171228/96a2f741504c536156d5ff1476f5fe9f.jpg',1,0,0),(453,352,'/upload/good_img_big/20171228/3026eb54bfed62a546df246f60a9b346.jpg',1,0,0),(454,353,'/upload/good_img_big/20171228/d6b6bdca1016568b02d5b458dd70eeb1.jpg',1,0,0),(455,353,'/upload/good_img_big/20171228/a338991453b3bc3ff9e6f9182e021055.jpg',1,0,0),(456,354,'/upload/good_img_big/20171228/5a7c23270ec96a6d001cd3723bffbc50.jpg',1,0,0),(457,355,'/upload/good_img_big/20171228/7d3fffc7b5ae9e7d9dda3a9d77b31ff7.jpg',1,0,0);
/*!40000 ALTER TABLE `good_img_bigs` ENABLE KEYS */;
UNLOCK TABLES;

--
-- Table structure for table `group`
--

DROP TABLE IF EXISTS `group`;
/*!40101 SET @saved_cs_client     = @@character_set_client */;
/*!40101 SET character_set_client = utf8 */;
CREATE TABLE `group` (
  `id` int(11) NOT NULL AUTO_INCREMENT,
  `shop_id` int(11) NOT NULL COMMENT '参加团购的商户',
  `good_id` int(11) NOT NULL COMMENT '参加团购的商品',
  `pnum` int(11) DEFAULT '0' COMMENT '参团人数至少',
  `store` int(11) NOT NULL COMMENT '限定团购数量（类型为2时要添加）',
  `price_group` decimal(10,2) NOT NULL DEFAULT '0.00' COMMENT '团购价格',
  `deposit` decimal(10,2) DEFAULT '0.00' COMMENT '要交订金（类型为1时）',
  `end_time` int(11) DEFAULT '0',
  `create_time` int(11) DEFAULT '0',
  `update_time` int(11) DEFAULT '0',
  `st` tinyint(4) DEFAULT '1' COMMENT '0删除 1正在进行 2下架 3成功 4不成功',
  `type` tinyint(4) NOT NULL DEFAULT '1' COMMENT '1限人团购（要交订金） 2限时限量',
  PRIMARY KEY (`id`)
) ENGINE=InnoDB DEFAULT CHARSET=utf8 COMMENT='团购商品表';
/*!40101 SET character_set_client = @saved_cs_client */;

--
-- Dumping data for table `group`
--

LOCK TABLES `group` WRITE;
/*!40000 ALTER TABLE `group` DISABLE KEYS */;
/*!40000 ALTER TABLE `group` ENABLE KEYS */;
UNLOCK TABLES;

--
-- Table structure for table `menu_admin`
--

DROP TABLE IF EXISTS `menu_admin`;
/*!40101 SET @saved_cs_client     = @@character_set_client */;
/*!40101 SET character_set_client = utf8 */;
CREATE TABLE `menu_admin` (
  `id` int(11) NOT NULL AUTO_INCREMENT,
  `name` varchar(50) NOT NULL COMMENT '导航名称',
  `pid` int(11) NOT NULL DEFAULT '0' COMMENT '导航上级id，总分两级,0表示一级',
  `controller` varchar(100) DEFAULT '' COMMENT '控制器,为一级时为""',
  `action` varchar(100) DEFAULT '' COMMENT '控制器中方法,为一级时为""',
  `param` varchar(100) DEFAULT '' COMMENT '参数',
  `sort` int(11) DEFAULT '0',
  `create_time` int(11) DEFAULT '0',
  `update_time` int(11) DEFAULT '0',
  `is_show_to_shop` tinyint(4) NOT NULL DEFAULT '1' COMMENT '1展示 0不展示',
  PRIMARY KEY (`id`)
) ENGINE=MyISAM AUTO_INCREMENT=30 DEFAULT CHARSET=utf8 COMMENT='后台左侧导航';
/*!40101 SET character_set_client = @saved_cs_client */;

--
-- Dumping data for table `menu_admin`
--

LOCK TABLES `menu_admin` WRITE;
/*!40000 ALTER TABLE `menu_admin` DISABLE KEYS */;
INSERT INTO `menu_admin` VALUES (1,'主要管理',0,'','','',1,1499926154,1499926154,1),(2,'商户/百科分类',1,'Cate','index','',3,1499926628,1508378626,0),(4,'团购',1,'Group','index','',6,1499929021,1513565018,0),(6,'装修百科',1,'Article','index','',5,1499931757,1508307233,0),(7,'评价',8,'Fankui','index','',4,1500019957,1508147217,1),(8,'订单管理',0,'','','',2,1500281130,1502343485,1),(9,'广告图',1,'Ad','index','',7,1500281153,1508307068,0),(11,'订单',8,'Dingdan','index','',1,1500353254,1502343547,1),(14,'其它管理',0,'','','',3,1500451917,1514185788,1),(15,'管理员',14,'Admin','index','',2,1500452020,1514185664,1),(21,'小程序用户',8,'User','index','',2,1502338116,1508378651,0),(22,'商品',1,'Good','index','',0,1508147129,1508147129,1),(19,'商户',1,'Shop','index','',1,1501834139,1508145685,1),(24,'提现管理',8,'Withdraw','index','',0,1508909448,1508909448,1),(26,'平台设置',14,'Setting','index','',0,1509602309,1510630879,0),(27,'在线活动',1,'Activity','index','',0,1509932092,1510630832,0),(28,'用户留言',1,'Message','index','',9,1511171925,1511171925,1);
/*!40000 ALTER TABLE `menu_admin` ENABLE KEYS */;
UNLOCK TABLES;

--
-- Table structure for table `message`
--

DROP TABLE IF EXISTS `message`;
/*!40101 SET @saved_cs_client     = @@character_set_client */;
/*!40101 SET character_set_client = utf8 */;
CREATE TABLE `message` (
  `id` int(11) NOT NULL AUTO_INCREMENT,
  `user_id` int(11) NOT NULL,
  `shop_id` int(11) NOT NULL,
  `message` varchar(255) NOT NULL,
  `read_time` int(11) DEFAULT '0',
  `st` tinyint(4) DEFAULT '1' COMMENT '0 管理员删除 1正常 2用户删除',
  `type` tinyint(4) DEFAULT '1' COMMENT '1 用户发 2管理员发',
  `update_time` int(11) NOT NULL,
  `pid` int(11) NOT NULL DEFAULT '0' COMMENT '父id  0为第一条信息',
  `create_time` int(11) DEFAULT '0',
  PRIMARY KEY (`id`)
) ENGINE=InnoDB AUTO_INCREMENT=15 DEFAULT CHARSET=utf8;
/*!40101 SET character_set_client = @saved_cs_client */;

--
-- Dumping data for table `message`
--

LOCK TABLES `message` WRITE;
/*!40000 ALTER TABLE `message` DISABLE KEYS */;
INSERT INTO `message` VALUES (1,302,38,'nihao a ',0,1,1,1511242965,0,1511242965),(2,302,38,'sdahsadj ',0,1,1,1511242980,0,1511242980),(3,302,38,'sd ',0,1,1,1511242983,0,1511242983),(4,302,38,'dsa ',0,2,1,1511248165,0,1511242984),(5,302,38,'要哪个',0,1,2,1511244113,0,1511244113),(6,3,37,'1234',0,2,1,1511401971,0,1511401839),(7,3,37,'的的的的的',0,0,2,1511401965,0,1511401863),(8,3,37,'111111111111111111111111111111111111111111111111111111111111111111111111111111111111111111111111111111111111111111111111111111111',0,2,1,1511401969,0,1511401882),(9,3,37,'111111111111111111111122222222222222222222222222222222222222222222222222222222222222222222',0,0,2,1511401963,0,1511401895),(10,3,37,'的的as打扫打扫打扫打扫的俄武器恶趣味日犬瘟热最新阿斯顿足阿萨德时只需阿萨德前往如果',0,2,1,1511401974,0,1511401939),(11,302,38,'你好',0,1,2,1511403288,0,1511403288),(12,28,97,'新风系统',0,1,1,1511773210,0,1511773210),(13,198,103,'1111',0,1,1,1514276690,0,1514276690),(14,198,103,'要什么?',0,1,2,1514276752,0,1514276752);
/*!40000 ALTER TABLE `message` ENABLE KEYS */;
UNLOCK TABLES;

--
-- Table structure for table `order_contact`
--

DROP TABLE IF EXISTS `order_contact`;
/*!40101 SET @saved_cs_client     = @@character_set_client */;
/*!40101 SET character_set_client = utf8 */;
CREATE TABLE `order_contact` (
  `id` int(11) NOT NULL AUTO_INCREMENT,
  `orderno` varchar(255) NOT NULL COMMENT '用于支付的订单号',
  `sum_price_all` decimal(10,2) DEFAULT '0.00' COMMENT '总价，可能是多个商家的',
  `st` tinyint(4) DEFAULT '1' COMMENT '0删除，1待支付 ,2已支付',
  `create_time` int(11) DEFAULT '0',
  `update_time` int(11) DEFAULT '0',
  PRIMARY KEY (`id`)
) ENGINE=MyISAM AUTO_INCREMENT=24 DEFAULT CHARSET=utf8 COMMENT='多商家订单联合表(一对多)订单表';
/*!40101 SET character_set_client = @saved_cs_client */;

--
-- Dumping data for table `order_contact`
--

LOCK TABLES `order_contact` WRITE;
/*!40000 ALTER TABLE `order_contact` DISABLE KEYS */;
INSERT INTO `order_contact` VALUES (1,'111517502088_n-TcwJ',1436.00,1,1510739420,1510739420),(2,'111717131357_i8WtyE',200.00,1,1510909993,1510909993),(3,'111717142624_i8WtyE',718.00,1,1510910066,1510910066),(4,'120709335079687_Xc_AYY',15500.00,1,1512610430,1512610430),(5,'121914483162984_j8O5cL',2680.00,1,1513666111,1513666111),(6,'121914490776875_j8O5cL',2680.00,1,1513666147,1513666147),(7,'121914490822316_j8O5cL',2680.00,1,1513666148,1513666148),(8,'12191449097180_j8O5cL',2680.00,1,1513666149,1513666149),(9,'12191449105477_j8O5cL',2680.00,1,1513666150,1513666150),(10,'121914504388463_j8O5cL',100.00,1,1513666243,1513666243),(11,'121914512533273_j8O5cL',100.00,1,1513666285,1513666285),(12,'121914512690383_j8O5cL',100.00,1,1513666286,1513666286),(13,'121914512720374_j8O5cL',100.00,1,1513666287,1513666287),(14,'12191451286892_j8O5cL',100.00,1,1513666288,1513666288),(15,'121914515529630_j8O5cL',100.00,1,1513666315,1513666315),(16,'121914515691969_j8O5cL',100.00,1,1513666316,1513666316),(17,'121914515748862_j8O5cL',100.00,1,1513666317,1513666317),(18,'121915501093765_j8O5cL',2680.00,1,1513669810,1513669810),(19,'121915501137846_j8O5cL',2680.00,1,1513669811,1513669811),(20,'121915501215592_j8O5cL',2680.00,1,1513669812,1513669812),(21,'121915501522338_j8O5cL',2680.00,1,1513669815,1513669815),(22,'121915501682904_j8O5cL',2680.00,1,1513669816,1513669816),(23,'12191550172298_j8O5cL',2680.00,1,1513669817,1513669817);
/*!40000 ALTER TABLE `order_contact` ENABLE KEYS */;
UNLOCK TABLES;

--
-- Table structure for table `order_good`
--

DROP TABLE IF EXISTS `order_good`;
/*!40101 SET @saved_cs_client     = @@character_set_client */;
/*!40101 SET character_set_client = utf8 */;
CREATE TABLE `order_good` (
  `id` int(11) NOT NULL AUTO_INCREMENT,
  `order_id` int(11) NOT NULL,
  `good_id` int(11) NOT NULL,
  `num` int(11) NOT NULL DEFAULT '1',
  `st` tinyint(4) NOT NULL DEFAULT '1',
  `img` varchar(250) NOT NULL DEFAULT '' COMMENT '商品列表图',
  `name` varchar(100) NOT NULL DEFAULT '' COMMENT '商品名称',
  `price` decimal(10,2) DEFAULT '0.00',
  `price_group` decimal(10,2) DEFAULT '0.00',
  `group_deposit` decimal(10,2) DEFAULT '0.00',
  `unit` varchar(50) DEFAULT '',
  `shop_id` int(11) NOT NULL,
  `create_time` int(11) DEFAULT '0',
  `update_time` int(11) DEFAULT '0',
  PRIMARY KEY (`id`),
  KEY `order_id` (`order_id`)
) ENGINE=InnoDB AUTO_INCREMENT=139 DEFAULT CHARSET=utf8 COMMENT='订单商品表';
/*!40101 SET character_set_client = @saved_cs_client */;

--
-- Dumping data for table `order_good`
--

LOCK TABLES `order_good` WRITE;
/*!40000 ALTER TABLE `order_good` DISABLE KEYS */;
INSERT INTO `order_good` VALUES (1,3,79,1,3,'/upload/good_img/20171103/5c1c56bd456c3c5ca1cd42cbd82e86de.jpg','环保不达标、全额赔付',0.01,0.00,0.00,'元',30,1510290241,1510290440),(2,4,79,1,3,'/upload/good_img/20171103/5c1c56bd456c3c5ca1cd42cbd82e86de.jpg','环保不达标、全额赔付',0.01,0.00,0.00,'元',30,1510291125,1510291166),(3,5,80,2,1,'/upload/good_img/20171103/05f50ab6700e31738381494bb95e80d0.jpg','徽派工艺',0.01,0.00,0.00,'元',30,1510294975,1510294975),(4,6,79,1,3,'/upload/good_img/20171103/5c1c56bd456c3c5ca1cd42cbd82e86de.jpg','环保不达标、全额赔付',0.01,0.00,0.00,'元',30,1510296376,1510296422),(5,7,82,1,3,'/upload/good_img/20171103/f787f42ae774b7a485d7e8d43f4afb10.jpg','免费量房报价、平面设计',0.01,0.00,0.00,'元',30,1510296967,1510297211),(6,9,79,1,3,'/upload/good_img/20171103/5c1c56bd456c3c5ca1cd42cbd82e86de.jpg','环保不达标、全额赔付',0.01,0.00,0.00,'元',30,1510297585,1510297618),(7,10,82,1,3,'/upload/good_img/20171103/f787f42ae774b7a485d7e8d43f4afb10.jpg','免费量房报价、平面设计',0.01,0.00,0.00,'元',30,1510297686,1510297708),(8,11,79,1,3,'/upload/good_img/20171103/5c1c56bd456c3c5ca1cd42cbd82e86de.jpg','环保不达标、全额赔付',0.01,0.00,0.00,'元',30,1510303325,1510303817),(9,5,79,2,1,'/upload/good_img/20171103/5c1c56bd456c3c5ca1cd42cbd82e86de.jpg','环保不达标、全额赔付',0.01,0.00,0.00,'元',30,1510307149,1510307149),(10,6,102,2,1,'/upload/good_img/20171103/cd4ef1f269f416ae660010518d878103.jpg','专享品质半包服务',0.01,0.00,0.00,'元',38,1510354116,1510354116),(11,7,100,20,1,'/upload/good_img/20171103/7e76c04348ef84c76802d403a05eac2c.jpg','免费测量，出设计方案',0.01,0.00,0.00,'米',38,1510354422,1510354422),(12,8,102,1,1,'/upload/good_img/20171103/cd4ef1f269f416ae660010518d878103.jpg','专享品质半包服务',0.01,0.00,0.00,'元',38,1510354652,1510354652),(13,9,100,1,1,'/upload/good_img/20171103/7e76c04348ef84c76802d403a05eac2c.jpg','免费测量，出设计方案',0.01,0.00,0.00,'米',38,1510354685,1510354685),(14,10,100,1,1,'/upload/good_img/20171103/7e76c04348ef84c76802d403a05eac2c.jpg','免费测量，出设计方案',0.01,0.00,0.00,'米',38,1510354715,1510354715),(15,11,100,2,1,'/upload/good_img/20171103/7e76c04348ef84c76802d403a05eac2c.jpg','免费测量，出设计方案',0.01,0.00,0.00,'米',38,1510354775,1510354775),(16,11,102,1,1,'/upload/good_img/20171103/cd4ef1f269f416ae660010518d878103.jpg','专享品质半包服务',0.01,0.00,0.00,'元',38,1510354775,1510354775),(17,12,102,1,1,'/upload/good_img/20171103/cd4ef1f269f416ae660010518d878103.jpg','专享品质半包服务',0.01,0.00,0.00,'元',38,1510354805,1510354805),(18,13,100,1,1,'/upload/good_img/20171103/7e76c04348ef84c76802d403a05eac2c.jpg','免费测量，出设计方案',0.01,0.00,0.00,'米',38,1510354831,1510354831),(19,14,100,1,1,'/upload/good_img/20171103/7e76c04348ef84c76802d403a05eac2c.jpg','免费测量，出设计方案',0.01,0.00,0.00,'米',38,1510354855,1510354855),(20,15,102,1,1,'/upload/good_img/20171103/cd4ef1f269f416ae660010518d878103.jpg','专享品质半包服务',0.01,0.00,0.00,'元',38,1510354943,1510354943),(21,17,102,1,1,'/upload/good_img/20171103/cd4ef1f269f416ae660010518d878103.jpg','专享品质半包服务',0.01,0.00,0.00,'元',38,1510355015,1510355015),(22,19,100,1,1,'/upload/good_img/20171103/7e76c04348ef84c76802d403a05eac2c.jpg','免费测量，出设计方案',0.01,0.00,0.00,'米',38,1510355043,1510355043),(23,27,102,1,1,'/upload/good_img/20171103/cd4ef1f269f416ae660010518d878103.jpg','专享品质半包服务',0.01,0.00,0.00,'元',38,1510355406,1510355406),(24,29,100,1,1,'/upload/good_img/20171103/7e76c04348ef84c76802d403a05eac2c.jpg','免费测量，出设计方案',0.01,0.00,0.00,'米',38,1510355433,1510355433),(25,31,102,1,1,'/upload/good_img/20171103/cd4ef1f269f416ae660010518d878103.jpg','专享品质半包服务',0.01,0.00,0.00,'元',38,1510355457,1510355457),(26,32,102,1,1,'/upload/good_img/20171103/cd4ef1f269f416ae660010518d878103.jpg','专享品质半包服务',0.01,0.00,0.00,'元',38,1510355484,1510355484),(27,34,102,1,1,'/upload/good_img/20171103/cd4ef1f269f416ae660010518d878103.jpg','专享品质半包服务',0.01,0.00,0.00,'元',38,1510355546,1510355546),(28,36,102,1,1,'/upload/good_img/20171103/cd4ef1f269f416ae660010518d878103.jpg','专享品质半包服务',0.01,0.00,0.00,'元',38,1510355576,1510355576),(29,39,102,2,1,'/upload/good_img/20171103/cd4ef1f269f416ae660010518d878103.jpg','专享品质半包服务',0.01,0.00,0.00,'元',38,1510355691,1510355691),(30,40,102,2,1,'/upload/good_img/20171103/cd4ef1f269f416ae660010518d878103.jpg','专享品质半包服务',0.01,0.00,0.00,'元',38,1510355784,1510355784),(31,118,100,2,1,'/upload/good_img/20171103/7e76c04348ef84c76802d403a05eac2c.jpg','免费测量，出设计方案',0.01,0.00,0.00,'米',38,1510368169,1510368169),(32,119,100,1,1,'/upload/good_img/20171103/7e76c04348ef84c76802d403a05eac2c.jpg','免费测量，出设计方案',0.01,0.00,0.00,'米',38,1510368206,1510368206),(33,121,100,1,1,'/upload/good_img/20171103/7e76c04348ef84c76802d403a05eac2c.jpg','免费测量，出设计方案',0.01,0.00,0.00,'米',38,1510368347,1510368347),(34,122,100,1,1,'/upload/good_img/20171103/7e76c04348ef84c76802d403a05eac2c.jpg','免费测量，出设计方案',0.01,0.00,0.00,'米',38,1510368378,1510368378),(35,124,60,1,1,'/upload/good_img/20171102/ec3160b8f9f1e87ba7bc69e16973d0bf.jpg','型号60',618.00,0.00,0.00,'每平米',37,1510368416,1510368416),(36,131,102,1,1,'/upload/good_img/20171103/cd4ef1f269f416ae660010518d878103.jpg','专享品质半包服务',0.01,0.00,0.00,'元',38,1510368628,1510368628),(37,138,59,1,1,'/upload/good_img/20171102/abdde12fe9cf806f835e089d3eb8375f.jpg','双十一型号70',698.00,0.00,0.00,'每平米',37,1510369126,1510369126),(38,172,100,2,1,'/upload/good_img/20171103/7e76c04348ef84c76802d403a05eac2c.jpg','免费测量，出设计方案',0.01,0.00,0.00,'米',38,1510374326,1510374326),(39,176,79,1,1,'/upload/good_img/20171103/5c1c56bd456c3c5ca1cd42cbd82e86de.jpg','环保不达标、全额赔付',0.01,0.00,0.00,'元',30,1510377610,1510377610),(40,179,178,1,1,'/upload/good/20171110/94d955fac8528678358f3e80491ca67f.jpg','双十一补单限时专用券',100.00,0.00,0.00,'张',63,1510382234,1510382234),(41,185,100,2,1,'/upload/good_img/20171103/7e76c04348ef84c76802d403a05eac2c.jpg','免费测量，出设计方案',0.01,0.00,0.00,'米',38,1510402348,1510402348),(42,187,178,6,1,'/upload/good/20171110/94d955fac8528678358f3e80491ca67f.jpg','双十一补单限时专用券',100.00,0.00,0.00,'张',63,1510454708,1510454708),(43,193,79,1,1,'/upload/good_img/20171103/5c1c56bd456c3c5ca1cd42cbd82e86de.jpg','环保不达标、全额赔付',0.01,0.00,0.00,'元',30,1510543612,1510543612),(44,195,102,2,1,'/upload/good_img/20171103/cd4ef1f269f416ae660010518d878103.jpg','专享品质半包服务',100.00,0.00,0.00,'元',38,1510553097,1510553097),(45,196,60,3,1,'/upload/good_img/20171102/ec3160b8f9f1e87ba7bc69e16973d0bf.jpg','型号60',618.00,0.00,0.00,'每平米',37,1510553680,1510553680),(46,197,60,1,1,'/upload/good_img/20171102/ec3160b8f9f1e87ba7bc69e16973d0bf.jpg','型号60',618.00,0.00,0.00,'每平米',37,1510553897,1510553897),(47,201,65,1,1,'/upload/good_img/20171102/6f106cdc49938780e201f8955d85a308.jpg','地康法国兰舍新ERV350升级款',14850.00,0.00,0.00,'每套',27,1510636996,1510636996),(48,204,59,1,1,'/upload/good_img/20171102/abdde12fe9cf806f835e089d3eb8375f.jpg','双十一型号70',698.00,0.00,0.00,'每平米',37,1510724320,1510724320),(49,204,212,1,1,'/upload/good_img/20171114/90d7b6b8be61827c6a1cdaac688351d5.jpg','双十一补单限时专用券',100.00,0.00,0.00,'张',37,1510724320,1510724320),(50,205,212,1,1,'/upload/good_img/20171114/90d7b6b8be61827c6a1cdaac688351d5.jpg','双十一补单限时专用券',100.00,0.00,0.00,'张',37,1510725725,1510725725),(51,206,100,1,1,'/upload/good_img/20171103/7e76c04348ef84c76802d403a05eac2c.jpg','免费测量，出设计方案',100.00,0.00,0.00,'元',38,1510739420,1510739420),(52,206,102,1,1,'/upload/good_img/20171103/cd4ef1f269f416ae660010518d878103.jpg','专享品质半包服务',100.00,0.00,0.00,'元',38,1510739420,1510739420),(53,207,60,2,1,'/upload/good_img/20171102/ec3160b8f9f1e87ba7bc69e16973d0bf.jpg','型号60',618.00,0.00,0.00,'每平米',37,1510739420,1510739420),(54,220,102,1,1,'/upload/good_img/20171103/cd4ef1f269f416ae660010518d878103.jpg','专享品质半包服务',100.00,0.00,0.00,'元',38,1510909993,1510909993),(55,220,100,1,1,'/upload/good_img/20171103/7e76c04348ef84c76802d403a05eac2c.jpg','免费测量，出设计方案',100.00,0.00,0.00,'元',38,1510909993,1510909993),(56,221,60,1,1,'/upload/good_img/20171102/ec3160b8f9f1e87ba7bc69e16973d0bf.jpg','型号60',618.00,0.00,0.00,'每平米',37,1510910066,1510910066),(57,222,100,1,1,'/upload/good_img/20171103/7e76c04348ef84c76802d403a05eac2c.jpg','免费测量，出设计方案',100.00,0.00,0.00,'元',38,1510910066,1510910066),(58,224,204,1,1,'/upload/good_img/20171114/0054e03c1a531fb25ae79a0d0ba66364.jpg','双十一补单限时专用券',100.00,0.00,0.00,'张',28,1510923666,1510923666),(59,225,149,1,1,'/upload/good/20171110/f7b625d06cf0d30f14241839abd365c1.jpg','双十一补单限时专用券',100.00,0.00,0.00,'张',49,1510974475,1510974475),(60,231,100,2,1,'/upload/good_img/20171103/7e76c04348ef84c76802d403a05eac2c.jpg','免费测量，出设计方案',100.00,0.00,0.00,'元',38,1511247087,1511247087),(61,231,102,1,1,'/upload/good_img/20171103/cd4ef1f269f416ae660010518d878103.jpg','专享品质半包服务',100.00,0.00,0.00,'元',38,1511247087,1511247087),(62,232,60,2,1,'/upload/good_img/20171102/ec3160b8f9f1e87ba7bc69e16973d0bf.jpg','型号60',618.00,0.00,0.00,'每平米',37,1511248184,1511248184),(63,233,102,2,1,'/upload/good_img/20171103/cd4ef1f269f416ae660010518d878103.jpg','专享品质半包服务',100.00,0.00,0.00,'元',38,1511248913,1511248913),(64,233,100,1,1,'/upload/good_img/20171103/7e76c04348ef84c76802d403a05eac2c.jpg','免费测量，出设计方案',100.00,0.00,0.00,'元',38,1511248913,1511248913),(65,234,82,1,3,'/upload/good_img/20171103/f787f42ae774b7a485d7e8d43f4afb10.jpg','免费量房报价、平面设计',0.01,0.00,0.00,'元',30,1511254378,1511254437),(66,236,82,1,3,'/upload/good_img/20171103/f787f42ae774b7a485d7e8d43f4afb10.jpg','免费量房报价、平面设计',0.01,0.00,0.00,'元',30,1511255819,1511255871),(67,237,82,1,3,'/upload/good_img/20171103/f787f42ae774b7a485d7e8d43f4afb10.jpg','免费量房报价、平面设计',0.01,0.00,0.00,'元',30,1511255893,1511255977),(68,238,82,1,3,'/upload/good_img/20171103/f787f42ae774b7a485d7e8d43f4afb10.jpg','免费量房报价、平面设计',0.01,0.00,0.00,'元',30,1511255919,1511255988),(69,239,82,1,3,'/upload/good_img/20171103/f787f42ae774b7a485d7e8d43f4afb10.jpg','免费量房报价、平面设计',0.01,0.00,0.00,'元',30,1511255943,1511255991),(70,257,219,1,1,'/upload/good_img/20171122/795e86a7ce3ecd0d86d8a166a6fbae51.jpg','便宜了啊呀1',0.50,0.00,0.00,'m2',37,1511319031,1511319031),(71,258,219,1,1,'/upload/good_img/20171122/795e86a7ce3ecd0d86d8a166a6fbae51.jpg','便宜了啊呀1',0.50,0.00,0.00,'m2',37,1511319083,1511319083),(72,260,219,1,1,'/upload/good_img/20171122/795e86a7ce3ecd0d86d8a166a6fbae51.jpg','便宜了啊呀1',0.50,0.00,0.00,'m2',37,1511319603,1511319603),(73,262,219,2,1,'/upload/good_img/20171122/795e86a7ce3ecd0d86d8a166a6fbae51.jpg','便宜了啊呀1',0.50,0.00,0.00,'m2',37,1511319823,1511319823),(74,268,219,1,1,'/upload/good_img/20171122/795e86a7ce3ecd0d86d8a166a6fbae51.jpg','便宜了啊呀1',0.50,0.00,0.00,'m2',37,1511342909,1511342909),(75,269,82,1,1,'/upload/good_img/20171103/f787f42ae774b7a485d7e8d43f4afb10.jpg','免费量房报价、平面设计',0.01,0.00,0.00,'元',30,1511490099,1511490099),(76,276,100,1,1,'/upload/good_img/20171103/7e76c04348ef84c76802d403a05eac2c.jpg','免费测量，出设计方案',100.00,0.00,0.00,'元',38,1511505839,1511505839),(77,280,59,1,1,'/upload/good_img/20171102/abdde12fe9cf806f835e089d3eb8375f.jpg','双十一型号70',698.00,0.00,0.00,'每平米',37,1511855838,1511855838),(78,280,60,1,1,'/upload/good_img/20171102/ec3160b8f9f1e87ba7bc69e16973d0bf.jpg','型号60',618.00,0.00,0.00,'每平米',37,1511855838,1511855838),(79,281,223,1,1,'/upload/good_img/20171127/446e0885cb38b5d29ad46e4a38e68530.jpg','大浮雕',355.00,299.00,0.02,'平方米',93,1511858917,1511858917),(80,282,223,1,1,'/upload/good_img/20171127/446e0885cb38b5d29ad46e4a38e68530.jpg','大浮雕',355.00,299.00,0.02,'平方米',93,1511858993,1511858993),(81,283,223,1,1,'/upload/good_img/20171127/446e0885cb38b5d29ad46e4a38e68530.jpg','大浮雕',355.00,299.00,0.02,'平方米',93,1511859060,1511859060),(82,284,223,1,1,'/upload/good_img/20171127/446e0885cb38b5d29ad46e4a38e68530.jpg','大浮雕',355.00,299.00,0.02,'平方米',93,1511859117,1511859117),(83,285,78,1,1,'/upload/good_img/20171103/0a6a90ceba150ab5d0103c741aaf94c9.jpg','11.11活动优惠   活动价格',100.00,98.00,0.10,'元',30,1511937750,1511937750),(84,286,78,1,1,'/upload/good_img/20171103/0a6a90ceba150ab5d0103c741aaf94c9.jpg','11.11活动优惠   活动价格',100.00,98.00,0.10,'元',30,1511937772,1511937772),(85,287,223,1,1,'/upload/good_img/20171127/446e0885cb38b5d29ad46e4a38e68530.jpg','大浮雕',355.00,299.00,0.02,'平方米',93,1511938618,1511938618),(86,288,224,1,1,'/upload/good_img/20171127/359ae84b6f260b801027489d371e6562.jpg','非洲紫檀',395.00,390.00,0.01,'平方米',93,1511940974,1511940974),(87,289,224,1,1,'/upload/good_img/20171127/359ae84b6f260b801027489d371e6562.jpg','非洲紫檀',395.00,390.00,0.01,'平方米',93,1511941092,1511941092),(88,291,224,1,1,'/upload/good_img/20171127/359ae84b6f260b801027489d371e6562.jpg','非洲紫檀',395.00,390.00,0.01,'平方米',93,1511941695,1511941695),(89,292,224,1,1,'/upload/good_img/20171127/359ae84b6f260b801027489d371e6562.jpg','非洲紫檀',395.00,390.00,0.01,'平方米',93,1511941704,1511941704),(90,293,224,1,1,'/upload/good_img/20171127/359ae84b6f260b801027489d371e6562.jpg','非洲紫檀',395.00,390.00,0.01,'平方米',93,1511941804,1511941804),(91,294,125,1,1,'/upload/good_img/20171103/1631e606f0673a98a7e48c71242fc17d.jpg','M03-1204E1P',2680.00,2500.00,0.01,'个',42,1512007836,1512007836),(92,295,125,1,1,'/upload/good_img/20171103/1631e606f0673a98a7e48c71242fc17d.jpg','M03-1204E1P',2680.00,2500.00,0.01,'个',42,1512007879,1512007879),(93,296,78,1,1,'/upload/good_img/20171103/0a6a90ceba150ab5d0103c741aaf94c9.jpg','11.11活动优惠   活动价格',100.00,98.00,0.10,'元',30,1512355502,1512355502),(94,297,65,1,1,'/upload/good_img/20171102/6f106cdc49938780e201f8955d85a308.jpg','地康法国兰舍新ERV350升级款',14850.00,0.00,0.00,'每套',27,1512610430,1512610430),(95,297,66,1,1,'/upload/good_img/20171102/5a6da173f681255388a5ea2a310d5a35.jpg','地康福兰特不锈钢水管',168.00,0.00,0.00,'每米',27,1512610430,1512610430),(96,297,67,1,1,'/upload/good_img/20171102/919ffee5eaa38843b2ffbb7cb4692a6e.jpg','地康乔治阻氧PERT地暖管',127.00,0.00,0.00,'每平米',27,1512610430,1512610430),(97,298,223,1,1,'/upload/good_img/20171127/446e0885cb38b5d29ad46e4a38e68530.jpg','大浮雕',355.00,0.00,0.00,'平方米',93,1512610430,1512610430),(98,299,59,3,1,'/upload/good_img/20171102/abdde12fe9cf806f835e089d3eb8375f.jpg','双十一型号70',698.00,0.00,0.00,'每平米',37,1512610430,1512610430),(99,300,262,1,1,'/upload/good/20171208/de60800abdfa38bac5f955664041aa82.jpg','管家帮新居开荒',8.00,6.00,100.00,'平方米',98,1512889556,1512889556),(100,301,262,1,1,'/upload/good/20171208/de60800abdfa38bac5f955664041aa82.jpg','管家帮新居开荒',8.00,6.00,100.00,'平方米',98,1512889698,1512889698),(101,302,262,1,1,'/upload/good/20171208/de60800abdfa38bac5f955664041aa82.jpg','管家帮新居开荒',8.00,6.00,100.00,'平方米',98,1512903571,1512903571),(102,303,262,1,1,'/upload/good/20171208/de60800abdfa38bac5f955664041aa82.jpg','管家帮新居开荒',8.00,6.00,100.00,'平方米',98,1512981455,1512981455),(103,304,262,1,1,'/upload/good/20171208/de60800abdfa38bac5f955664041aa82.jpg','管家帮新居开荒',8.00,6.00,100.00,'平方米',98,1512981858,1512981858),(104,305,262,1,1,'/upload/good/20171208/de60800abdfa38bac5f955664041aa82.jpg','管家帮新居开荒',8.00,6.00,100.00,'平方米',98,1512981963,1512981963),(105,333,262,1,1,'/upload/good/20171208/de60800abdfa38bac5f955664041aa82.jpg','管家帮新居开荒',8.00,0.00,0.00,'平方米',98,1513132380,1513132380),(106,346,262,1,1,'/upload/good/20171208/de60800abdfa38bac5f955664041aa82.jpg','管家帮新居开荒',8.00,6.00,100.00,'平方米',98,1513424223,1513424223),(107,350,262,1,1,'/upload/good/20171208/de60800abdfa38bac5f955664041aa82.jpg','管家帮新居开荒',8.00,6.00,100.00,'平方米',98,1513562402,1513562402),(108,352,262,1,1,'/upload/good/20171208/de60800abdfa38bac5f955664041aa82.jpg','管家帮新居开荒',8.00,6.00,100.00,'平方米',98,1513563218,1513563218),(109,354,262,1,1,'/upload/good/20171208/de60800abdfa38bac5f955664041aa82.jpg','管家帮新居开荒',8.00,6.00,100.00,'平方米',98,1513565125,1513565125),(110,356,262,1,1,'/upload/good/20171208/de60800abdfa38bac5f955664041aa82.jpg','管家帮新居开荒',8.00,6.00,100.00,'平方米',98,1513568157,1513568157),(111,359,262,1,1,'/upload/good/20171208/de60800abdfa38bac5f955664041aa82.jpg','管家帮新居开荒',8.00,6.00,100.00,'平方米',98,1513573043,1513573043),(112,362,268,1,1,'/upload/good_img/20171213/37bbe8821118026119555a658209b67f.jpg','带你装 施工监理质量验收 全程监理服务',50.00,45.00,0.01,'平方米',101,1513587734,1513587734),(113,363,102,2,1,'/upload/good_img/20171103/cd4ef1f269f416ae660010518d878103.jpg','专享品质半包服务',100.00,0.00,0.00,'元',38,1513670990,1513670990),(114,364,262,1,1,'/upload/good/20171208/de60800abdfa38bac5f955664041aa82.jpg','管家帮新居开荒',8.00,6.00,100.00,'平方米',98,1513689679,1513689679),(115,366,262,1,1,'/upload/good/20171208/de60800abdfa38bac5f955664041aa82.jpg','管家帮新居开荒',8.00,6.00,100.00,'平方米',98,1513822359,1513822359),(116,367,262,1,1,'/upload/good/20171208/de60800abdfa38bac5f955664041aa82.jpg','管家帮新居开荒',8.00,6.00,100.00,'平方米',98,1513832218,1513832218),(117,373,262,1,1,'/upload/good/20171208/de60800abdfa38bac5f955664041aa82.jpg','管家帮新居开荒',8.00,6.00,100.00,'平方米',98,1514010151,1514010151),(118,374,262,1,1,'/upload/good/20171208/de60800abdfa38bac5f955664041aa82.jpg','管家帮新居开荒',8.00,6.00,100.00,'平方米',98,1514015252,1514015252),(119,376,83,1,1,'/upload/good_img/20171103/88545ef28ef6e6f5b4a159dbc5047175.jpg','钢制欧博系列 IG 型（1500mm 中心距，高度 1600mm，单片宽 70mm, 单片散热面积 3.0-3.6 ㎡）',152.00,0.00,0.00,'片',33,1514181883,1514181883),(120,376,91,2,1,'/upload/good_img/20171103/fcc97c3823f78492f043a9ba5824f8b4.jpg','钢制欧尚系列 3G 型（300mm 中心距，高度 377mm，单片宽 60mm, 单片散热面积 0.5-0.7 ㎡）',76.00,0.00,0.00,'片',33,1514181883,1514181883),(129,387,300,1,1,'/upload/good_img/20171225/9edbc43ff6ff75388f8ada775582cc7e.jpg','潜水艇submarine TK50-10防臭地漏 干湿两用 淋浴厨卫用 镀铬镜面 50管径',108.00,78.00,1.00,'件',75,1514257401,1514257401),(130,388,300,1,1,'/upload/good_img/20171225/9edbc43ff6ff75388f8ada775582cc7e.jpg','潜水艇submarine TK50-10防臭地漏 干湿两用 淋浴厨卫用 镀铬镜面 50管径',108.00,78.00,1.00,'件',75,1514258012,1514258012),(131,389,262,1,1,'/upload/good/20171208/de60800abdfa38bac5f955664041aa82.jpg','管家帮新居开荒',8.00,6.00,100.00,'平方米',98,1514275224,1514275224),(132,390,298,1,1,'/upload/good_img/20171225/4d87c003de528a4ee53396da41e330c2.png','商户添加2',0.01,0.00,0.00,'平方米',103,1514275718,1514275718),(133,391,298,1,1,'/upload/good_img/20171225/4d87c003de528a4ee53396da41e330c2.png','商户添加2',0.01,0.00,0.00,'平方米',103,1514276850,1514276850),(134,394,298,2,3,'/upload/good_img/20171225/4d87c003de528a4ee53396da41e330c2.png','商户添加2',0.01,0.00,0.00,'平方米',103,1514279829,1514279877),(135,395,299,2,3,'/upload/good_img/20171225/9531f84961b38f3928c98dbc42bfd7ba.jpg','平台添加1',0.02,0.00,0.00,'米',103,1514280409,1514280468),(136,395,298,3,3,'/upload/good_img/20171225/4d87c003de528a4ee53396da41e330c2.png','商户添加2',0.01,0.00,0.00,'平方米',103,1514280409,1514280507),(137,396,262,1,1,'/upload/good/20171208/de60800abdfa38bac5f955664041aa82.jpg','管家帮新居开荒',8.00,6.00,100.00,'平方米',98,1514366164,1514366164),(138,398,262,1,1,'/upload/good/20171208/de60800abdfa38bac5f955664041aa82.jpg','管家帮新居开荒',8.00,6.00,100.00,'平方米',98,1514387834,1514387834);
/*!40000 ALTER TABLE `order_good` ENABLE KEYS */;
UNLOCK TABLES;

--
-- Table structure for table `setting`
--

DROP TABLE IF EXISTS `setting`;
/*!40101 SET @saved_cs_client     = @@character_set_client */;
/*!40101 SET character_set_client = utf8 */;
CREATE TABLE `setting` (
  `id` int(11) NOT NULL AUTO_INCREMENT,
  `withdraw_limit` decimal(10,2) DEFAULT NULL COMMENT '提现最小限定',
  `contact` varchar(50) NOT NULL DEFAULT '' COMMENT '联系人',
  `address` varchar(255) NOT NULL DEFAULT '' COMMENT '平台地址',
  `mobile` char(11) NOT NULL DEFAULT '' COMMENT '平台电话',
  `create_time` int(11) DEFAULT '0',
  `update_time` int(11) DEFAULT '0',
  `img` varchar(255) NOT NULL DEFAULT '' COMMENT '平台设置列表图片',
  `telephone` varchar(20) DEFAULT NULL,
  PRIMARY KEY (`id`)
) ENGINE=MyISAM AUTO_INCREMENT=2 DEFAULT CHARSET=utf8 COMMENT='网站相关设置';
/*!40101 SET character_set_client = @saved_cs_client */;

--
-- Dumping data for table `setting`
--

LOCK TABLES `setting` WRITE;
/*!40000 ALTER TABLE `setting` DISABLE KEYS */;
INSERT INTO `setting` VALUES (1,1000.00,'王涵','北京大兴区嘉悦广场2号楼','13126628771',1509602577,1514279414,'/upload/setting/20171107/3c3d65405d0790591853ed0ee9ba75a7.jpg','13126628771');
/*!40000 ALTER TABLE `setting` ENABLE KEYS */;
UNLOCK TABLES;

--
-- Table structure for table `shop`
--

DROP TABLE IF EXISTS `shop`;
/*!40101 SET @saved_cs_client     = @@character_set_client */;
/*!40101 SET character_set_client = utf8 */;
CREATE TABLE `shop` (
  `id` int(11) NOT NULL AUTO_INCREMENT,
  `admin_id` int(11) DEFAULT NULL,
  `name` varchar(100) NOT NULL COMMENT '名',
  `addr` varchar(50) NOT NULL DEFAULT '1' COMMENT '所在地址',
  `city` varchar(50) DEFAULT NULL COMMENT '所在城市',
  `cate_id` int(11) NOT NULL,
  `truename` varchar(50) DEFAULT '1' COMMENT '店铺联系人真实姓名',
  `phone` char(11) DEFAULT '',
  `ordernum` int(11) NOT NULL DEFAULT '0' COMMENT '订单量',
  `tradenum` int(11) NOT NULL DEFAULT '0' COMMENT '交易量',
  `fankuinum` int(11) DEFAULT NULL COMMENT '评价数',
  `img` varchar(255) NOT NULL DEFAULT '' COMMENT '列表图',
  `logo` varchar(255) DEFAULT NULL COMMENT '店铺logo',
  `img_big` varchar(255) NOT NULL DEFAULT '' COMMENT '大图',
  `st` tinyint(4) DEFAULT '1' COMMENT '0不显示，1正常 ,2删除',
  `create_time` int(11) DEFAULT '0',
  `update_time` int(11) DEFAULT '0',
  `info` text COMMENT '商品详情文字介绍',
  `to_top` tinyint(4) DEFAULT '0' COMMENT '1置顶 0不置顶',
  `brand` varchar(100) DEFAULT NULL COMMENT '经营品牌',
  `is_add_address` tinyint(4) DEFAULT '0' COMMENT '是否添加店铺地址',
  `zuoji` varchar(255) NOT NULL DEFAULT '' COMMENT '座机',
  `deposit` decimal(10,2) DEFAULT '0.00' COMMENT '订金',
  `money_all` decimal(10,2) DEFAULT '0.00' COMMENT '全款',
  `youhui` decimal(10,2) DEFAULT '0.00' COMMENT '优惠',
  `youhui_all` decimal(10,2) DEFAULT '0.00' COMMENT '全款优惠',
  `qrcode` varchar(255) DEFAULT NULL COMMENT '二维码',
  `sort` int(11) DEFAULT '100000' COMMENT '排序',
  PRIMARY KEY (`id`)
) ENGINE=MyISAM AUTO_INCREMENT=105 DEFAULT CHARSET=utf8 COMMENT='店铺表';
/*!40101 SET character_set_client = @saved_cs_client */;

--
-- Dumping data for table `shop`
--

LOCK TABLES `shop` WRITE;
/*!40000 ALTER TABLE `shop` DISABLE KEYS */;
INSERT INTO `shop` VALUES (9,NULL,'10','河北石家庄','北京',1,'商家姓名1','15899845520',0,0,NULL,'/upload/shop/20171017/5164757c36e1ab79d111fca450cb4c7e.png',NULL,'/upload/shop/20171017/46c0ebc0f2ba0251e54ac662093df44f.png',0,1508216839,1509432258,'',0,'',0,'',0.00,0.00,0.00,0.00,NULL,100000),(10,3,'9','河北石家庄','石家庄',3,'商家姓名2','15899225520',0,0,NULL,'/upload/shop/20171026/ef68fcf1eaee257f839f2afa631ccf5e.jpg','/upload/shop/20171026/357a973020aba03945e1402a0e83c547.jpg','/upload/shop/20171017/076db30d077cbdffe8785d958f10a882.png',0,1508223101,1509432254,'',0,'',0,'',0.00,0.00,0.00,0.00,NULL,100000),(11,NULL,'8','adfcx2525','1',2,'地板出不','14744448888',0,0,NULL,'/upload/shop/20171026/f6c5f036f2361a7e89d0fec03a2e67ed.jpg','/upload/shop/20171026/ef4fabe445d7639b950cc5df585cc82e.jpg','/upload/shop/20171017/345d8dedc87d12032dd9ba0782ae4f26.png',0,1508223861,1510041457,'',0,'',0,'',0.00,0.00,0.00,0.00,NULL,100000),(12,2,'测试用户５','adadf','北京',1,'地板出不ab','13244533412',0,0,NULL,'/upload/shop/20171017/ea5d2eca586d45fe28cb8aab066b7300.png','/upload/shop/20171031/456f93ed5c7db83105128c787b09e48f.jpg','/upload/shop/20171017/47eb7e0e6d43057eb95d9fe81586c137.png',0,1508223906,1510041472,'',0,'brand1,brand2.',1,'',0.00,0.00,0.00,0.00,NULL,100000),(13,NULL,'shop-6','af234asdg','beijingdf',2,'asdf234','13423112343',0,0,NULL,'/upload/shop/20171030/44cce7ccde13c365da1cd3967c09c08b.jpg','/upload/shop/20171030/7e470a986ce1dec9ca28bbc78259afaf.jpg','',0,1508293201,1509432214,'',1,'shop6-brand',0,'',0.00,0.00,0.00,0.00,NULL,100000),(14,NULL,'5','时限区df dlkdf不吧男','北京',2,'tuliao','13566548897',0,0,NULL,'/upload/shop/20171026/4464df30422b937250b60889a5a2da23.jpg','/upload/shop/20171021/67fec4a65e445d75ddd5cf372ac738ea.png','',0,1508557619,1509432207,'',0,'品牌1',0,'',0.00,0.00,0.00,0.00,NULL,100000),(15,NULL,'4','asdgasdg245','asdgasg',2,'adgg','13223212345',0,0,NULL,'/upload/shop/20171026/6ff47e0e0d2c04b587188d45cb7c9939.jpg','/upload/shop/20171021/4aed9e7cff32560f28d8792bf63d07ef.png','',0,1508558363,1509432227,'',0,'4',0,'',0.00,0.00,0.00,0.00,NULL,100000),(16,NULL,'3','asdgasdg245','asdgasg',2,'adgg','13223212345',0,0,NULL,'/upload/shop/20171026/6d6b27d41a2738398c8db261b9608f4d.jpg','/upload/shop/20171021/2f55893e397ed9c42342a556106cd1c2.png','',0,1508558410,1509432142,'',0,'3',0,'',0.00,0.00,0.00,0.00,NULL,100000),(17,NULL,'2','asdgasdg245','asdgasg',2,'adgg','13223212345',0,0,NULL,'/upload/shop/20171026/4f67caf8b468e2211a7d9ea8c180f49b.jpg','/upload/shop/20171021/32123c26f5eba74270f220de0d9738b5.png','',0,1508558435,1509432202,'',0,'adfasdf',1,'',0.00,0.00,0.00,0.00,NULL,100000),(18,NULL,'1','asdgasdg245','asdgasg',2,'adgg','13223212345',0,0,NULL,'/upload/shop/20171026/2f49a683cb6a9bc941479e3363d9039c.jpg','/upload/shop/20171021/f5859bb112bf3c37211f43058cb8f910.png','',0,1508558455,1509432136,'',0,'1',1,'',0.00,0.00,0.00,0.00,NULL,100000),(19,NULL,'测试商户1','昌平区','北京',2,'张三','13344445555',0,0,NULL,'/upload/shop/20171031/420967828cd4cc2010d0a0e25cd70595.jpg','/upload/shop/20171031/ad76e5490120c1affe51f43a10dea128.jpg','',0,1509432704,1510041448,'立邦致力于为消费者提供整体涂装解决方案，从环保涂装体系，前沿的色彩灵感到专业刷新服务，立邦，为你刷新生活。',0,'',0,'',0.00,0.00,0.00,0.00,NULL,100000),(20,NULL,'测试商户2','朝阳区','北京',1,'李四','13311248547',0,0,NULL,'/upload/shop/20171031/2e59629cd120293d6c4693e3f30d32d2.jpg','/upload/shop/20171031/893ece029e8a0ff6d6f5046701cd217a.jpg','',0,1509433151,1509593480,'多乐士是阿克苏诺贝尔旗下的建筑装饰油漆品牌，品牌涵盖了乳胶漆、木器漆、专业防腐漆和地坪漆、辅料及工具等众多产品和一站式焕新服务。',0,'',0,'',0.00,0.00,0.00,0.00,NULL,100000),(23,20,'秦艺阁榻榻米旗舰店','闽龙广场负二层秦艺阁榻榻米D2-025','北京',59,'北京秦艺阁装饰材料有限公司','13520197904',2,1,NULL,'/upload/shop/20171108/0576b3e6e399b2dcc65d19635219f8e5.jpg','/upload/shop/20171101/8402d4b7070070ff371f38a396250bd2.jpeg','',1,1509522209,1510890806,'秦艺阁和室是行业内首家将秦汉唐家俱复古元素融入到和室设计装修领域，掀起了整个行业的复古风潮。集科研开发、专业生产、营销、售后为一体的专业和室设计装修大型企业，注册商标“秦艺阁榻榻米”。\r\n我们致力于为用户提供专业的、真材实料的、性价比极高的和室榻榻米产品，用最好的产品及技术减少售后问题，用好的服务做好定制和室中最常见的售后问题，打造中国和室全国第一品牌。\r\n我们专注于网络、专注于网络口碑，真材实料明码实价，将给业主带来全新的榻榻米销售模式，网络的力量让和室行业消费更透明。',1,'秦艺阁榻榻米',1,'',0.00,0.00,0.00,0.00,NULL,100000),(21,NULL,'测试用户3','驻马店','河南',1,'王五','13311247851',0,0,NULL,'/upload/shop/20171031/a0000eb29318b72416d43b5df15af856.jpg','/upload/shop/20171031/bbe9f28d94a9bf8dcbf10b884b876939.jpg','',0,1509433380,1509593386,'德国都芳即刷即住,无毒无味,先后通过德国,中国权威机构认证无毒级产品!都芳纯水性漆秉持环保,低碳,健康的核心价值理念...',0,'',0,'',0.00,0.00,0.00,0.00,NULL,100000),(22,5,'测试商户4','朝阳区','北京',2,'段六','13311427514',0,0,NULL,'/upload/shop/20171031/f7dcf41fc5008800bb176a5b5a5a68d0.jpg','/upload/shop/20171031/ef619c9cabf1834a0b61ca72fee5eba0.jpg','',0,1509434408,1510041443,'DER德尔是专业的木地板品牌制造商，多年以来一直致力于为消费者提供绿色环保的家居产品和舒适的家居体验，发展至今已成为环保地板倡导者。',0,'',1,'',0.00,0.00,0.00,0.00,NULL,100000),(24,18,'港典门窗旗舰店','十里河闽龙广场二层029 北沙滩红星美凯龙负二层B2115','北京',56,'李芸','13601031803',12,4,NULL,'/upload/shop/20171102/d80e23eb084adc8174b48d4c8c791da5.jpg','/upload/shop/20171102/b29496c2f50cca2c52ab8db1bc6f684b.png','',1,1509590923,1510306334,'暂无描述',1,'',1,'',0.00,0.00,0.00,0.00,NULL,100000),(25,NULL,'金迪木门','地址一:北五红星美凯龙建材馆3层直梯对面金迪木门010-59773229              ','北京',31,'孙艳伟','13693000128',0,0,NULL,'/upload/shop/20171102/0bee3c992ba234b7a08b847f0c695756.jpg','/upload/shop/20171102/477a085b9c16c9cba813e91c40f8c122.jpg','',0,1509591468,1509592397,'暂无描述',0,'金迪木门',0,'',0.00,0.00,0.00,0.00,NULL,100000),(26,17,'赛纳橱柜旗舰店','南四环城外城建材馆二层YG—16120  |   北四环红星美凯龙负一层1006号','北京',51,'赛纳全屋定制','17301063202',3,1,NULL,'/upload/shop/20171102/19ef5b696b427f511b2dc5af8ff89b55.jpg','/upload/shop/20171102/4155325cbeedb7f348269051204e466e.jpg','',1,1509591954,1510306344,'北京赛纳诚信工贸有限公司是北京早期投资、研发、生产橱柜的公司之一，至今已有十几年的历史。赛纳本着“以人为本，环保健康”的企业理念，专注于室内装饰的创新与环保，不断开拓进取。\r\n如今的赛纳不仅拥有专业的生产配套设施更有一支从售前、售中到售后的高素质的服务队伍，在市场上受到广大业主的好评。在产品配置方面，赛纳精益求精，小到一个柜子的连接件大到整个产品的生产板材，确保每件产品的优质与环保。在设计方面，赛纳将西方先进的设计理念与东方的审美习惯完美的结合起来，以全新的视角展示了现代家具的功能、结构、布局以及色彩搭配，既和谐统一又独具韵味，既功能完善又简约时尚。\r\n赛纳坚持以绿色环保为选材基准，以精工制作为宗旨，以务实、诚信、进取、创新为精神，真正做到让客户“选的放心，用的安心”。',1,'赛纳',1,'',0.00,0.00,0.00,0.00,NULL,100000),(27,15,'地康水电地暖远大新风旗舰店','海淀区永丰基地新材料创业大厦B座521  店面地址十里河闵龙广场地下二层地康展厅','北京',61,'白金厂','13371718598',25,6,NULL,'/upload/shop/20171102/34e4a9c0e433d130097c31a7e5165503.jpg','/upload/shop/20171102/c7866c38ad8a2ae243c7bdc84daabef7.jpg','',1,1509592815,1513932371,'地康专业做水电改造、地暖铺设、远大新风系统改造，17年的老品牌，是首家拥有水电暖施工资质的公司。公司2016年引进福兰特不锈钢水管，为业主健康的饮用水系统保驾护航！',1,'地康水电地暖远大新风',1,'010-58711355/56/57',0.00,0.00,0.00,0.00,NULL,100000),(28,13,'金迪木门旗舰店','  地址一:北五红星美凯龙建材馆3层直梯对面金迪木门010-59773229            ','北京',52,' 孙艳伟','13693000128',2,2,NULL,'/upload/shop/20171102/a2b5f1acc69f96531c0008d112b70e39.jpg','/upload/shop/20171102/32b3e05a3afe49d6a18af3d8141ddf6f.jpg','',1,1509592826,1510306367,'金迪木门 从德国、意大利、进口的先进设备，选用进口俄罗斯冷杉木原料、专业制造家具装饰材料系列。产品主要包括免漆类木质复合室内门、油漆类实木复合室内门、踢脚线、护墙板、窗套垭口等品种丰富、款式多样。',1,'金迪木门实木复合门',1,'',0.00,0.00,0.00,0.00,NULL,100000),(29,11,'德国都芳漆旗舰店','闽龙广场2层东侧3排5号','北京',50,'杨胜利','13911341293',7,3,NULL,'/upload/shop/20171102/494b187bc494f4b6a54cc2a680758841.jpg','/upload/shop/20171102/5729a58a19b2878548e3a1344920cbb3.jpg','',1,1509593233,1511321685,'德国都芳漆是德国梅菲特工业集团于1955年创立的环保水性漆品牌。作为欧洲范围内最早、最专业的环保水性漆生产商之一，梅菲特工业集团一直秉持环保、低碳、健康的核心价值理念，致力于向建筑业提供高质、环保的产品和专业的服务。',1,'德国都芳漆',1,'',0.20,0.50,0.10,0.00,NULL,100000),(30,9,'宏宸工长俱乐部旗舰店','北京通州区焦王庄商业街朝阳北路宏宸装饰','北京',61,'宏宸工长俱乐部','18910763913',10,6,NULL,'/upload/shop/20171102/2976d263c353c103a78aac0a12d8ca87.jpg','/upload/shop/20171102/d349a79cebdbb0743c38a6e8216a3a09.jpg','',1,1509593890,1510306443,'本俱乐部是融家装，工装为一体的装饰装修俱乐部。由安徽籍在京装饰行业摸爬滚打二十年之久的资深人士创办。是汇聚众多专业人才的综合装饰服务中心，是连接业主和工长之间的平台与桥梁。 我们在装饰行业几十年，渐渐的发现传统装修模式的一些弊端：装饰公司收费太高，游击装修队无法保证施工质量及售后服务等各种原因，已经成为广大业主装修的障碍，经业内人士反复考研推敲，建立了工长俱乐部这种一站式服务平台，无提点、无分包，客户与工长直接洽谈，工程质量由俱乐部监督，售后由俱乐部负责，装修辅料由俱乐部统一配送，省去业主跑市场的时间，更适合现代装修新模式。\r\n自我俱乐部成立以来，我们以“高品质，低价位”为宗旨，以“诚信于您，生存于我”，为企业文化，一心一意为客户服务。订制了工程管理体系，生态工艺体系，监理体系，售后维修体系等，宏宸工长俱乐部要把每位客户的新家当成自己家来施工，一次装修，永久朋友。\r\n宏宸工长俱乐部的装修都是工长先垫资施工，同样新的付款方式，实行的是3、3、3、1的付款方式，拆除完毕，材料进场地，客户验收完毕首付30%，工程进行到中期再付30%，墙面处理完毕付30%，总竣工付10%。签维修合同，基础工程保修两年，防水工程保修十年。\r\n      在同等工艺，材料和优质服务情况下，宏宸工长俱乐部整体装修费用比别家装修公司报价低30%左右，为了保障客户利益，让工长竞标报价，直接省去装修公司高额提点及管理费用，实实在在把装修费用让利给广大装修业主。\r\n“信誉第一、质量第一、服务第一”是我们永远遵循的原则，“尊重传统，推崇时尚，锐意创新，志在超前”，是我们经久不变的理念。\r\n  宏宸承诺：服务好客户，做好质量，保好售后，在各位业主的见证下，一步一步成长为值得大家更信赖，更认可，更放心的装修商家。宏宸承诺：绝不偷工减料，绝不以次充好，绝不推卸责任，绝不辜负各位业主的信赖与支持，把家交给我们，您的装修就会变得很轻松。',1,'宏宸工长俱乐部',1,'',0.00,0.00,0.00,0.00,NULL,100000),(31,8,'乐家集成吊顶旗舰店','北京市朝阳区 十里河闽龙广场3层-08C ','北京',24,'高强','18701312963',0,0,NULL,'/upload/shop/20171102/9d4e7b3cf6a27e4e155a26f2d7abe747.jpg','/upload/shop/20171102/b7b346d484921f38834f3a525ffc41d7.png','',0,1509594014,1510022619,'暂无描述',0,'乐家吊顶',0,'',0.00,0.00,0.00,0.00,NULL,100000),(32,21,'龙强柏家实木家居旗舰店','龙鼎天著木门（八角）居然之家店 北京石景山区阜石路168号2号楼2-054 龙鼎天著木门（丽泽桥）居','北京',55,'王利','18510310291',1,1,NULL,'/upload/shop/20171102/48e736cfecad47cfd2be0b55f06abb69.jpeg','/upload/shop/20171102/97e5a0b14508d9f4f787795c1eb6f735.jpg','',1,1509594154,1510306412,'企业简介 \r\n龙强柏家全屋实木定制、工厂直营店、设计-供-产-销-售-服一体化、管家式、一站式服务 \r\n产品范围：实木橱柜、衣柜、衣帽间、书柜、门厅柜、鞋柜、电视柜、餐边柜、酒柜、浴室柜、地台柜、榻榻米、护墙板等木作产品）及实木成品家具 \r\n龙强柏家专业做纯实木产品、只有纯实木',1,'龙强柏家实木家居',1,'',0.00,0.00,0.00,0.00,NULL,100000),(33,19,'陇星散热器旗舰店','海淀区北三环西路大钟寺蓝景丽家家具广场','北京',59,'张景良','13911952065',18,12,NULL,'/upload/shop/20171102/18b5df1ac37af5710ab1d7d677688911.jpg','/upload/shop/20171102/8ef094e048fb83250e9c8c278eb6323b.jpeg','',1,1509594302,1510306389,'陇星集团创建于1998年，是一家以生产新型采暖散热器为主的，集科研、制造、营销为一体，具有国际现代化水平的高科技企业集团。\r\n公司在全国拥有300余家销售终端，产品销售区域覆盖中国所有采暖区，并出口意大利、美国、俄罗斯等欧美十多个国家和地区。\r\n生产基地位于兰州国家级新区，拥有占地390亩，建筑面积10万平米的现代化工厂。\r\n陇星现有钢制、铜铝复合、钢铝复合、铝制散热器和铜管对流散热器等五大系列产品',1,'陇星散热器',1,'',0.00,0.00,0.00,0.00,NULL,100000),(34,16,'南山断桥铝门窗旗舰店','北京马驹桥镇东田阳村工业园南山北京工厂','北京',56,'李新','15810889376',0,0,NULL,'/upload/shop/20171102/f7f7df68c057801cd55b2454a1350233.jpg','/upload/shop/20171102/5bccc304cff04826d3eb76156c821a8e.jpeg','',1,1509594422,1510306381,'山东南山铝业股份有限公司于1999年12月23日成功在上海证券交易所上市。作为国内唯一以铝材为主业的上市公司，始终坚持“立足高起点、利用高科技、创造高品质”的可持续发展思路，逐渐形成了一条从能源、氧化铝、电解铝到铝型材、高精度铝板、带、箔的全球唯一最短距离最完整铝产业链。公司规模和产量持续稳居铝产业大型企业前列。 \r\n　　南山铝材公司是山东南山铝业股份有限公司下属的支柱企业，是国家建设部铝合金建筑型材定点生产厂家。经过二十多年的艰辛创业，规模不断提升，产品家族与日俱增，产品涉及航空、船舶、高速列车、集装箱、工业型材、精品民用型材等几十个领域。“南山铝材”卓越的品质和极高的信誉度、满意度，使其畅销全国，并远销北美洲、欧洲、非洲、澳洲及东南亚等国家。南山铝材公司先后通过了ISO9001质量管理体系、ISO14001环境管理体系、OHSAS18001职业健康安全管理体系认证，通过了国际轨道交通IRIS质量管理体系认证，通过了AS9100C版国际航空，以及TS16949国际汽车行业质量管理体系认证。通过了DNV（挪威船级社）合金产品认证、中国节能产品认证。获得了南车青岛四方机车车辆股份有限公司高速动车组和地铁项目《产品、服务供应许可证》，取得了唐山机车厂CRH3动车组项目合格供应商资质。获得有色金属实物质量金杯奖。“工欲善其事，必先利其器”。拥有目前世界上最完整铝产业链的南山人深谙此道。南山铝材拥有当今世界先进的挤压生产线及德国、美国、意大利、日本、瑞士等国际顶级配套设备。南山铝材公司将依托于南山铝业优势的铝产业链和深厚的企业文化，继续秉承“自强不息，奋进不止”的南山精神，以更优质的质量、更好的服务、更新的产品与社会各界携手并进、共创未来！',1,'南山断桥铝门窗',1,'',0.00,0.00,0.00,0.00,NULL,100000),(35,14,'欧派橱柜旗舰店','十里河居然之家欧派旗舰店','北京',51,'欧派全屋定制','18610845339',0,0,NULL,'/upload/shop/20171110/385cb8e5ca764b49fcc3df9fd5892e49.jpg','/upload/shop/20171110/5e6e5e322ffb2d1ecc72c6bae682c470.jpg','',1,1509594546,1510306600,'欧派家居集团股份有限公司创立于1994年，股票代码603833，是中国整体橱柜行业的领先品牌，拥有国际化家居产品制造基地。欧派以整体橱柜为龙头，带动相关产业发展，包括全屋定制、衣柜、卫浴、木门、墙饰壁纸、厨房电器、寝具等，形成多元化产业格局，是国内综合型的现代整体家居一体化服务供应商。',1,'欧派橱柜',1,'',0.00,0.00,0.00,0.00,NULL,100000),(36,12,'振生安防防盗门旗舰店','北京各建材城均有','北京',58,'振生安防全自动防盗门','17601682761',0,0,NULL,'/upload/shop/20171225/9c80d7a8550de91b07a7ec0950133216.jpg','/upload/shop/20171225/0432db4f59ca8a1469e32e06478d566c.jpg','',1,1509594719,1514166973,'振生安防全自动防盗门是一家及研发、生产、销售、服务于一体的安防公司，我们以品质大于品牌作为企业根本，执行国家标准，假一赔万，两项承诺：买门时不收定金不收全款，安装满意再付款；一年内无理由退门、换门、换锁芯，安装全免费！振生安防 中国服务',1,'振生安防防盗门',1,'',0.00,0.00,0.00,0.00,NULL,100000),(37,10,'凤铝门窗旗舰店','朝阳区十里河闽龙广场负二楼-58','北京',56,'徐玲','13681205322',49,39,NULL,'/upload/shop/20171102/d3e75bc042d250017ae7aeb26ad50215.jpg','/upload/shop/20171102/445f7d11c3c236ec62747f436323622c.jpg','',1,1509598511,1511339518,'我公司专业从事隔热断桥铝门窗、塑钢门窗、高档铝包木门窗 、阳光房 、封阳台 、露台、 等的制作、销售、安装服务为一体的现代化新型企业。创立于1998年，主要经营铝包木门窗，断桥铝门窗、塑钢门窗、高档阳光房、玻璃房。承接大小工程以及单户型家装门窗设计制做安装。先后在北京四惠，十里河等地区经营长达20年之久，赢得业主的广泛好评。随着市场经济改革的不断深化，随着家居环境越来越高端的需求，我们将慢慢走向网络，力求精益求精，在竞争中将不断更新理念，实行全方位现代化综合管理，将一如既往地向各位新老客户提供更满意的产品和更完善的售后服务。订购凤铝门窗享有以下免费政策\r\n（1) 免费测量、设计、报价\r\n（2）免费出专业门窗图纸\r\n（3) 免费送货、上楼、安装\r\n（4) 免费防水打胶服务\r\n（5)免费烟机打孔，不限个数\r\n（6）免费赠送窗户防撞护角\r\n关于质保，我们将提供5年质保，终身维护！联系电话 13618105322  18310715753',1,'凤铝门窗',1,'',0.20,0.00,0.10,0.00,NULL,100000),(38,7,'实拓装饰旗舰店','东亚五环国际3栋101室','北京',61,'北京实拓装饰有限公司','',67,52,NULL,'/upload/shop/20171102/bd349a91f688ea9230f5645756e21636.jpg','/upload/shop/20171102/7be95c3f98f2d985a0ee543ead5c4c08.jpg','',1,1509599133,1511254941,'北京实拓装饰，口碑施工，最受55网友欢迎品牌，已服务百余户55业主。免费上门测量出方案和报价。为了您和您的家人安心居住，从第一步，到每一步我们精益求精。①水路采用高端卫星PPR管材，质保50年。②电路采用美国金雕阻燃电线，点对点布线方式，强弱电抗干扰工艺，先进接线端子工艺（取代传统绝缘胶带包裹）③木工吊顶采用底板托侧板、转交L型整块石膏板、轻钢龙骨吊装工艺；④瓦工采用家装防水第一品牌德高柔韧性防水砂浆，墙砖压地砖铺贴工艺；⑤油工采用德系智恒墙面处理材料，阴阳角内置PVC角线加强处理工艺；【先施工，后付款，零风险装修体验】；预算不漏项，施工过程零增项，预算等于结算，。高端环保欧系品牌装修材料，统一配送至施工现场，假一罚百。实拓装饰传承匠心工艺，做品质家装。',1,'实拓装饰',1,'010-67956315\r\n',0.00,0.00,0.00,0.00,NULL,100000),(39,6,'德高门窗旗舰店','十里河闽龙广场b2层 大钟寺明光建材城二层155号（西南角） 西四环红星美凯龙建材管A8303','北京',56,'张森雪','15810932519',0,0,NULL,'/upload/shop/20171102/2a37d4570dc9628619b6e1a7885886b0.jpg','/upload/shop/20171102/cf3f41d514302579ecb85c8675db3b65.jpeg','',1,1509599253,1510306343,'德高门窗简介：是一家专业设计、生产、销售、安装门窗产品的专业公司。\r\n公司经营主要产品：断桥铝门窗、钢结构、阳光阳台窗玻璃、地弹簧等！\r\n选择德高门窗的理由：\r\n①业内唯一一家网络诚信经营17年的企业\r\n②业内最早通过网络传播门窗姿势的企业\r\n③北京电视台《生活2017》栏目合作品牌及门窗知识顾问企业\r\n④北京装饰协会专家顾问企业\r\n⑤业内客户装修日记积累最多的品牌优+企业\r\n⑥业内唯一一家通过网络客户口碑相传发展、壮大的企业',1,'德高门窗',1,'',0.06,0.09,0.01,0.02,NULL,100000),(40,22,'爱尚装饰（大小S工长）旗舰店','回龙观奥北建材市场一区12号','北京',61,'爱尚家装饰大小S工长','13521847367',1,1,NULL,'/upload/shop/20171102/b01785d2c41ac4af2266f99e8437d745.jpg','/upload/shop/20171102/18af6d3676d128c7771d315990c52eee.jpg','',1,1509605457,1510306562,'爱尚：我是大小S工长，在网上最早提出零增项的，一直以来遵循口碑至上的原则，不间断巡视工地，及时发现问题，及时解决问题！在网上积攒了很好的口碑，我是大小S工长，我为自己代言！',1,'爱尚装饰（大小S工长）',1,'',0.00,0.00,0.00,0.00,NULL,100000),(41,23,'米兰春天散热器旗舰店','十里河龙凤之家三层','北京',59,'李鹤鸣','18911524124',0,0,NULL,'/upload/shop/20171102/209fcd3dac20e246d29196731a4b705d.jpg','/upload/shop/20171102/232b991d71070e94769efdd21a6370bd.jpg','',1,1509614719,1510306328,'米兰春天散热器成立于1998年，是集散热器的设计、生产、加工、销售及安装于一体的高新技术企业。拥有雄厚的经济实力和强大的技术研发能力，是北京市较早生产、销售钢制及铜铝复合散热器的专业企业之一。公司以推动散热器产品的更新换代为宗旨，积极进取，锐意创新。在2003年又巨资引进意大利原装设备及工艺开发研制出整体片头散热器，打造出钢制散热器的精品，荣获建设部“新技术，新产品”推广证书和国家质量检测合格产品证书，并通过北京市建委备案和ISO9001(2001)质量管理体系认证。2009年，公司逆势上扬，产品全面升级，主打品牌——米兰春天散热器，凭借良好的产品质量，齐全的产品系列，精湛的工艺及完善的售后服务，以专业化、标准化作为自身定位标准，努力成为行业内极具影响力的品牌。本公司产品由中国人寿财产保险股份有限公司承保1000万元人民币。\r\n公司自成立以来，一直本着“诚信为本、开拓创新”的企业精神，以北京市场为中心，逐步扩展外阜市场，力争在最短的时间内让米兰春天散热器温暖全国。目前米兰春天散热器已有300余家销售店面，公司产品荣获诸多荣誉：散热器行业十大品牌 中国十佳畅销散热器品牌 行业唯一低碳节能散热器品牌 米兰春天散热器技术行业领先!',1,'米兰春天散热器',1,'',0.00,0.00,0.00,0.00,NULL,100000),(42,24,'晾霸智能晾衣机旗舰店','商家地址朝阳区来广营西路59号红星美凯龙建材馆一层8103号','北京',62,'晾霸智能晾衣机','18911825610',4,1,NULL,'/upload/shop/20171103/c8d49e7a734bd3061c13e8307accdb41.jpg','/upload/shop/20171103/ae2bee37ab401d50d500e279d8f2ad0a.jpg','',1,1509687598,1510306318,'广东晾霸智能科技有限公司旗下品牌“晾霸”，致力于为追求品味生活的人们提供创新科技、人性化设计的晾衣机，以改善人们的晾衣体验。晾霸专注于晾衣机产品的研发、生产与行销，成为中国晾衣机行业的专业供应商，立志于推动家居\r\n智能化的进程。晾霸坚持以“科技驱动家居智能化”的创新理念。不断驱动着您的品质生活。',1,'晾霸智能晾衣机',1,'',0.00,0.00,0.00,0.00,NULL,100000),(43,26,'3M净水器','','',60,'3M净水器','',0,0,NULL,'/upload/shop/20171106/41a8a6336ea29117f717b4b02dc57abb.jpg','/upload/shop/20171106/e7c92368c19489e3e0107c5252ed98c9.jpg','',2,1509938138,1511492283,'暂无描述',0,'3M净水器',0,'',0.00,0.00,0.00,0.00,NULL,100000),(44,32,'阿贝尼橱柜旗舰店','','',51,'阿贝尼','',1,0,NULL,'/upload/shop/20171106/6c3131f34151657efa6ad885e795e6fe.jpg','/upload/shop/20171106/bcc7cc6d2ced7d13f13a9f28fc0cd601.jpg','',2,1509940175,1513650297,'暂无描述',0,'阿贝尼',0,'',0.00,0.00,0.00,0.00,NULL,100000),(45,31,'艾肯净水器旗舰店','','',60,'艾肯','',0,0,NULL,'/upload/shop/20171106/49d575e7a7cc85572a6622dff4dfdf4d.jpg','/upload/shop/20171106/43ecc70d905309012cc7e8a7cf4ccce6.jpg','',2,1509940249,1511492278,'暂无描述',0,'艾肯',0,'',0.00,0.00,0.00,0.00,NULL,100000),(46,29,'爱依瑞斯家居旗舰店','','',54,'爱依瑞斯','',0,0,NULL,'/upload/shop/20171106/ce0211294997815072828ad7dacc601a.jpg','/upload/shop/20171106/684f45e2f2eba799d99a622f53081292.jpg','',2,1509940323,1511492276,'暂无描述',0,'爱依瑞斯',0,'',0.00,0.00,0.00,0.00,NULL,100000),(47,28,'百邦辛沐布艺旗舰店','','',39,'百邦辛沐布艺','',0,0,NULL,'/upload/shop/20171106/f74a4603e59a6e15c8a6c43a9acce137.jpg','/upload/shop/20171106/d58381976c1aee7ac216841079437f66.jpg','',0,1509940375,1510209714,'暂无描述',0,'百邦辛沐',0,'',0.00,0.00,0.00,0.00,NULL,100000),(48,39,'伯艺木门旗舰店','','',52,'伯艺','',0,0,NULL,'/upload/shop/20171106/6509900295c6bc0516867e6289aef82a.jpg','/upload/shop/20171106/3ba4b2c4cb81f331108d265b7bec4cee.jpg','',2,1509940485,1511492274,'暂无描述',0,'伯艺',0,'',0.00,0.00,0.00,0.00,NULL,100000),(49,38,'搭窝装修旗舰店','','',61,'搭窝','',2,1,NULL,'/upload/shop/20171106/32c8646bb690cff552f53a7c4d9a5d97.jpg','/upload/shop/20171106/b71f8787e388b4c57019ee440db33d11.jpg','',2,1509940555,1513650302,'暂无描述',0,'搭窝',0,'',0.00,0.00,0.00,0.00,NULL,100000),(50,35,'大金空调旗舰店','','',60,'大金空调','',0,0,NULL,'/upload/shop/20171106/e2a51b84e94fa615419236bd052d2446.jpg','/upload/shop/20171106/22a819dc5eba32dc676d602220f34a6c.jpg','',2,1509940607,1511492269,'暂无描述',0,'大金空调',0,'',0.00,0.00,0.00,0.00,NULL,100000),(51,34,'德国专利德盾防撬钢安全门旗舰店','北京市丰台区西三环丽泽桥居然之家地下负一层','北京',58,'德盾安全门','18811486577',0,0,NULL,'/upload/shop/20171226/aa9bd32046a155aca6e4dbde759ec552.jpeg','/upload/shop/20171226/6f3d7582f54976776c8ec3af29ee4e0b.jpeg','',1,1509940659,1514261129,'德国专利德盾防撬钢安全门，来自德国专利技术，是全球五金展会德国科隆大会的入围品牌！德国技术、德国品质！采用德国专利全自动金刚狼牙军工锁体、德国专利防撬钢技术、德国进口水性环保冰箱保温层、十公分厚超厚门扇、双层不锈钢底坎，同传统防盗门有了翻天覆地的不同！目前在北京12家门店工厂直营，进入北京市场以来获得众多客户青睐，回头客众多！',0,'德盾安全门',1,'',0.00,0.00,0.00,0.00,NULL,100000),(52,44,'东鹏瓷砖旗舰店','','',48,'东鹏瓷砖','',0,0,NULL,'/upload/shop/20171106/50f0b9915e6619dabcdee593d4b6cb40.jpg','/upload/shop/20171106/d6a81e3a35e1ed97cd3f15199e11545e.jpg','',2,1509940713,1511492264,'暂无描述',0,'东鹏瓷砖',0,'',0.00,0.00,0.00,0.00,NULL,100000),(53,43,'独立设计团旗舰店','','',61,'独立设计团','',0,0,NULL,'/upload/shop/20171106/680ace93cc31f627599b61c4ef7655e5.jpg','/upload/shop/20171106/8ab078f1878a42b4a2428b77f526f460.jpg','',2,1509945514,1511492261,'暂无描述',0,'独立设计团',0,'',0.00,0.00,0.00,0.00,NULL,100000),(54,41,'多乐士旗舰店','','',50,'多乐士','',0,0,NULL,'/upload/shop/20171106/39eaa3dc6dcacfec44c6cf3459e4fbda.jpg','/upload/shop/20171106/803280df306e59eb543d9bdd45e7d004.jpg','',2,1509945557,1511492259,'暂无描述',0,'多乐士',0,'',0.00,0.00,0.00,0.00,NULL,100000),(55,40,'法恩莎卫浴旗舰店','','',53,'法恩莎','',0,0,NULL,'/upload/shop/20171106/c6ec422de2987cba813722cfd3a9e640.jpg','/upload/shop/20171106/7deb88d9db7e6f2762635d5fa3fc5875.jpg','',2,1509945627,1511492256,'暂无描述',0,'法恩莎',0,'',0.00,0.00,0.00,0.00,NULL,100000),(56,49,'格力旗舰店','','',60,'格力','',0,0,NULL,'/upload/shop/20171106/dcf58fb3d01b9e1f7e650fb75d0095b0.jpg','/upload/shop/20171106/734335f8aa75bc87529bbf2917b66516.jpg','',2,1509945672,1511492253,'暂无描述',0,'格力',0,'',0.00,0.00,0.00,0.00,NULL,100000),(57,48,'冠珠陶瓷旗舰店','','',41,'冠珠陶瓷','',0,0,NULL,'/upload/shop/20171106/00ea3a40a2156fb9091250ed8b5c1015.jpg','/upload/shop/20171106/ce56691f8943c408122e6dfdcac95980.jpg','',0,1509945702,1510210066,'暂无描述',0,'冠珠陶瓷',0,'',0.00,0.00,0.00,0.00,NULL,100000),(58,46,'哈佛热水器旗舰店','','',57,'哈佛','',0,0,NULL,'/upload/shop/20171106/f2b8c0de1d930feb46fc6ecaf5ccbaa1.jpg','/upload/shop/20171106/64d23f508144763cb8b4907f9d74d5b6.jpg','',2,1509945756,1511492189,'暂无描述',0,'哈佛',0,'',0.00,0.00,0.00,0.00,NULL,100000),(59,45,'海尔电器旗舰店','','',57,'海尔','',0,0,NULL,'/upload/shop/20171106/35bea289cd498c013286b00db96bd753.jpg','/upload/shop/20171106/b90b77991d4c7c2c938cfac606084d89.jpg','',0,1509945828,1510212393,'暂无描述',0,'海尔',0,'',0.00,0.00,0.00,0.00,NULL,100000),(60,56,'华工长旗舰店','','',61,'华工长','',0,0,NULL,'/upload/shop/20171116/c5856f661560f610cdac33219d56aaef.jpg','/upload/shop/20171116/c543f1e40336b5f3b6d1cf93f103dc57.jpg','',2,1509945862,1511492217,'暂无描述',0,'华工长',0,'',0.00,0.00,0.00,0.00,NULL,100000),(61,54,'霍尼韦尔旗舰店','','',60,'霍尼韦尔','',0,0,NULL,'/upload/shop/20171106/6b535b142be1172e6c49eb3e7c408e80.jpg','/upload/shop/20171106/94ee3686b6651251c69129ac7aa0f679.jpg','',2,1509953228,1511492180,'暂无描述',0,'霍尼韦尔',0,'',0.00,0.00,0.00,0.00,NULL,100000),(62,53,'京大金属床具','','',54,'京大金属床具','',0,0,NULL,'/upload/shop/20171106/487b8d3fbde4ec180029a179954fd519.jpg','/upload/shop/20171106/989bb8bfcbb72c5d057a1fabd0c0721e.jpg','',2,1509953305,1511492184,'暂无描述',0,'京大金属床具',0,'',0.00,0.00,0.00,0.00,NULL,100000),(63,51,'京兰床垫旗舰店','','',54,'京兰','',5,2,NULL,'/upload/shop/20171106/78c2916d7950456fa669567c4204774f.jpg','/upload/shop/20171106/65accbd0136f0484c8e52561598995d4.jpg','',1,1509953360,1511933049,'暂无描述',0,'京兰',0,'',0.00,0.00,0.00,0.00,NULL,100000),(64,61,'科勒卫浴旗舰店','','',53,'科勒','',0,0,NULL,'/upload/shop/20171106/34282894e0b82eeba63469f611de6b4a.jpg','/upload/shop/20171106/ce2dea7aef33450a2a84b62acef96563.jpg','',2,1509953455,1511492160,'暂无描述',0,'科勒',0,'',0.00,0.00,0.00,0.00,NULL,100000),(65,60,'莱博顿卫浴旗舰店','','',53,'莱博顿','',0,0,NULL,'/upload/shop/20171106/365f2fada99d88e9e5f1eca151bf5a1e.jpg','/upload/shop/20171106/1d206d64a6458f5544b8e35fabf3c212.jpg','',2,1509953496,1511492156,'暂无描述',0,'莱博顿',0,'',0.00,0.00,0.00,0.00,NULL,100000),(66,59,'老板烟机旗舰店','','',57,'老板','',21,3,NULL,'/upload/shop/20171106/915b1fb18b22c3d026647b7cd84ea6a0.jpg','/upload/shop/20171106/a011ddc14d9e6e56ab96357ab97febb2.jpg','',1,1509953539,1512012224,'暂无描述',0,'老板',0,'',0.00,0.00,0.00,0.00,NULL,100000),(67,57,'雷士照明旗舰店','','',62,'雷士照明','',0,0,NULL,'/upload/shop/20171106/11e52e79ba84db3ca89fe1bd768a21b5.jpg','/upload/shop/20171106/2e0976cfb23c47d6241baa85f9e387bc.jpg','',2,1509953591,1511492239,'暂无描述',0,'雷士照明',0,'',0.00,0.00,0.00,0.00,NULL,100000),(68,63,'林内热水器旗舰店','','',57,'林内','',0,0,NULL,'/upload/shop/20171106/a6398a8d02afa9676e4bd9ad7f6d1dd9.jpg','/upload/shop/20171106/310e3c876c210ecb0dc4205b48214c95.jpg','',2,1509953652,1511492147,'暂无描述',0,'林内',0,'',0.00,0.00,0.00,0.00,NULL,100000),(69,65,'龙鼎天著木门','','',52,'龙鼎天著','',0,0,NULL,'/upload/shop/20171106/e36aa8203a73f59309c461b599f18870.jpg','/upload/shop/20171106/863d291f9f429ca04bc6d4c7af98fa55.jpg','',2,1509953689,1511492236,'暂无描述',0,'龙鼎天著',0,'',0.00,0.00,0.00,0.00,NULL,100000),(70,64,'卢森地板旗舰店','','',49,'卢森地板','',0,0,NULL,'/upload/shop/20171106/da293391c379ef5741cb10e43224914c.jpg','/upload/shop/20171106/890c8b74f1dcf0643e0b844dd42bc3b6.jpg','',2,1509953732,1511492138,'暂无描述',0,'卢森地板',0,'',0.00,0.00,0.00,0.00,NULL,100000),(71,62,'美陶瓷砖旗舰店','','',48,'美陶瓷砖','',1,1,NULL,'/upload/shop/20171106/925c58a48a9f0030c737a9a4a2bc21c1.jpg','/upload/shop/20171106/7ac17d5d88f8afa398fc606517a432ad.jpg','',2,1509953768,1511492135,'暂无描述',0,'美陶瓷砖',0,'',0.00,0.00,0.00,0.00,NULL,100000),(72,58,'米凯尔墙布','','',50,'米凯尔','',0,0,NULL,'/upload/shop/20171106/03093a87ac0d741cd47ba6c3cda3b045.jpg','/upload/shop/20171106/c929b8b9fd22ffa2daa967aed358ac3e.jpg','',2,1509954805,1511492132,'暂无描述',0,'米凯尔',0,'',0.00,0.00,0.00,0.00,NULL,100000),(73,55,'MINGZU名族全健康吊顶旗舰店','北五环来广营红星美凯龙建材馆地下一层名族全健康吊顶','北京',58,'名族吊顶','',0,0,NULL,'/upload/shop/20171106/694b604b11520f7f85c952b4f817f08b.jpg','/upload/shop/20171106/a9166c4276d1ae28119d59a77b84a7f5.jpg','',1,1509954871,1514450111,'名族集成吊顶是有上海龙胜实业有限公司旗下品牌，定位于中高端集成吊顶客户，打造三芯合一的全健康吊顶。名族集成吊顶自问世以来，以良好的质量和信誉获得消费者认可，迅速成为集成吊顶行业领军品牌，并被评为集成吊顶行业十大诚信品牌。\r\n',0,'名族',1,'010-57288986',0.00,0.00,0.00,0.00,NULL,100000),(74,52,'欧斯宝旗舰店','','',58,'欧斯宝','',20,3,NULL,'/upload/shop/20171106/f5e168dc8a05ee3100133abbfea704ec.jpg','/upload/shop/20171106/af692fb4f9edff418365cd45b927d716.jpg','',1,1509954905,1512011659,'暂无描述',0,'欧斯宝',0,'',0.00,0.00,0.00,0.00,NULL,100000),(75,50,'潜水艇地漏旗舰店','','',69,'潜水艇地漏','',2,2,NULL,'/upload/shop/20171106/20716398e0e0fb0a86e7414c0018ad11.jpg','/upload/shop/20171106/e3c70fceceec82450f8c934d16c4bdae.jpg','',1,1509954973,1514193668,'暂无描述',0,'潜水艇',0,'',0.00,0.00,0.00,0.00,NULL,100000),(76,47,'森林花园木门旗舰店','','',52,'森林花园','',0,0,NULL,'/upload/shop/20171106/57e47069da62ee999effb8105f7c4de1.jpg','/upload/shop/20171106/fb4b75d308a29042f7b935e640d45bd3.jpg','',2,1509955004,1511491667,'暂无描述',0,'森林花园',0,'',0.00,0.00,0.00,0.00,NULL,100000),(77,66,'尚品宅配旗舰店','','',55,'尚品宅配','',0,0,NULL,'/upload/shop/20171106/7ec5263345d6e99223972bb91bd8cbfc.jpg','/upload/shop/20171106/5f41d1d2b106752b33b6d0cd69bb7809.jpg','',2,1509955048,1511491664,'暂无描述',0,'尚品宅配',0,'',0.00,0.00,0.00,0.00,NULL,100000),(78,42,'圣象地板旗舰店','','',49,'圣象地板','',0,0,NULL,'/upload/shop/20171106/6bd44293a3ea8e8210c00b3da7d86925.jpg','/upload/shop/20171106/9e74ff6fb8733b34f0d3088a9ae49012.jpg','',2,1509955080,1511491661,'暂无描述',0,'圣象地板',0,'',0.00,0.00,0.00,0.00,NULL,100000),(79,37,'通利石材旗舰店','','',62,'通利大理石','',0,0,NULL,'/upload/shop/20171106/a0a809e3a5de6954e78d274f39dae4b1.jpg','/upload/shop/20171106/88f2409dae1f9c7a744ec3210a6172ac.jpg','',2,1509955124,1511491658,'暂无描述',0,'通利石材',0,'',0.00,0.00,0.00,0.00,NULL,100000),(80,36,'西门子开关旗舰店','','',62,'西门子开关','',0,0,NULL,'/upload/shop/20171106/af93e01d018d6538fdf8cf33f4d301a3.jpg','/upload/shop/20171106/3ffa5bc0fbc299f1115b888b1681fa60.jpg','',2,1509955159,1511491655,'暂无描述',0,'西门子',0,'',0.00,0.00,0.00,0.00,NULL,100000),(81,33,'阳光美缝旗舰店','','北京',61,'任斌','18710299809',0,0,NULL,'/upload/shop/20171106/d9ea56a3c91979b6f8793af0d68ec774.jpg','/upload/shop/20171106/99240e31f0aed406d0c6f752f4371bf4.jpg','',1,1509955193,1514166785,'          北京阳光美缝工作室是专业从事美缝剂.瓷缝剂.环氧树脂填缝剂.的施工团队。行业内有句话：“做美缝，三分产品，七分施工”，因为美缝产品属于半成品，只有用产品美完缝以后，才能转化为真的产品。所以，只知道美缝剂什么牌子的好，也是不行的。即使产品质量再好，如果施工不过关，美观度就会降低，也会影响原本的装修效果。\r\n         我只负责施工，我们也不宣传，我们只负责把活做好，宣传靠您们了。\r\n',0,'阳光美缝',1,'',0.00,0.00,0.00,0.00,NULL,100000),(82,30,'正然硅藻泥旗舰店','','',50,'正然硅藻泥','',0,0,NULL,'/upload/shop/20171106/14c1f741ee66f1ef6881c20e16895feb.jpg','/upload/shop/20171106/65520534e621641d7d029577c23c7aa1.jpg','',2,1509955284,1511491637,'暂无描述',0,'正然',0,'',0.00,0.00,0.00,0.00,NULL,100000),(83,25,'TATA木门旗舰店','','',52,'TATA木门','',0,0,NULL,'/upload/shop/20171106/ffccedba96f6e151d1ea5e95add81973.jpg','/upload/shop/20171106/16b7b2323e2c5019eccef694b11e3c70.jpg','',2,1509955311,1511491634,'暂无描述',0,'TATA木门',0,'',0.00,0.00,0.00,0.00,NULL,100000),(84,67,'朝阳区定福家园海尔专卖店','北京市朝阳区定福家园南里1号院3-3底商 海尔专卖店','北京',57,'海尔专卖店','13718001851',5,0,NULL,'/upload/shop/20171109/3a1abf814814308587abace704b781a4.jpg','/upload/shop/20171109/ff8f2ea06d39eb3edf91eae706f9592e.jpg','',1,1510193348,1514277207,'海尔集团创业于1984年，是全球大型家电第一品牌，目前已从传统制造家电产品的企业转型为面向全社会孵化创客的平台。在互联网时代，海尔致力于成为互联网企业，颠覆传统企业自成体系的封闭系统，变成网络互联中的节点，互联互通各种资源，打造共创共赢新平台，实现有关各方的共赢增值。',1,'海尔',1,'010-58791899',0.00,0.00,0.00,0.00,NULL,100000),(85,73,'马可波罗瓷砖旗舰店','','',48,'马可波罗','',0,0,NULL,'/upload/shop/20171110/48fd49bc4daf157b421dc854fd888d8d.jpg','/upload/shop/20171110/b476b25a53c8befc5ecf92e0508d2827.jpg','',2,1510295456,1511491621,'暂无描述',0,'马可波罗',0,'',0.00,0.00,0.00,0.00,NULL,100000),(86,72,'诗尼曼旗舰店','','',55,'诗尼曼','',0,0,NULL,'/upload/shop/20171110/83f7e6eff761f9201a58c663c7689d16.jpg','/upload/shop/20171110/8858cc6ee208acaa9e2a76841caef5a0.jpg','',2,1510295542,1511491618,'暂无描述',0,'诗尼曼',0,'',0.00,0.00,0.00,0.00,NULL,100000),(87,70,'红苹果家具旗舰店','北四环东路望京桥东200米','北京',54,'肖飞','15210321903',0,0,NULL,'/upload/shop/20171110/ef39fe11fc682a7b659898491da6f7f5.jpg','/upload/shop/20171110/54018e37007173e22c31cb14b2435a8a.jpg','',1,1510295609,1514172385,'从1981年创立以来，红苹果一直专注于中、高档板式家具、沙发、床垫、床品及定制家具系列产品领域，是一家集研发、生产、营销、服务于一体的现代化超大型家具制造企业，拥有全球最先进的整套家具生产线，凭借着强大的企业综合实力，连年跻身中国十大家具品牌行列，并且在业内外有着“板式家具霸主”的美誉。',0,'红苹果家具',1,'',0.00,0.00,0.00,0.00,NULL,100000),(88,69,'一良尚品榻榻米旗舰店','','',59,'一良尚品榻榻米','',0,0,NULL,'/upload/shop/20171110/94173614b755a03fd2b2f8a688b3d425.jpg','/upload/shop/20171110/bffa266666ab58e05c303e4ce37f3f21.jpg','',2,1510295659,1511491609,'暂无描述',0,'一良尚品榻榻米',0,'',0.00,0.00,0.00,0.00,NULL,100000),(89,71,'西门子电器旗舰店','','',57,'西门子','',0,0,NULL,'/upload/shop/20171110/b78e6b4055c5583b4a8bdb098b310e71.jpg','/upload/shop/20171110/f3cd0dacd495005e5ba2eb2e325ed992.jpg','',2,1510295721,1511492411,'暂无描述',0,'西门子电器',0,'',0.00,0.00,0.00,0.00,NULL,100000),(90,68,'远大新风洁净系统旗舰店','','',60,'远大新风','',1,0,NULL,'/upload/shop/20171110/95e762d57645b53a707802cbd830d19c.jpg','/upload/shop/20171110/37a7a28afc901afc8dbfa44d393aa858.jpg','',1,1510296070,1512108189,'暂无描述',0,'远大新风洁净系统',0,'',0.00,0.00,0.00,0.00,NULL,100000),(91,74,'百亚甲醛治理旗舰店（央视品牌推荐项目）','北京市丰台区成寿寺鑫源国际一号楼209室','',60,'百亚生物除醛','18500952733',3,1,NULL,'/upload/shop/20171110/b1f8989898d1b8d493c1fb02f4f77fc5.jpg','/upload/shop/20171110/889aceb69fc97558ebef0319f280db7c.jpg','',1,1510307211,1513051999,'          江苏百亚生物科技有限公司是一家专门从事生物除醛剂和生物抑菌剂及生物医药用植物提取物研发、生产和销售的生物高科技公司。公司具有世界领先的高分子生物除醛功能材料制备和应用技术，能够从源头上根治室内甲醛污染的问题。\r\n　　目前，公司主营产品包括装修用甲醛清除剂，家居清醛防护蜡，家居用甲醛清除剂（装修后的家庭治理），稀土抑菌喷剂等多种生物制剂。\r\n　　江苏百亚生物科技有限公司拥有现代化的生产设施、先进的分析仪器以及可靠的质量控制体系，可以确保产品的质量、良好的批次间重复性和大规模生产能力，百亚生物已入住连云港生物科技园，成为园区重点扶持发展企业。 \r\n　　百亚生物秉持“以科技赢得未来”的理念，凭借持续不断的创新，致力于中国健康事业的发展，力争成为中国一流的室内环境健康事业的领跑者，一路前行，与您携手，共创辉煌。\r\n产品特效：\r\n（1）本产品是采用植物大分子材料经过相转移催化技术改性而成的生物清醛剂，改性后的产品安全环保，无腐蚀性，对生物体温和无刺激。\r\n （2）本产品使用后对甲醛捕捉力强，可以快速清除空气、地板、木门、木制家具、窗帘、布艺中的甲醛，可以在人造板的内部形成除醛膜，从源头上清除甲醛。\r\n （3）持久有效，室内温度稳定，湿度适宜，生物大分子具有持久的生物活性，可以持久清除甲醛。\r\n',0,'百亚甲醛治理',1,'01084707425',0.00,0.00,0.00,0.00,NULL,100000),(100,NULL,'搭窝旗舰店','','',61,'搭窝','',0,0,NULL,'/upload/shop/20171213/f982fd49cd5ed263aea81ad33f898db8.jpg','/upload/shop/20171213/e98ff3664e2bef3758f72bfc36529553.jpg','',0,1513135999,1513136233,'暂无描述',0,'搭窝',0,'',0.00,0.00,0.00,0.00,NULL,100000),(92,75,'松下新风旗舰店','北京市朝阳区广顺南大街33号','北京',60,'松下新风旗舰店','18612596561',0,0,NULL,'/upload/shop/20171124/bd2279c80b2a39e84bdd79cbb0c84293.jpg','/upload/shop/20171124/59ef864f61cec4fe506b6a1c3815636d.jpg','',1,1511488607,1512534668,'我公司成立于2000年。2005年开始与松下北京工厂合作。\r\n公司成立之初，正值民用新风系统引入国内。我们见证了中国国内家用新风系统市场的成长和发展。也跟世界知名品牌一道，为推广民用新风系统做出了我们的贡献。在销售世界知名厂商的产品的同时，我们也做了部分研发。我们用设计、施工、销售新风系统的经验来满足客户最大的需求。\r\n    近些年，雾霾肆虐，对新风系统提出了前所未有的要求，各个厂家的产品都面临升级换代。我们将与业内众多厂家一道，进一步完善主机的生产和研发，也会充分利用现有技术条件，设计出更适合用户需求的新一代新风系统。\r\n我们努力为用户营造一个舒适、健康的室内空气环境。\r\n',0,'松下新风',1,'',0.00,0.00,0.00,0.00,NULL,100000),(93,76,'家家鸿地板旗舰店','北五环红星美凯龙二层家家鸿地板','北京',49,'吕璐','13381139229',12,0,NULL,'/upload/shop/20171124/9359ddd2d3c4a3aecad44cda8016107a.jpg','/upload/shop/20171124/de1e28299e2efe46f17c5df2c8efee6d.jpg','',1,1511515397,1511746460,'家家鸿地板是众博成木业（北京）有限公司旗下以环境本色无漆原生态系列实木地板快速打入市场的一款品牌，以实木地板纯天然环保无甲醛，经过加工专门针对地暖地面进行二次高温处理，是用于地暖地面的首选材料，家家鸿地板是北京市木地板行业综合实力较强、发展速度最快的木地板制造企业之一。公司在浙江南浔拥有自己的木业加工厂，属于厂家直营，省去层层费用，把低价、品质带给百姓，符合现代化工薪阶层消费的主力品牌，目前2017年3月份在新化股权交易服务中心挂牌敲钟。',0,'家家鸿地板',1,'62250662',0.00,0.00,0.00,0.00,NULL,100000),(94,NULL,'老板电器','','',67,'','',0,0,NULL,'/upload/shop/20171125/0e82df4bb6c28aae7f7a5c9c86451f54.jpg','/upload/shop/20171125/890ba93c8ca10d823199e3657e7942c6.jpg','',2,1511593271,1512012246,'暂无描述',0,'老板烟机',0,'',0.00,0.00,0.00,0.00,NULL,100000),(95,NULL,'林内燃气热水器','','',67,'','',2,0,NULL,'/upload/shop/20171125/d84c9025a046939edcc2afcc16923541.jpg','/upload/shop/20171125/c0ba434da811be851de0cf0f39e03aa0.jpg','',1,1511593388,1511754571,'暂无描述',0,'林内燃气热水器',0,'',0.00,0.00,0.00,0.00,NULL,100000),(96,NULL,'欧斯宝吊顶','','',58,'','',0,0,NULL,'/upload/shop/20171125/de66584f479abe3240f63e1801550a57.jpg','/upload/shop/20171125/6b736c320fa647213a0053a48787de77.jpg','',0,1511593773,1513135644,'暂无描述',0,'欧斯宝吊顶',0,'',0.00,0.00,0.00,0.00,NULL,100000),(97,77,'AAVI雅威空气净化器旗舰店','','北京',60,'姚经理','13693512094',0,0,NULL,'/upload/shop/20171127/ae8afc6a34b33f45b82ae679fe4df6cc.jpg','/upload/shop/20171127/6b605ea475d54d8fc7c0b6e20b6a41cf.jpg','',1,1511749055,1511749214,'1983年创立于芬兰首都赫尔辛基，专注全球高端/高品质空气净化。产品广泛应用于工业、商业和民用高端领域，客户遍布欧洲、澳洲、美洲和亚洲。2013年8月，AAVI（雅威）中国总部成立\r\n',0,'AAVI雅威空气净化器',1,'',0.00,0.00,0.00,0.00,NULL,100000),(98,78,'管家帮旗舰店','','',68,'管家帮','',22,18,NULL,'/upload/shop/20171207/9fd4ea806388efca28343c530fe72952.jpg','/upload/shop/20171207/8c32382d5803ae26a168caaa5f927b52.jpg','',1,1512616914,1512616938,'暂无描述',0,'管家帮',0,'',0.00,0.00,0.00,0.00,NULL,100000),(99,79,'陆枫原创设计工作室','北京市丰台区成寿寺鑫源国际1-209','北京',64,'陆枫原创设计工作室','15010839480',0,0,NULL,'/upload/shop/20171213/05d3d3caeebd54da2ad46a7926f99106.jpg','/upload/shop/20171213/05f26d6c17b1bf620dae7e9436867514.jpg','',1,1513129474,1513130641,'陆枫原创设计工作室成立于2008年\r\n创始人刘天让.字陆枫：\r\n中国建筑装饰协会高级室内建筑师\r\n家庭理财规划师。\r\n简约美式风格、北欧风格专业样板间设计师\r\n北京陆枫原创设计工作室创始人，\r\n从事室内设计行业12年，\r\n北京七套《生活+装》栏目特邀设计师\r\n北京七套《生活+装》栏目公益节目特邀嘉宾、设计师\r\n《照明周刊》专访设计师\r\n2009年荣获照明周刊设计大赛优秀创意奖\r\n焦点245、246、247期公益设计师\r\n新浪网《我爱新设会》公益设计师\r\n2015年中国照明应用设计大赛优胜奖\r\n作品多次在《现代中式家居风》、《照明周刊》等书籍中发表。',0,'陆枫原创设计',1,'',0.00,0.00,0.00,0.00,NULL,100000),(101,80,'带你装施工监理旗舰店','','',61,'带你装','',2,1,NULL,'/upload/shop/20171220/534c04a2be25236191ec896ad442d10c.png','/upload/shop/20171220/76272dccfab6e0dda475c6ec54f4369e.png','',1,1513138237,1513760800,'带你装志在做业主家装过程中的家装顾问，在装修全程协助业主进行预算审核、施工监管、工期把控、质量验收等全方位的技术工作，让业主可以放心装修。作为业主利益的代表，带你装本着为业主提供最优质的装修体验，帮助业主消除装修过程中的模糊地带，让业主明白装修。带你装致力于做中国家庭的私人装修管家，让每个家庭都能放心装修。',0,'带你装',0,'010-50892367',0.00,0.00,0.00,0.00,NULL,100000),(102,81,'米罗啦窗帘旗舰店','十里河桥东汇金中心一层109号 米罗啦窗帘','',50,'米罗啦','13520277335',0,0,NULL,'/upload/shop/20171225/70a640dd75fdf3aff27b129e2e12b27a.jpeg','/upload/shop/20171225/99609b589d435fc3eb3bef24b6f5bea7.jpeg','',1,1514167143,1514446063,'米罗啦品牌窗帘，让窗帘成为艺术，配套家居软装设计，有着丰富的设计经验，为广大客户提供精美的软装空间。\r\n米罗啦品牌窗帘，所有产品采用德国进口机制作，全部自产自销，让广大用户省去批发零售商环节，直接拿到一手货，达到真的的物美价廉，满足客户多样化的需求。\r\n米罗啦品牌窗帘，秉承“质量第一、顾客至上”锐意进取的经营理念，为广大客户提供优质的服务。\r\n米罗啦品牌窗帘，拥有先进的销售理念、严格的管理制度、热情的专业服务。经过多年的经验积累，能够准确把握窗帘行业流行趋势，可为广大客户提供上万种满意的窗帘产品。\r\n',0,'米罗啦',1,'',0.00,0.00,0.00,0.00,NULL,100000),(103,82,'吕合金的测试','上海高喊中国','上洚',56,'张革要','13566987784',5,0,NULL,'/upload/shop/20171225/b66df539c073ca0f0a961904614d99da.jpg','/upload/shop/20171225/f6e7135b229be2835f429ca358675873.jpg','',1,1514183106,1514278255,'好六空地扣空间好六空地扣空间,好六空地扣空间好六空地扣空间好六空地扣空间.',0,'欧点',0,'010--101355487\r\n010--101355888',0.03,0.50,0.00,0.00,'/upload/shop/20171225/8fe0c0fe354e96ed9e53493ab1258b03.jpg',100000),(104,83,'万家乐热水器','北京市丰台区榴乡路88号院石榴中心33-1-01','北京',67,'崔雪光','18680016596',0,0,NULL,'/upload/shop/20171228/ed16c00bdca695e823af6e2038f532a5.jpg','/upload/shop/20171228/57f4fb977409a2b8731e0c6dda334d80.jpg','',1,1514430938,1514431168,'暂无描述',0,'万家乐',1,'010-56762195',0.00,0.00,0.00,0.00,NULL,100000);
/*!40000 ALTER TABLE `shop` ENABLE KEYS */;
UNLOCK TABLES;

--
-- Table structure for table `shop_address`
--

DROP TABLE IF EXISTS `shop_address`;
/*!40101 SET @saved_cs_client     = @@character_set_client */;
/*!40101 SET character_set_client = utf8 */;
CREATE TABLE `shop_address` (
  `id` int(11) NOT NULL AUTO_INCREMENT,
  `shop_id` int(11) NOT NULL COMMENT '商家id',
  `name_` varchar(100) NOT NULL COMMENT '门店名称',
  `truename_` varchar(100) DEFAULT '' COMMENT '联系人姓名',
  `mobile_` char(50) DEFAULT '' COMMENT '联系人手机',
  `address_` varchar(200) DEFAULT '' COMMENT '详细地址',
  `create_time` int(11) DEFAULT '0',
  `update_time` int(11) DEFAULT '0',
  `st` tinyint(4) NOT NULL DEFAULT '1' COMMENT '1正常 0删除',
  `zuoji` varchar(255) NOT NULL DEFAULT '' COMMENT '座机',
  PRIMARY KEY (`id`),
  KEY `shop_id` (`shop_id`)
) ENGINE=MyISAM AUTO_INCREMENT=72 DEFAULT CHARSET=utf8 COMMENT='商户门店地址';
/*!40101 SET character_set_client = @saved_cs_client */;

--
-- Dumping data for table `shop_address`
--

LOCK TABLES `shop_address` WRITE;
/*!40000 ALTER TABLE `shop_address` DISABLE KEYS */;
INSERT INTO `shop_address` VALUES (2,18,'88888888888','8888888888','888888888','8888888888888888888',1508570698,1508570698,1,''),(3,17,'7777777','77777777777','777777','777777777777',1508570715,1508570715,0,''),(4,17,'7777777','77777777777','777777','777777777777',1508570715,1508570715,0,''),(5,17,'7777777','77777777777','777777','777777777777',1508570897,1508570897,0,''),(6,17,'7777777','77777777777','777777','777777777777',1508570897,1508570897,0,''),(7,17,'7777777','77777777777','777777','777777777777',1508570897,1508570897,0,''),(8,17,'7777777','77777777777','777777','777777777777',1508571375,1508571375,1,''),(9,17,'7777777','77777777777','777777','777777777777',1508571375,1508571375,1,''),(10,12,'测试地址','mazhida','13344445555','!@#$%^&*()',1508986986,1508986986,0,''),(11,12,'测试地址','mazhida','13344445555','!@#$%^&*()',1508987818,1508987818,1,''),(12,12,'测试地址1','mazhida','13344445555','!@#$%^&*()啊飒飒',1508987818,1508987818,1,''),(13,22,'福建省莆田市荔园北大道518号','莆田','13311248954','福建省莆田市荔园北大道518号',1509436458,1509436458,0,''),(14,22,'福建省莆田市荔园518号','莆田','13311248954','福建省莆田市荔园北大道518号',1509436514,1509436514,0,''),(15,22,'福建省莆田市荔园518号','莆田','13311248954','福建省莆田市荔园518号',1509436531,1509436531,0,''),(16,22,'德尔地板','莆田','13311248954','福建省莆田市荔园518号',1509436575,1509436575,0,''),(17,22,'德尔地板','莆田','13311248954','福建省莆田市荔园518号',1509436597,1509436597,1,''),(18,22,'德尔地板售后服务部','莆田','13311248954','福建省莆田市荔园518号',1509436597,1509436597,1,''),(20,23,'北京秦艺阁装饰材料有限公司','北京秦艺阁装饰材料有限公司','13520197904','闽龙广场负二层秦艺阁榻榻米D2-025',1510205418,1510205418,1,''),(21,26,'赛纳橱柜','赛纳全屋定制','17301063202','南四环城外城建材馆二层YG—16120  |   北四环红星美凯龙负一层1006号',1510206673,1510206673,1,''),(22,27,'地康水电地暖远大新风旗舰店','彭颖超','15811005427','海淀区永丰基地新材料创业大厦B座521  店面地址十里河闵龙广场地下二层地康展厅',1510206723,1510206723,0,''),(23,28,'金迪木门','孙艳伟','13693000128','北五红星美凯龙建材馆3层直梯对面金迪木门',1510206931,1510206931,1,'010-59773229 '),(24,29,'德国都芳漆','杨胜利','13911341293','闽龙广场2层东侧3排5号',1510207034,1510207034,1,''),(25,30,'宏宸工长俱乐部','宏宸工长俱乐部','18910763913','北京通州区焦王庄商业街朝阳北路宏宸装饰',1510207101,1510207101,1,''),(26,32,'龙强柏家实木家居','王利','18510310291','地址一：龙鼎天著木门（八角）居然之家店        地址二： 北京石景山区阜石路168号2号楼2-054 龙鼎天著木门（丽泽桥）居',1510207291,1510207291,0,'\r\n王利（龙强柏家实木家居）\r\n18510310291\r\n地址一：龙鼎天著木门（八角）居然之家店        地址二： 北京石景山区阜石路168号2号楼2-054 龙鼎天著木门（丽泽桥）居'),(27,24,'港典门窗','李芸','13601031803','地址一：十里河闽龙广场二层029     地址二： 北沙滩红星美凯龙负二',1510207390,1510207390,1,''),(28,33,'陇星散热器','张景良','13911952065','海淀区北三环西路大钟寺蓝景丽家家具广场',1510207579,1510207579,0,''),(29,34,'南山断桥铝门窗','李新','15810889376','北京马驹桥镇东田阳村工业园南山北京工厂',1510207950,1510207950,1,''),(30,35,'欧派橱柜','欧派橱柜','18610845339','十里河居然之家欧派旗舰店',1510208330,1510208330,1,'\r\n'),(31,36,'振生安防全自动防盗门','振生安防全自动防盗门','17601682761','北京各建材城均有',1510208382,1510208382,1,''),(32,37,'凤铝门窗','徐玲','13001022211','朝阳区十里河闽龙广场负二楼-58',1510208477,1510208477,0,'徐玲（凤铝门窗）\r\n凤铝门窗\r\n朝阳区十里河闽龙广场负二楼-58'),(33,38,'北京实拓装饰有限公司','北京实拓装饰有限公司','13001022211','东亚五环国际3栋101室',1510208598,1510208598,0,''),(34,39,'德高门窗','张森雪','15810932519','地址一：十里河闽龙广场b2层 大钟寺明光建材城二层155号（西南角）     地址二： 西四环红星美凯龙建材管A8303',1510208681,1510208681,0,'张森雪（德高门窗）\r\n15810932519\r\n地址一：十里河闽龙广场b2层 大钟寺明光建材城二层155号（西南角）     地址二： 西四环红星美凯龙建材管A8303'),(35,39,'德高门窗','张森雪','15810932519','地址一：十里河闽龙广场b2层 大钟寺明光建材城二层155号（西南角）     地址二： 西四环红星美凯龙建材管A8303',1510208694,1510208694,1,''),(36,40,'爱尚家装饰大小S工长','爱尚家装饰大小S工长','13521847367','回龙观奥北建材市场一区12号',1510209102,1510209102,0,'爱尚家装饰大小S工长\r\n爱尚家装饰大小S工长\r\n回龙观奥北建材市场一区12号'),(37,40,'爱尚家装饰大小S工长','爱尚家装饰大小S工长','13521847367','回龙观奥北建材市场一区12号',1510209110,1510209110,1,''),(38,41,'米兰春天','李鹤鸣','18911524124','十里河龙凤之家三层',1510209208,1510209208,1,''),(39,42,'晾霸智能晾衣机','晾霸智能晾衣机','18911825610','地址一：朝阳区来广营西路59号地址二：红星美凯龙建材馆一层8103号',1510209318,1510209318,0,''),(40,33,'陇星散热器','张景良','13911952065','3.商家地址:龙鼎天著木门（八角）居然之家店 北京石景山区阜石路168号2号楼2-054 龙鼎天著木门（丽泽桥）居然之家店 北京市丰台区丽泽居然之家B-1102 龙鼎天著木门（玉泉营）居然之家店 北京市丰台区玉泉营居然之家4-051 龙鼎天著木门（十里河）居然之家店 北京市朝阳区十里河居然之家4-3-003 龙鼎天著木门（金源）居然之家店 北京市海淀区远大路居然之家2期B1-1122 龙鼎天著木门',1510214020,1510214020,0,''),(41,37,'凤铝门窗','徐玲','13681205322','朝阳区十里河闽龙广场负二楼-58',1510362527,1510362527,1,'徐玲（凤铝门窗）\r\n凤铝门窗\r\n朝阳区十里河闽龙广场负二楼-58'),(42,42,'晾霸智能晾衣机','晾霸智能晾衣机','18911825610','地址一：朝阳区来广营西路59号地址二：红星美凯龙建材馆一层8103号',1510551300,1510551300,0,''),(43,42,'晾霸智能晾衣机','晾霸智能晾衣机','18911825610','地址一：朝阳区来广营西路59号红星美凯龙建材馆一层8103号',1510551307,1510551307,0,''),(44,42,'晾霸智能晾衣机','晾霸智能晾衣机','18911825610','朝阳区来广营西路59号红星美凯龙建材馆一层8103号',1510551316,1510551316,1,''),(45,32,'龙强柏家实木家居','王利','18510310291','地址一：龙鼎天著木门（八角）居然之家店        地址二： 北京石景山区阜石路168号2号楼2-054 龙鼎天著木门（丽泽桥）居',1510551745,1510551745,1,'\r\n'),(46,33,'陇星散热器','张景良','13911952065','海淀区北三环西路大钟寺蓝景丽家家具广场',1510642448,1510642448,1,''),(47,38,'北京实拓装饰有限公司','北京实拓装饰有限公司','13001022211','东亚五环国际3栋101室',1510797723,1510797723,0,'010-67956315\r\n'),(48,38,'北京实拓装饰有限公司','北京实拓装饰有限公司','13001022211','东亚五环国际3栋101室',1510797738,1510797738,0,'010-67956315\r\n010-67956315\r\n'),(49,38,'北京实拓装饰有限公司','北京实拓装饰有限公司','13001022211','东亚五环国际3栋101室',1510797885,1510797885,0,''),(50,92,'松下新风旗舰店','松下新风旗舰店','18612596561','北京市朝阳区广顺南大街33号',1511491431,1511491431,0,''),(51,92,'松下新风旗舰店','松下新风旗舰店','18612596561','北京市朝阳区广顺南大街33号',1511491460,1511491460,1,''),(52,93,'家家鸿地板','吕璐   ','13381139229','北五环红星美凯龙二层家家鸿地板',1511515433,1511515433,1,'62250662'),(53,97,'AAVI雅威空气净化器旗舰店','姚经理','13693512094','AAVI雅威空气净化器旗舰店',1511749214,1511749214,1,''),(54,51,'德国专利德盾防撬钢安全门旗舰店','德盾安全门','18811486577','北京市丰台区西三环丽泽桥居然之家地下负一层',1512020227,1512020227,1,''),(55,91,'百亚生物科技 北京地区总代理 卓越六七（北京）商贸有限公司','百亚甲醛','13810227868','北京市丰台区成寿寺鑫源国际一号楼209室',1513051270,1513051270,0,'01084707425'),(56,91,'百亚生物科技 北京地区总代理 卓越六七（北京）商贸有限公司','百亚甲醛','18500952733','北京市丰台区成寿寺鑫源国际一号楼209室',1513051650,1513051650,0,'01084707425'),(57,91,'百亚生物科技 北京地区总代理 卓越六七（北京）商贸有限公司','百亚生物除醛','18500952733','北京市丰台区成寿寺鑫源国际一号楼209室',1513051683,1513051683,1,'01084707425'),(58,99,'陆枫原创设计工作室','陆枫原创设计工作室','15010839480','北京市丰台区成寿寺鑫源国际1-209',1513130641,1513130641,1,''),(59,38,'北京实拓装饰有限公司','北京实拓装饰有限公司','13031164370','东亚五环国际3栋101室',1513845143,1513845143,1,'010-67956315'),(60,27,'地康水电地暖远大新风旗舰店','白金厂','13371718598','海淀区永丰基地新材料创业大厦B座521  店面地址十里河闵龙广场地下二层地康展厅',1513933327,1513933327,1,'010-58711355/56/57'),(61,81,'阳光美缝旗舰店','任斌','18710299809','北京',1514166651,1514166651,1,''),(62,87,'红苹果家具旗舰店','肖飞','15210321903','北四环东路望京桥东200米',1514172385,1514172385,1,''),(63,87,'红苹果家具旗舰店','肖飞','15210321903','居然之家',1514172385,1514172385,1,''),(64,87,'红苹果家具旗舰店','肖飞','15210321903','红星美凯龙商场',1514172385,1514172385,1,''),(65,87,'红苹果家具旗舰店','肖飞','15210321903','集美家居',1514172385,1514172385,1,''),(66,84,'海尔专卖店','海尔','13718001851','北京市朝阳区定福家园南里1号院',1514277207,1514277207,0,'010-58791899'),(67,84,'朝阳区定福家园海尔专卖店','海尔','13718001851','北京市朝阳区定福家园南里1号院',1514277224,1514277224,1,'010-58791899'),(68,104,'万家乐热水器','崔雪光','13311307186','北京市丰台区榴乡路88号院石榴中心33-1-01',1514431168,1514431168,1,'010-56762195'),(69,102,' 米罗啦窗帘','米罗啦','18810457346','十里河桥东汇金中心一层109号 米罗啦窗帘',1514446063,1514446063,1,''),(70,102,' 米罗啦窗帘','米罗啦','13811447185','十里河桥东汇金中心一层109号 米罗啦窗帘',1514446063,1514446063,1,''),(71,73,'MINGZU名族全健康吊顶','名族吊顶','010-5728898','北五环来广营红星美凯龙建材馆地下一层名族全健康吊顶',1514450111,1514450111,1,'010-57288986');
/*!40000 ALTER TABLE `shop_address` ENABLE KEYS */;
UNLOCK TABLES;

--
-- Table structure for table `shop_confirm`
--

DROP TABLE IF EXISTS `shop_confirm`;
/*!40101 SET @saved_cs_client     = @@character_set_client */;
/*!40101 SET character_set_client = utf8 */;
CREATE TABLE `shop_confirm` (
  `id` int(11) NOT NULL AUTO_INCREMENT,
  `cate_ids` varchar(255) NOT NULL COMMENT '申请经营类目',
  `brand` varchar(255) DEFAULT '' COMMENT '经营品牌',
  `truename` varchar(20) NOT NULL,
  `phone` char(11) NOT NULL DEFAULT '',
  `addr` varchar(255) DEFAULT '',
  `st` tinyint(4) DEFAULT '0' COMMENT '0审核中，1通过 ,2不通过',
  `admin_id` int(11) NOT NULL DEFAULT '1' COMMENT 'admin_id',
  `create_time` int(11) DEFAULT '0',
  `update_time` int(11) DEFAULT '0',
  PRIMARY KEY (`id`)
) ENGINE=MyISAM AUTO_INCREMENT=93 DEFAULT CHARSET=utf8 COMMENT='申请店铺';
/*!40101 SET character_set_client = @saved_cs_client */;

--
-- Dumping data for table `shop_confirm`
--

LOCK TABLES `shop_confirm` WRITE;
/*!40000 ALTER TABLE `shop_confirm` DISABLE KEYS */;
/*!40000 ALTER TABLE `shop_confirm` ENABLE KEYS */;
UNLOCK TABLES;

--
-- Table structure for table `tuangou`
--

DROP TABLE IF EXISTS `tuangou`;
/*!40101 SET @saved_cs_client     = @@character_set_client */;
/*!40101 SET character_set_client = utf8 */;
CREATE TABLE `tuangou` (
  `id` int(11) NOT NULL AUTO_INCREMENT,
  `shop_id` int(11) NOT NULL COMMENT '参加团购的商户',
  `good_id` int(11) NOT NULL COMMENT '参加团购的商品',
  `pnum` int(11) DEFAULT '0' COMMENT '参团人数至少',
  `store` int(11) NOT NULL COMMENT '限定团购数量（类型为2时要添加）',
  `price_group` decimal(10,2) NOT NULL DEFAULT '0.00' COMMENT '团购价格',
  `deposit` decimal(10,2) DEFAULT '0.00' COMMENT '要交订金（类型为1时）',
  `end_time` int(11) DEFAULT '0',
  `create_time` int(11) DEFAULT '0',
  `update_time` int(11) DEFAULT '0',
  `st` tinyint(4) DEFAULT '1' COMMENT '0删除 1正在进行  2下架 ',
  `type` tinyint(4) NOT NULL DEFAULT '1' COMMENT '1限人团购（要交订金） 2限时限量',
  `attend_pnum` int(11) NOT NULL DEFAULT '0' COMMENT '目前团购参与人数',
  `already_sales` int(11) NOT NULL DEFAULT '0' COMMENT '目前已经售出的数量',
  `description` varchar(255) NOT NULL COMMENT '团购活动描述',
  `group_st` tinyint(4) NOT NULL DEFAULT '1' COMMENT '1正在进行  2活动成功  3活动失败',
  `article_st` tinyint(4) NOT NULL DEFAULT '0' COMMENT '是否添加了总结   1为加总结   0为没加',
  PRIMARY KEY (`id`)
) ENGINE=InnoDB AUTO_INCREMENT=16 DEFAULT CHARSET=utf8 COMMENT='团购商品表';
/*!40101 SET character_set_client = @saved_cs_client */;

--
-- Dumping data for table `tuangou`
--

LOCK TABLES `tuangou` WRITE;
/*!40000 ALTER TABLE `tuangou` DISABLE KEYS */;
INSERT INTO `tuangou` VALUES (1,38,46,3,0,399.00,0.02,0,1511858373,1514259046,0,1,0,0,'',1,1),(2,93,223,3,0,299.00,0.02,0,1511858844,1514357078,0,1,3,0,'',2,1),(3,30,78,2,0,98.00,0.10,0,1511935095,1512625530,0,1,2,0,'',2,0),(4,93,224,3,0,390.00,0.01,0,1511940951,1512355581,0,1,0,0,'',1,0),(5,42,125,1,0,2500.00,0.01,0,1512007818,1512355577,0,1,0,0,'',1,1),(6,34,46,2,0,489.00,0.01,0,1512701579,1512703944,0,1,0,0,'',1,0),(7,98,262,5,0,6.00,100.00,0,1512703895,1514255326,1,1,5,0,'',2,1),(8,98,262,5,0,6.00,100.00,0,1513562100,1514170298,1,1,5,0,'',2,0),(9,98,262,5,0,6.00,100.00,0,1513587622,1514170309,1,1,5,0,'',2,0),(10,101,268,1,0,45.00,0.01,0,1513587720,1513587924,0,1,0,0,'',1,1),(11,98,262,5,0,6.00,100.00,0,1514166043,1514253241,0,1,0,0,'',1,0),(12,75,300,30,0,78.00,1.00,0,1514193835,1514255282,1,1,0,0,'',1,0),(13,98,262,5,0,6.00,100.00,0,1514255391,1514255391,1,1,0,0,'',1,0),(14,87,309,10,0,2900.00,100.00,0,1514274636,1514274636,1,1,0,0,'',1,0),(15,104,345,10,0,2259.00,100.00,0,1514432108,1514432108,1,1,0,0,'',1,0);
/*!40000 ALTER TABLE `tuangou` ENABLE KEYS */;
UNLOCK TABLES;

--
-- Table structure for table `user`
--

DROP TABLE IF EXISTS `user`;
/*!40101 SET @saved_cs_client     = @@character_set_client */;
/*!40101 SET character_set_client = utf8 */;
CREATE TABLE `user` (
  `id` int(11) NOT NULL AUTO_INCREMENT,
  `open_id` varchar(255) NOT NULL DEFAULT '' COMMENT '微信用户的',
  `nickname` varchar(50) NOT NULL DEFAULT '微信昵称',
  `username` varchar(20) NOT NULL DEFAULT '' COMMENT '用户名',
  `mobile` char(11) NOT NULL DEFAULT '',
  `sex` tinyint(1) NOT NULL DEFAULT '1' COMMENT '1为男',
  `vistar` varchar(255) NOT NULL DEFAULT '',
  `email` varchar(100) DEFAULT NULL,
  `st` tinyint(4) NOT NULL DEFAULT '1',
  `addr` varchar(200) DEFAULT NULL COMMENT '所在地',
  `info` text COMMENT '个人说明',
  `create_time` int(11) DEFAULT '0',
  `update_time` int(11) DEFAULT '0',
  PRIMARY KEY (`id`),
  UNIQUE KEY `username` (`username`),
  UNIQUE KEY `open_id` (`open_id`),
  UNIQUE KEY `email` (`email`)
) ENGINE=InnoDB AUTO_INCREMENT=1144 DEFAULT CHARSET=utf8 COMMENT='小程序会员表';
/*!40101 SET character_set_client = @saved_cs_client */;

--
-- Dumping data for table `user`
--

LOCK TABLES `user` WRITE;
/*!40000 ALTER TABLE `user` DISABLE KEYS */;
INSERT INTO `user` VALUES (1,'oyl_00Bwu19N-8mBByA3P9EU8qEM','徐宝','Wkvzca','',1,'https://wx.qlogo.cn/mmopen/vi_32/DYAIOgq83eqxRlyBNnBgVPwDYqI4mVolZ64BPHODxMicaXrmfTiaE1c7F7eYSRduLBsGOPXxsua9iaS4DPjDW6IJw/0',NULL,1,NULL,NULL,1510307517,1514180952),(2,'oyl_00GuSEayttv9MN4iWOaXylrQ','王东旭','TRffXS','',1,'https://wx.qlogo.cn/mmopen/vi_32/fEib818qGSF779OibP7Kml3GZHc7TuTHVeV1hSldaRD2picVqKryiae7SaG0ODttRibJwxgXQM6pICf1OPmKFZeYapg/0',NULL,1,NULL,NULL,1510307531,1514253399),(3,'oyl_00HQaWBfqiCB4cP5nSqCCfDo','对未来充满信心的傻狗','j8O5cL','',1,'https://wx.qlogo.cn/mmopen/vi_32/DYAIOgq83eruGBAPeolgkO9Vl4OqVSmawEm04sY25Sj14gQJqPiathWynjWBR6hyiapyR8vCSEPpXOVWI0nrqiacw/0',NULL,1,NULL,NULL,1510307692,1514188964),(4,'oyl_00Dj5rSZmIgoKseSC4GJSgeo','崔','n5Ybvd','',2,'https://wx.qlogo.cn/mmopen/vi_32/Q0j4TwGTfTITOacjZicyffDb5lBmUVIet8k7RyrFjrze1aKFdlI8gqiaw7pm3uLiaVNdmt04SPXdoxT13mvSrcYsQ/0',NULL,1,NULL,NULL,1510308960,1514254106),(5,'oyl_00KaLaVo-Lre6osxaZQyL9lk','刘昊然','n-TcwJ','',1,'https://wx.qlogo.cn/mmopen/vi_32/Q0j4TwGTfTJAnGpwNBicPIShH4LxkDFSXcPH0qDlW6sbiaVUu5zF74RUlmd9eibC5oETtxMMib2ZKCOxMxClETBZLQ/0',NULL,1,NULL,NULL,1510314128,1514258569),(6,'oyl_00OobLCdYsA21tRXHqY0w5kE','小五','HxkMbv','',2,'https://wx.qlogo.cn/mmopen/vi_32/Q0j4TwGTfTLXgtQNZakr6Bto0StCRbkB6m76uCn46UK7VA0FjSk6ib2icbMdaTjWHAJqtcKtGJuv8C0ApzRaPI4Q/0',NULL,1,NULL,NULL,1510317133,1514438451),(7,'oyl_00Htk9JtN2qzgOUatSxe7FXA','55小嘿','ahu0Ke','',2,'https://wx.qlogo.cn/mmopen/vi_32/ZoibCJQbGNxxG76XbJLWffopejpbtvTeNGN5n3H9qMlIwicRSBNoBOJoJy9ozsbUz175iccyJgxtiaYSNlr45tcIuw/0',NULL,1,NULL,NULL,1510317865,1514450910),(8,'oyl_00IkG_MwovFVLt-Zunw2ROz8','微信昵称','uSaGkx','',1,'',NULL,1,NULL,NULL,1510320228,1513670417),(9,'oyl_00GUtNKOGFMUG6vDZ_IZYysA','rdgztest_OFUPLR','lvbp-m','',0,'',NULL,1,NULL,NULL,1510321087,1510321356),(10,'oyl_00LMtPdYYPJicjwhT-Bj9UWg','han某某','lHtbCD','',2,'https://wx.qlogo.cn/mmopen/vi_32/DYAIOgq83eoibQQSJCWMOyIe6fxXEFWrkzKzhpw0f9Knc0GkicgMa3gEoHAREUv4IDzxfLBwjO3GRa5kCK4t3Efg/0',NULL,1,NULL,NULL,1510321788,1512614215),(11,'oyl_00MWYyYcp5bnlRSwzUy7uyek','Faith','Xc_AYY','',1,'https://wx.qlogo.cn/mmopen/vi_32/Q0j4TwGTfTInoiaS7e3nVlYMZh96yqcG7o6FYvZUyibrvDdAkGTnJcYh85LMibXBH6qUFqj8v92XqeEqfZ45xJT6g/0',NULL,1,NULL,NULL,1510321805,1514098312),(12,'oyl_00ARhvugxLpSU4tiylpL1y8Y','季雪莹   ','mXVQa5','',2,'https://wx.qlogo.cn/mmopen/vi_32/4Ijz7gf1qrkatIKiazjAwD4Fh9OrCkLsYnnEVAQ5sCpsFjFY28Or0YGT9fzImf38XMDFDoI3WTW6Nyy1Z9Nibdpg/0',NULL,1,NULL,NULL,1510325180,1512722801),(13,'oyl_00GEZxf-3QBvu7FH7U-xHzdM','圆谅','oEcaHg','',2,'https://wx.qlogo.cn/mmopen/vi_32/Q0j4TwGTfTK6o4EMl211ibQYx7Bicp0ibD2ZhRib3bNVBLaqBM36UdeyHPATOiazRk6iamUiatibkpeuDHicibozvDXSvMvg/0',NULL,1,NULL,NULL,1510352952,1512810402),(14,'oyl_00PHcIEnRtrwcUXf3vy8uPS4','老板电器小杜','DB45N0','',1,'https://wx.qlogo.cn/mmopen/vi_32/DYAIOgq83eoAjMpGCp3WAhUhfppNGrzdUH9Uicnic1QnMYdZgibKA0umo9u2kWLWOrk9SRW5wuc3M5hLxxIBZgZ2w/0',NULL,1,NULL,NULL,1510352954,1511764687),(15,'oyl_00AvXbNWj3R25Fca0FMBOQOw','55家居团长','Wc9zmX','',1,'https://wx.qlogo.cn/mmopen/vi_32/DYAIOgq83erJicxia8Ecrt7Xpic1pWaN2aQ3xQ71fib1ge0ksboXOg9GyYWx9IHTWzGQ5iaS8e7QltDmFZ28by4o5fA/0',NULL,1,NULL,NULL,1510353008,1514447821),(16,'oyl_00EKUjo7aCk35hhplxSPjqJU','A阳光瓷缝工作室18710299809北京','p4uPJM','',1,'https://wx.qlogo.cn/mmopen/vi_32/Q0j4TwGTfTJ3wHN3fsSib2kXU9EUFgoLhkuoRdoMxW1us2icOK4k7joSQ7lzRZ32DkDd83NHWibn4vGGFaebsE6ug/0',NULL,1,NULL,NULL,1510353094,1514292514),(17,'oyl_00MLkxJYUUWe-w4TUvBo8koM','骑着蜗牛登珠峰','VI9Jwd','',1,'https://wx.qlogo.cn/mmopen/vi_32/Q0j4TwGTfTKcPy57LMXec3o1xIXYg3yzqibJJLd9Xlib8HZURg4xa0eArHkpvlb9MagkKugDFh9hCzLCR2YTXicdg/0',NULL,1,NULL,NULL,1510353461,1511618492),(18,'oyl_00BX0znyQZA_ykYtruJ_VNF0','陪伴是最长情的告白','js4otU','',1,'https://wx.qlogo.cn/mmopen/vi_32/Q0j4TwGTfTLJFt191GSK1qoDiaJvbIVibPrKfFsYtNOJuBMeNT9dzhmXOCUzicX6vgeusg1OwGLHTzaH5jQxFamQg/0',NULL,1,NULL,NULL,1510353600,1514257787),(19,'oyl_00OiohGbM3myry1eJqZ0Luw4','A德高门窗～春艳','Cmx_KA','',2,'https://wx.qlogo.cn/mmopen/vi_32/rUqvHOCgp8iag9AjjCqyiaWoiaqMqbdFZ6SnHN1VGT3SLJWqmnIqRrG7fRpticX0ZbVnX6bayBllsP1FYOY6LH1iaYQ/0',NULL,1,NULL,NULL,1510353645,1514341382),(20,'oyl_00HGclX_muQQhPRrer6fZSEg','米兰春天散热器-李鹤鸣','PAMOfV','',1,'https://wx.qlogo.cn/mmopen/vi_32/Q0j4TwGTfTIZFramlNbWmAPP8ywCmSoBHdFIxjoM0fNeT6AuyyGottbNwQraicJCbaWpl5QXH2FE0LNwIAsrs1g/0',NULL,1,NULL,NULL,1510353651,1512199043),(21,'oyl_00JJ3xREKZ1NPLgHHLtDK4Ow','陇星散热器张景良13911952065','sijp4O','',1,'https://wx.qlogo.cn/mmopen/vi_32/wdj7bnjicVhwJ5k7Jr73twLURvpzlLdt3BS8ZxtaMG746kahNr2hOtNoW2nQvfHdgAzRs2KSPmsREF5hQ6nhpLQ/0',NULL,1,NULL,NULL,1510353729,1514133686),(22,'oyl_00LhPIftYcFPfPU_7vNKu8Vo','A-实拓装饰李功杰','EAfcBf','',1,'https://wx.qlogo.cn/mmopen/vi_32/Q0j4TwGTfTLJrePR0FdOgnqD91ziapPJJ1ialmKhsURTYdpkYibTIYKSKCYpeNMW0EsJSm31o3JMpI3dbtugyxJHQ/0',NULL,1,NULL,NULL,1510353909,1513841529),(23,'oyl_00ByXf4sdNi1B_mzXGHIgSmI','德高门窗～森雪 断桥铝 阳光房','S2iYcb','',2,'https://wx.qlogo.cn/mmopen/vi_32/Q0j4TwGTfTJ0DbzqtzqniazSEO03R2p8DSiceyibTJ8GtFO8ib8lSY1yxKRpXcn9fRmTeU9mzuUgAZsQJ3xK14VgDA/0',NULL,1,NULL,NULL,1510354021,1513218129),(24,'oyl_00KNrZWWxid-HuH4y5e13GYY','A德高门窗 李占','abgWRr','',2,'https://wx.qlogo.cn/mmopen/vi_32/zD4Npj5bXH6PUFbXG0yXKyDhzUO9saYrfmdibIJx0rqFrwBiaP6XbdYTUchAEPbKytRb0kTIo3GZwugicKzsosuiag/0',NULL,1,NULL,NULL,1510354043,1510659375),(25,'oyl_00OXoerdIi8CxC9ZAzbehggc','A北京实拓装饰有限公司孙培焱','R3gpAB','',1,'https://wx.qlogo.cn/mmopen/vi_32/qK4SibuHmn3VjHk6lDs8LAeJISM8ibRbZEHicUMfcBG8jHKuD1pDMCZO73w6OH3iaf4eVCk3IWbrZ3sXUedkU6MbaA/0',NULL,1,NULL,NULL,1510354313,1514256863),(26,'oyl_00IhLSWDQf9YHv7ItXOem130','李国磊（实拓装饰）','jph74P','',1,'https://wx.qlogo.cn/mmopen/vi_32/Q0j4TwGTfTLlFTj2bGUuicXnBqCQcLXsv4YHxhNeYKXIQvIibBJqQmQScoYE1wiaqdKABRZnf7b7yhHCkWy9BicibibA/0',NULL,1,NULL,NULL,1510354678,1514334321),(27,'oyl_00OX8H1QVuNluh4_HIeKf0jA','凤铝门窗小樊18310715753','0TANET','',0,'https://wx.qlogo.cn/mmopen/vi_32/A7pjXHlV27HRXWSF8g1DpotFc0OBMphQmmniaBQBOoCLL4BLo6yOnSH2jJ4zHmexTMYBEnGVLfheCpE9ic4ckkwQ/0',NULL,1,NULL,NULL,1510354853,1514264612),(28,'oyl_00HZA2u0z-uwE60DJwLy5oAs','浅','OZk8zJ','',2,'https://wx.qlogo.cn/mmopen/vi_32/UOQNkxOsf6eeRgQO4yENJHjYErPDnAbmfzB6gfPhN9gPMEhgP9dyP4v5xfuhCg3vaUM6y9vicIiauNPvTE0j610w/0',NULL,1,NULL,NULL,1510355806,1514450552),(29,'oyl_00OTZmr08iMMWZn33TMVE5Q0','A00','_G5IPx','',1,'https://wx.qlogo.cn/mmopen/vi_32/DYAIOgq83erx9Qe3tzKYsICEvXXGgDz5HicGfd2LUl4yYy08BibRAxG8iaYDHs22MQ17QfzpiaRqJiaFZzldWKbAHIg/0',NULL,1,NULL,NULL,1510355851,1512130591),(30,'oyl_00N9tZMsgUVibrFtamBjVdUo','55小四','RWAwvx','',0,'https://wx.qlogo.cn/mmopen/vi_32/8sWKLXj4VomaeB126qicL7DXPJg6AuTfr07udhmjemBpsvGGcYVxXgmZTsdFGOsQPK0rmac5QwkOKjP7OvnqZrA/0',NULL,1,NULL,NULL,1510356113,1514427865),(31,'oyl_00OYZPCSI2bb6H9u-Nyn5NQU','A通利大理石-石头18910623996','La2UmV','',1,'https://wx.qlogo.cn/mmopen/vi_32/Q0j4TwGTfTIkDK3lhJu18q40QUEUjkA8nVD3uXcib5RofHicS0IOKg0pzyUNBiaKKTibvt8Iw4fkvCictWdQt1ttEgg/0',NULL,1,NULL,NULL,1510356210,1512094392),(32,'oyl_00II4BkO0Iu8nl0sW8jG1KlM','蓝调','vMxSSu','',0,'https://wx.qlogo.cn/mmopen/vi_32/DYAIOgq83epmTHO982icDPWHEOY7lpyqQYUgjLORRU3YibVBt8asuzlicvQsNfH882mia0NvHqOd5wMpIrJPOL7eAw/0',NULL,1,NULL,NULL,1510356324,1512127732),(33,'oyl_00JcaLmooOuEmqe0KRPgF2jM','微信昵称','kJm_bm','',1,'',NULL,1,NULL,NULL,1510356597,1510356597),(34,'oyl_00Dctw8BTJ8xDYvPiXUFDFkE','﹉ ','HAIo-I','',2,'https://wx.qlogo.cn/mmopen/vi_32/Q0j4TwGTfTIRzKmOGrozLOYicKeSMeQo7Iz0AlddCzgKb0gQtZnicNiaMTYbS0bRr4VyO3Snw0Wg9q7bphOvv6iaQQ/0',NULL,1,NULL,NULL,1510356631,1510443282),(35,'oyl_00LG6KLefYrbPwMTOjuiEnTA','A【伯艺】王文通','T44xUG','',0,'https://wx.qlogo.cn/mmopen/vi_32/DYAIOgq83eq9q04frCFSzwwuFnN3iavMJhmEW35VeuscZ5qEQLxQRkthXkSK0BFmEaUOspzApAkjU71boUGfQBg/0',NULL,1,NULL,NULL,1510356810,1510356810),(36,'oyl_00DxEE-4zfE_G94wRIYFqq4w','55~京大床具，京兰床垫18630634547','dJA9yn','',0,'https://wx.qlogo.cn/mmopen/vi_32/DYAIOgq83epHEW4Xz85I4MwZl20H3VmDPKxDrEmnUicaZrpricGNYMl4uzbrD0m20V1PKRQCeicWEiapiaTQbjTW8NQ/0',NULL,1,NULL,NULL,1510357004,1510451778),(37,'oyl_00D91sUl2wPfCNU80UORDxaU','南居店伯艺木门～小丁','kezYj-','',2,'https://wx.qlogo.cn/mmopen/vi_32/XjoFOt4gDbazMgPoSuQ9TIiaw8YxtAjQq5wibolB8Qs8jo3gLbGtqP6977YUDuibB0QjTuGVC2mtZeWmj4AKjGO8Q/0',NULL,1,NULL,NULL,1510357304,1510357304),(38,'oyl_00O-T_Ewmq-igHhzxBsxhZkg','冠军磁砖刘慧敏','nfsgLq','',2,'https://wx.qlogo.cn/mmopen/vi_32/DYAIOgq83eo0g02W2VAdFCOUQjteo6lQiaUWdDp6e2hNEYQhqezEw2ibQgNWpLzFMWEvuW5MJ4nCge4EhMgHzqxw/0',NULL,1,NULL,NULL,1510357512,1511851636),(39,'oyl_00O6t-JqO97Z2d-9ZZoglV4g','实拓装饰','UjPlxS','',1,'https://wx.qlogo.cn/mmopen/vi_32/Q0j4TwGTfTLWVIuU99Kiarfaic8ib1w2iaRXk0vONcQ8siaXTeUHE7Veb83Dicrzoc0mtqrm561q1icyjZMGP7hxXznWA/0',NULL,1,NULL,NULL,1510357657,1514166360),(40,'oyl_00BCK8j8G7RJS4VQkEOSEmdg','微信昵称','n2Wsdq','',1,'',NULL,1,NULL,NULL,1510358352,1510358352),(41,'oyl_00JB3OiPxEA4YCQ1VEysoWzQ','南山断桥铝门窗李新','xVk_wI','',1,'https://wx.qlogo.cn/mmopen/vi_32/Q0j4TwGTfTLVNGqDNU3W4yUokMiavcvJvh2j4BPIhOEYVL5nWAjjiak9P3Hu6V4wAyeCS15DoPG8RZyyJ7tkleaw/0',NULL,1,NULL,NULL,1510358370,1514429405),(42,'oyl_00Kp3SP-ZgJaPpkpzC7cdJds','微信昵称','HsIzC2','',1,'',NULL,1,NULL,NULL,1510358499,1510358499),(43,'oyl_00BU4B_3WnOY26jz_9wLxs7I','京','SYnUyT','',2,'https://wx.qlogo.cn/mmopen/vi_32/Q0j4TwGTfTIGMrrjGucicuoSLVqQbqeWy9wDtxhLpQZaQ3ZKRib5UFYrpYxUFM9rZvZjOhVAn1zUciblDa1rrj7OQ/0',NULL,1,NULL,NULL,1510359007,1514284665),(44,'oyl_00GIdrFcN0Ka-Z_EuaCgMn9Y','小米','KWy7Kr','',2,'https://wx.qlogo.cn/mmopen/vi_32/Q0j4TwGTfTLIh1X35E83EutxKGpxF0q73iaiconp3JG46MHy2YqKuNVk14znCSaqxhDpjVJibibfuxmvibv93MZd1gg/0',NULL,1,NULL,NULL,1510359408,1511764596),(45,'oyl_00OQAhx0MUzuZtKy0IJiU7mE','微信昵称','_ZGsvz','',1,'',NULL,1,NULL,NULL,1510359505,1510359505),(46,'oyl_00DCe4W-a0gLL99ZMtIoX-6g','微信昵称','tbRAeW','',1,'',NULL,1,NULL,NULL,1510359524,1510370805),(47,'oyl_00LwkYtVmc7frlzPtOuczf5A','王华强','W7eQPM','',1,'https://wx.qlogo.cn/mmopen/vi_32/DYAIOgq83epVyufpCQCJOPuFgkezagBGXxeq8bVeBtic2xL4VT8VSia4ya9XDsibsbelmOao4eamNnaP3kCsXFXHQ/0',NULL,1,NULL,NULL,1510360157,1514342973),(48,'oyl_00KK1MkO_Fp_tiHtW6Tgd7nA','温丹','AweN4f','',2,'https://wx.qlogo.cn/mmopen/vi_32/Q0j4TwGTfTK7XeuUwO4iaAZ1ZcPeO3sVPyySQOelMtwXpHPyibKLxgzKMAlslMJrhZtIJRVEZOeRZJNeNVIgKqGQ/0',NULL,1,NULL,NULL,1510360873,1514182298),(49,'oyl_00O9E_z3KVosWhst7vvuyi3w','逸绣 刺绣墙布（米凯尔），玉儿','WLsykC','',0,'https://wx.qlogo.cn/mmopen/vi_32/ghhJiaq98PNn4VMrZDz9acTSPNOub90um1blHFlEeLcyvhM2f54B3HwiaXfU8fh1xEnvUlicicjQIciavFZ926bXoaw/0',NULL,1,NULL,NULL,1510361411,1510361411),(50,'oyl_00MVLlct8Td3zEC0umqFiKBQ','微信昵称','Xkt9YB','',1,'',NULL,1,NULL,NULL,1510361515,1513566262),(51,'oyl_00BBTPCODjYVOG5SZrtFmL_c','A影儿','I2p-q6','',2,'https://wx.qlogo.cn/mmopen/vi_32/DYAIOgq83erxt2BTg5g6mPMib3J3IkUXFvsh3Dz82MugdD9FUeV2tnBX6hvZuC2ba0Cl6VY96PlrBeE52o2LmiaQ/0',NULL,1,NULL,NULL,1510361707,1513920302),(52,'oyl_00Cen09kNqnr4-wBHO8ZH2Ug','凤铝门窗小徐13681205322','YzOoKx','',0,'https://wx.qlogo.cn/mmopen/vi_32/XfeZMk5t5JN0XW9WT7cngWmYTUKnXiah1LHtichrYDQTmiadfgsj6seXQS6hj3xaT12cI6JE2morWspdrI40jlBpg/0',NULL,1,NULL,NULL,1510361851,1514113945),(53,'oyl_00F1ARogkQGqxzPUwoMtK80w','宏宸工长俱乐部','E7x3aP','',1,'https://wx.qlogo.cn/mmopen/vi_32/LdaqicAZECpaLQAbhuM3TxpRo6ZDibIbWEYBwY4GaBIGX3W8sXswqicpkgXleKEKrmpTpziatTOEMtuFWqfpeaIKrw/0',NULL,1,NULL,NULL,1510362221,1511141782),(54,'oyl_00B6Nr7OVfkijiPPAP3dNdaU','秀秀','laz5kp','',2,'https://wx.qlogo.cn/mmopen/vi_32/DYAIOgq83eqg89ulFEQmYNbjYZLqResLa4zhI7vWhxw2WSV1FvuUsfV5BUljLDC9CLVqPDUjoJnbSa2x5ooIwA/0',NULL,1,NULL,NULL,1510362362,1514182346),(55,'oyl_00Ksms252YDX4J5uxHqn5nk8','华工','s4YVt5','',1,'https://wx.qlogo.cn/mmopen/vi_32/Q0j4TwGTfTLRKgow8PPLLp1xQ1iaWHpib32MianRjibtxk2934BKw1CIBSVY74QnzPI3Xq5vribEKQQaV6sPc1OyCBw/0',NULL,1,NULL,NULL,1510362647,1513494412),(56,'oyl_00PFeh9WQdKGt_oxdDAVrMM0','微信昵称','ro05am','',1,'',NULL,1,NULL,NULL,1510362775,1512189308),(57,'oyl_00DG6gN41FhfKV5D8JzCdIAk','伊子冉','P0Uqik','',1,'https://wx.qlogo.cn/mmopen/vi_32/Q0j4TwGTfTKtBwSeHSkf6fDibRTibtDiaRLgiayhOUicV6rqvAWT50buiaP9V4F5iajClMR7mT98JUw5FkAN57zuX7maA/0',NULL,1,NULL,NULL,1510362968,1513001624),(58,'oyl_00BklCbRUuYI6QqqhZ05uYdY','宏宸周玲','w3bcyG','',2,'https://wx.qlogo.cn/mmopen/vi_32/Q0j4TwGTfTIynHFEfUu56DVqwOO7nEkZzQCdBhJDLxrjEaX4NXoQc0AD2HknVkbXibIINO6GNOae5MnhMbc4hQQ/0',NULL,1,NULL,NULL,1510363290,1514257010),(59,'oyl_00Fvjoa-ht8JEjDD6QAJSQsg','牧童','aIajSI','',1,'https://wx.qlogo.cn/mmopen/vi_32/DYAIOgq83erKy3NaL2P2mCkgJcWb2Z6xQYXeYPVgSJtibkgnkXX3OUwoIoBHJyLticdpGibDJicJjic2paDbHicov8fQ/0',NULL,1,NULL,NULL,1510363313,1510548230),(60,'oyl_00HIkkqV--J4oCgdvubG4Zrg','Loveanny','A-GvW9','',1,'https://wx.qlogo.cn/mmopen/vi_32/DYAIOgq83eoJQEibaClK2WqO4hYtW1UoJ26RevYKkFcXXwr5kDqvBFZQ4hcZw3ygW0AYLnzSI7XMow88TCoWpBg/0',NULL,1,NULL,NULL,1510363536,1512349489),(61,'oyl_00FvIOYV49nnk1WqRwxQQ9pE','danielle','yjlTjF','',2,'https://wx.qlogo.cn/mmopen/vi_32/DYAIOgq83eo8Bbicf7LjAHsic5J91K2ZwAhYJrTbicyPFRFwTNJlohPqaQLQUbOV5b7qYG3kna8mU0EVeDGoAxc9w/0',NULL,1,NULL,NULL,1510363544,1510363544),(62,'oyl_00MzwTkY0Ye2DT3j6FqwwNCI','孙小乖^_^','um0XzI','',2,'https://wx.qlogo.cn/mmopen/vi_32/DYAIOgq83eoiaSKMpyJEgOyKwYsVXZhxgbLrCawUNS7bKCPWuSkT6w2kcA65icJ2MIUD6JeTQgice9EswYpiaCMHKA/0',NULL,1,NULL,NULL,1510363545,1513000630),(63,'oyl_00HFwRjvq-GoNQde_jsWmL_A','鹏飞','f9fYAF','',1,'https://wx.qlogo.cn/mmopen/vi_32/Q0j4TwGTfTIz0zKWLeiacvwGWjFgXK3ibRLpMcDevgIorgoc8BjgX0WsibQqos20FiaYM5NVoLEeCccmlmYKBsCyxg/0',NULL,1,NULL,NULL,1510363550,1512087484),(64,'oyl_00NjYEW1PpJHrOLQQkf-p10M','胡澜涛','aM7TlL','',1,'https://wx.qlogo.cn/mmopen/vi_32/Q0j4TwGTfTKbw1197zEcgic0k9S4xsJJ58icaBuOy4mFu8LKSyzkKjDiayuwuGRiceRlKMMrbhME0f4MC95UkhDKew/0',NULL,1,NULL,NULL,1510363552,1511577856),(65,'oyl_00EGIcQGLM1S2p_yi8ThfY9A','微信昵称','kCP0CA','',1,'',NULL,1,NULL,NULL,1510363560,1510363560),(66,'oyl_00ChfY9sv6dc1lPkN441V9Qc','awing','iRPW8C','',2,'https://wx.qlogo.cn/mmopen/vi_32/DYAIOgq83eor3yhoBAvuFEUkrg8hbKM853Via1rDy8vLahiconSibqNcDjcOBZpLBklNNkMtlfA8DRNw9gCEWTFeg/0',NULL,1,NULL,NULL,1510363585,1513592984),(67,'oyl_00G3ufbvnc_ENuCsDwQ0V7FY','平丽','LrTDk-','',2,'https://wx.qlogo.cn/mmopen/vi_32/Q0j4TwGTfTL010a7ZoTTztRjJUjcVVSRDWO2ssqbPRAYBk930Ar78lFNkR3DsRtle9LNZEXAnOuAX3nJicAmIsA/0',NULL,1,NULL,NULL,1510363593,1513238916),(68,'oyl_00FDxT5SlcQcinNXwtZD9pBs','微信昵称','_ZL6QV','',1,'',NULL,1,NULL,NULL,1510363606,1511162376),(69,'oyl_00DBM0eHMwAzeo45osI0qYuQ','陈同学','mkf55Y','',2,'https://wx.qlogo.cn/mmopen/vi_32/Q0j4TwGTfTLvcyGQ1eDY8XMv4zrW5bmwkXfibWfTdJjTlmib5sBH1ad7gtn7tViaicC8GELdjyVCrnSVBO9oXEAOhQ/0',NULL,1,NULL,NULL,1510363618,1514259376),(70,'oyl_00G8P_3QL94Ix2pjxBvc7PtE','牧杨少年','Hzkg5T','',1,'https://wx.qlogo.cn/mmopen/vi_32/DYAIOgq83eqY6C2mlyxhK1t26ibxOVbeaIYRgrD2fVPSSqKcye2rmWehfI4yoH0GARFYtQYnpia37Aibu26gSlLJQ/0',NULL,1,NULL,NULL,1510363644,1512294545),(71,'oyl_00FEWYZbPiz1wJE9fQSNsulY','张养瑞','rs-MLJ','',1,'https://wx.qlogo.cn/mmopen/vi_32/Q0j4TwGTfTIwhJ5c5RX2EHIvKeiaWAK3baHdDzsMOticoCxh2OzjAxeU7GsloQ8OollxcD4RYxPicvAR41EpaI3yg/0',NULL,1,NULL,NULL,1510363654,1513347569),(72,'oyl_00AB07fewISulf4iPdqiJ39A','雪玲','PE9OS-','',2,'https://wx.qlogo.cn/mmopen/vi_32/Q0j4TwGTfTIgN6jjUHfdT9vZnzJdv2tbcdZy1jRtxjKnhFUqiazqovf08PK98ClImDPzef3gaicaj4P9qgmYHWibA/0',NULL,1,NULL,NULL,1510363675,1512730036),(73,'oyl_00FbmiAkRSfQc_1mKOxtTBFw','邓','bLc03P','',1,'https://wx.qlogo.cn/mmopen/vi_32/Q0j4TwGTfTJ29jNib9CjFu4TDu7Bn0RTbO9HyNpw7ZDG6BI4icB0OjXTwSVP4jDJJ5SXb6BZchOx2NBmDyYkuKEQ/0',NULL,1,NULL,NULL,1510363681,1510368657),(74,'oyl_00D67MZ6qa3rWw03LJchLfC8','李富贵儿','-9JNw7','',1,'https://wx.qlogo.cn/mmopen/vi_32/Q0j4TwGTfTJicuzZJYwCjkQUbVelBCibfCcgiaBa2nEIavwJvjQhqC7rS9Fmb00eEwwsyOhtZpCkgz4eQGd6ShMeQ/0',NULL,1,NULL,NULL,1510363687,1510363687),(75,'oyl_00LgolOJj95m2U7DHCx6dGG8','两把刷子灬','fBMTEQ','',1,'https://wx.qlogo.cn/mmopen/vi_32/RCRZYVn8Z76kxSskYkcLHFoZTuMr6R0g8gdzMKbZjhtmyQnawvzFaRFZUh0YEcIx80Xw7bYuibfm9Jlrhl9rM6Q/0',NULL,1,NULL,NULL,1510363689,1510383339),(76,'oyl_00AA2muIbdwkLLGH1uwP26i8','荧','skuYUl','',2,'https://wx.qlogo.cn/mmopen/vi_32/DYAIOgq83eq3OrOYjn8njicqhqwwOERaRquBGDhLpRyGfUBnDBib598ewrj82w8ib6ST3eZbN9CiaOHJ6SRPkGcTKg/0',NULL,1,NULL,NULL,1510363704,1511243820),(77,'oyl_00Jp9TcTum_uzdFQV4xpmxYc','黑洞','quSSQF','',1,'https://wx.qlogo.cn/mmopen/vi_32/Q0j4TwGTfTJ5sj9h3oKMjYs7r39VjGua0WEtX7w1AeGGmsS2T8AXYjCZNBLfbVgVmfTQjgLvuv71jbvMBpxwSA/0',NULL,1,NULL,NULL,1510363714,1510363714),(78,'oyl_00Ppgx9tAd7YHQcqKcjXiGJY','李卫宁','QlhbNy','',1,'https://wx.qlogo.cn/mmopen/vi_32/Q0j4TwGTfTK7SibGoicFrlxXvkh5lOa22xSqPL6KDxCicwvibLEFZktAb1H92H59yk4jcVU29icW9BFeVCrNwQH4CMw/0',NULL,1,NULL,NULL,1510363718,1511182660),(79,'oyl_00LuHZtw2s-BuxwlczD2CfuU','Doris&Min','vIh867','',2,'https://wx.qlogo.cn/mmopen/vi_32/Q0j4TwGTfTI2ypuOuCibDFT5TW3ibHxAiaJopp3QLlMCLHuOJDiar3e4BVGtEh9xZWw2Mm0vVBNGrc8icMCgM20AFGg/0',NULL,1,NULL,NULL,1510363733,1511702546),(80,'oyl_00LkjgYXzwvpBipO71KagGFE','肖楠','c__Sgf','',1,'https://wx.qlogo.cn/mmopen/vi_32/DYAIOgq83eoTtHIemT3d7hFM0vP5BN0W138TT6h6TyB7pjOibk6IP7zK0ibqKKJD1gwKABWW14HibkRlDSOYyrJbA/0',NULL,1,NULL,NULL,1510363763,1514259266),(81,'oyl_00LuLVYT7Qsd7vJbf3KWWlDY','述','WJ_H3b','',2,'https://wx.qlogo.cn/mmopen/vi_32/Q0j4TwGTfTKDctSic0u9pnhy5xuUNJcBNZALMm2tCP7ObnDthvlyFkFzcC5E2TbGOylfxecPssFRgIoVZpib66xg/0',NULL,1,NULL,NULL,1510363776,1511182157),(82,'oyl_00DjemumAMC5VXgWNpMi2Dxs','李玮玮','NjXmNP','',2,'https://wx.qlogo.cn/mmopen/vi_32/Q0j4TwGTfTKbw1197zEcg8mz4kAvNR4nia4vM2nh8wG6RzFRjf4dlqBiaZdBr2BAB7sKiaafJrmvbw3fuEmfpGOeQ/0',NULL,1,NULL,NULL,1510363776,1510366449),(83,'oyl_00Hfz4LoJwfZg8nsqHOnY598','大柚子','yC0eAj','',1,'https://wx.qlogo.cn/mmopen/vi_32/Q3auHgzwzM4ibo1q3DYTnicibtibAXNF9g4xX1bs8MTBBTibF1zjGpf5nxzJibRrNoTcOqHoMic0lPJz0vEVV5J7sJGnA/0',NULL,1,NULL,NULL,1510363777,1512527145),(84,'oyl_00Hb848Wc5gbJWybo-WbsE4g','晨','YJIfS0','',1,'https://wx.qlogo.cn/mmopen/vi_32/Q0j4TwGTfTIRibt3ibf26Fx7ibBxhsAtHEZ2HIdFVVTNzlPe39p2FXXUhRk79esS5b9PPBCKfW1b265TzuwgiaWtYA/0',NULL,1,NULL,NULL,1510363779,1514126146),(85,'oyl_00L_cCzcyJk2oVtXatnX7BWw','张振铎','Fc6iIb','',1,'https://wx.qlogo.cn/mmopen/vi_32/Q0j4TwGTfTLTc7AzUyqH2X21B0rlhY34j0o0z88IQ4eePFYmiaPTmAWw62pibp2DRQ57eAndIiaa2iclUvFuAgiaSog/0',NULL,1,NULL,NULL,1510363803,1514371376),(86,'oyl_00Gdu2Yo-a8La0RBr3CnlKg4','酸酸果','jd8kxt','',2,'https://wx.qlogo.cn/mmopen/vi_32/Q0j4TwGTfTIibwnsrkicXwgL4bzibicR0WQUiaIciamQbl7Qq9bI1FPM0LIOkz3BBSo6YJgRhG8lJeOYvkEso0n8BGlg/0',NULL,1,NULL,NULL,1510363812,1510367722),(87,'oyl_00KTwHQqb3rGQlpwVtFd__6A','李鹏飞','ydDx93','',1,'https://wx.qlogo.cn/mmopen/vi_32/DYAIOgq83ervDt6ChzgZ9y7e8G8ELsMAvkRPQfDf6T0ibiakiaQSjNWDVhA593CCBa3mhoicQTDv90UuiaxnD327I1Q/0',NULL,1,NULL,NULL,1510363821,1511443675),(88,'oyl_00KShUuKTUPFOc1BawTYIso4','牧似水','dU2XWO','',1,'https://wx.qlogo.cn/mmopen/vi_32/Q0j4TwGTfTIVQxCpuv4yy7NVujm5MM6UicvUDRlX5bzZJh7bibnicy1QQXobdGibicBSE7kBqToibtrPbFw2UYJeNzEg/0',NULL,1,NULL,NULL,1510363857,1512349495),(89,'oyl_00KU52zPrBzTEhAFDUJVBKZ0','微信昵称','_F_fGw','',1,'',NULL,1,NULL,NULL,1510363882,1510363882),(90,'oyl_00CPYIX1JmUOkEGoag9US_Fw','xujing','n0iSDr','',1,'https://wx.qlogo.cn/mmopen/vi_32/DYAIOgq83epibZWenherImzz8j7QtPC53JjOGDCqq4E53W5NiaRiaiasqUmic0O1QhZMgUw42NQuLwFeTvTCiaXmE8LQ/0',NULL,1,NULL,NULL,1510363885,1510368999),(91,'oyl_00FhBwg6OO6PT6-mnFI55uz8','微信昵称','MWNxSV','',1,'',NULL,1,NULL,NULL,1510363890,1513433906),(92,'oyl_00PTxlxW1xv9eFzNB_ZMbL3Y','任卫平','aHirSm','',2,'https://wx.qlogo.cn/mmopen/vi_32/Q0j4TwGTfTJ6ia7shnShsFb8wfwYRk54Pic5z2m2Uyib0rNWCyXunxz8QVsDJWulE1B7zpJyHYMiccrdyX7Zn1aaMg/0',NULL,1,NULL,NULL,1510363918,1510546291),(93,'oyl_00NAToD6rqtIsoXCRMKUA4P4','微信昵称','j1hCmd','',1,'',NULL,1,NULL,NULL,1510363970,1510363970),(94,'oyl_00OB6xj2cMKy1n1Btz3YpN00','小岳','eEWMva','',2,'https://wx.qlogo.cn/mmopen/vi_32/DYAIOgq83eqopWdsLjejrXfqsGygjy6BRnxTnSAS7lVHUrFJoHPST8apblX3rcmlz6HqvJGnDUa83eL18qfMLA/0',NULL,1,NULL,NULL,1510363984,1514422846),(95,'oyl_00EsiumFovfvhA5cr1_PRkl0','微信昵称','ysmB0G','',1,'',NULL,1,NULL,NULL,1510363985,1511311973),(96,'oyl_00JIhlclT0w27dpAFI7M1NQo','董超','T77fbr','',1,'https://wx.qlogo.cn/mmopen/vi_32/zcWSPKZyf07nOopjJAH3ibp238Qv9L6Xh17mVz4wBX5Cj9PC4obBC36ZUTvveRdzk90VzctQjxHavX9xlY9mn9g/0',NULL,1,NULL,NULL,1510364025,1510364943),(97,'oyl_00D3a12UCsN_8MUe04XN-8F8','LLL','fenvlc','',1,'https://wx.qlogo.cn/mmopen/vi_32/Q0j4TwGTfTJPgqScNyIdmYYH2VUicb8icHuzquzg5m7CBfMT1I6x8BSL69jQSyf3N8MoKia5kT85z4AAF1tEwsSbg/0',NULL,1,NULL,NULL,1510364036,1512394312),(98,'oyl_00A_c3gjJS2_Oml904FyxXBE','凯尔张','r7MITF','',1,'https://wx.qlogo.cn/mmopen/vi_32/Q0j4TwGTfTKRRBkJzv81yfWIY3sRqzEgIMy7lsWiay0lUWQ9Xrga1WEyYSTldR82GbLJ6qZb65q8PHRISfApB6w/0',NULL,1,NULL,NULL,1510364054,1511850728),(99,'oyl_00M2ZWGJn_wkc17BHx5hr-YY','刘羿','NwgXZV','',1,'https://wx.qlogo.cn/mmopen/vi_32/DYAIOgq83eq3ibR2D2tNYjicSuTKlA4oUHbWAuyosibUqa1sBuGjwlBfE8rSN6TMriblwiaL243FBtsibTdhphLZBibGw/0',NULL,1,NULL,NULL,1510364054,1514273433),(100,'oyl_00MVUjCdBLh2985hRKwdsw4k','葫芦爸爸','BU9tVO','',1,'https://wx.qlogo.cn/mmopen/vi_32/DYAIOgq83errBpD7xupeqTibKrVEAibAiarP78PSRGEgDuVwJw3tcBia7psK8sK1sPG82B07tABfuXCvKwoP5EMahA/0',NULL,1,NULL,NULL,1510364060,1512059427),(101,'oyl_00FxkeBJNa7nCSEVFRs_czSI','关口桑','zSfmPA','',1,'https://wx.qlogo.cn/mmopen/vi_32/DYAIOgq83erJp9oRibphIC847icfePlH2jHZuOdQiba0HgBdicFDyqI1gkicOpPpRX0CCusuZKkUfA6hQv5wsfEHvLg/0',NULL,1,NULL,NULL,1510364088,1510365174),(102,'oyl_00J1wpZMYYyQX66LnhJMBI5M','DNA','vYeE6B','',2,'https://wx.qlogo.cn/mmopen/vi_32/ajNVdqHZLLCHBWhKSr2Rb2mcwNL6j7w7AFEABlVibYzfV2fXLOTEPSdgaM0GkQg4f7icpt6byHQyFfydRGZrdPdA/0',NULL,1,NULL,NULL,1510364110,1510364229),(103,'oyl_00JjjiYzJbS1bz8KsWM7-W_o','风清扬','Hn8tdg','',2,'https://wx.qlogo.cn/mmopen/vi_32/Q0j4TwGTfTIASExc1kXzhlelut8Lyhotq7kw2oOJsCibicWia2C9OSTJnWIglqSq0qNhT4ydv1UBNTghfORiaRxg4w/0',NULL,1,NULL,NULL,1510364111,1511598431),(104,'oyl_00F1OBKxa0xkZPoD7Dod6K2k','my','AUZse5','',0,'https://wx.qlogo.cn/mmopen/vi_32/DYAIOgq83errHypG6kuO0Yxic2ibic0zrhiaNXcWPTLZCSPHsSQKn2eMC3BWj9M9LcbvGgm4cdY5KK9zgib5AQiavoDw/0',NULL,1,NULL,NULL,1510364165,1510365714),(105,'oyl_00EKvQV2z4Y5RBkzR9E76WHs','叮铃铃','fAQPMI','',2,'https://wx.qlogo.cn/mmopen/vi_32/DYAIOgq83eqsIOSs9fop7KA7nFX8pF1DxbK30wxEaMALm4IeKsBeCibj2JwkHBb3La6q7HcsKRxrSjuiahIf4cKQ/0',NULL,1,NULL,NULL,1510364169,1510368526),(106,'oyl_00OnSXifgprWc7xqj6G3ALS8','滅世炙天','k3ukS6','',1,'https://wx.qlogo.cn/mmopen/vi_32/DYAIOgq83erItQs1ZyHSgu9UfUnia51nWfkfibyAMAIYVBvJdnAibMO46NbJno34VIyFyuHT302uibicCZE38R4ibgQg/0',NULL,1,NULL,NULL,1510364174,1511613990),(107,'oyl_00JmboedDUOhb-AedePS2yPo','孙小丽','kH4t_6','',2,'https://wx.qlogo.cn/mmopen/vi_32/DYAIOgq83erGg0oe1G3vBHQFVIBQqWtqbQDtVluAW6L9NVpp1vFhDHOMqAfvsRw6HibibxVxtuprEptdA7iaT9odQ/0',NULL,1,NULL,NULL,1510364178,1511878110),(108,'oyl_00BtjA5-y750NlP_vk0x__CM','orchid','i1cxS0','',2,'https://wx.qlogo.cn/mmopen/vi_32/Q0j4TwGTfTIia8vDXHVeygVyib0wcib0002ohnZp6stSefE1xZd5MGtZ9jEy0wWjIyXSJUU2iaicJlG2lppXYKXFJDw/0',NULL,1,NULL,NULL,1510364207,1510365839),(109,'oyl_00DAdpcSEucQGklNN6KXfrbw','Bellaspring','r4EyOR','',2,'https://wx.qlogo.cn/mmopen/vi_32/Q0j4TwGTfTIFPPQHJ54QtIhia28POeT7VBLcibVvMtvChvqMFrvmq9XyobMPyfVkA0iaN6yauCib4R79Uy81YSfBag/0',NULL,1,NULL,NULL,1510364292,1512042328),(110,'oyl_00Ge6NNpDEpi1ngAtrgtw48g','徐','GO-_wj','',2,'https://wx.qlogo.cn/mmopen/vi_32/Q0j4TwGTfTJB7XmFBtVvE2qRXAsrVyiaI7gIibejrMphsSH0KSWWdsicPjTy3kS2JxqaibicfSx5405Iw9YuiceAp5FA/0',NULL,1,NULL,NULL,1510364308,1510365472),(111,'oyl_00OUefd6l3fe3P4kzVwHoPNw','苹果','0wBo_2','',2,'https://wx.qlogo.cn/mmopen/vi_32/DYAIOgq83eq44rJS9uHu6ChIm0EicINQYBwmiaCFeEJRNhkRibPqBOdOkxKwoYTzV1ZaLJLRmm6svteGk8eWUwjSQ/0',NULL,1,NULL,NULL,1510364387,1510365851),(112,'oyl_00AoUHwfKn7XdcPIEK3IFzwI','微信昵称','uqdDDv','',1,'',NULL,1,NULL,NULL,1510364388,1510364388),(113,'oyl_00LOWsz_UjPbYFF-_KwNhuQQ','卖老板的小烟机','bHb0gt','',1,'https://wx.qlogo.cn/mmopen/vi_32/Q0j4TwGTfTJv7mrQiaUKdC3ib1icN0qB4Jiafsr4cVOl2MsVTZic7176Aw7GEbtsWO5eTA0CPibFqnpVOVuOTP0H7CGA/0',NULL,1,NULL,NULL,1510364412,1510364412),(114,'oyl_00CK_lJ7wXZyjCGfdSlu_QrQ','微信昵称','w9cS5O','',1,'',NULL,1,NULL,NULL,1510364462,1510364462),(115,'oyl_00C-fEHYU5OmSk5F-Ft61bwI','影￠少爺','kge3Ae','',1,'https://wx.qlogo.cn/mmopen/vi_32/Q0j4TwGTfTKG4htvGW4UeMTX4SD02sbVPrCtbrXic2N9neVoe5aq7jfTQiapP1MnmdmToGCzPOvq7lftEUL4EbuA/0',NULL,1,NULL,NULL,1510364512,1514258710),(116,'oyl_00AnKDTgti6V93miKT6M49kw','nicholas','ph9s5_','',1,'https://wx.qlogo.cn/mmopen/vi_32/Q0j4TwGTfTLEZhamDPlncW5S4uY24n5rghmrjAG69ScOLrSopZJ8Y0hexHKc4djbqnFSdB6Q52Kic7icxBRgAcmw/0',NULL,1,NULL,NULL,1510364529,1512127813),(117,'oyl_00MvcKKg33Of-7jKtzUZykMA','海尔总代理宋春敬','ebw_BC','',2,'https://wx.qlogo.cn/mmopen/vi_32/Q0j4TwGTfTLIa5fuAmBbaIgibW1lJdAvic5tWJ44icEzibOaW3iavl7NsKT4cMEASplv254UYgO7C1rtQMfNzGR66jw/0',NULL,1,NULL,NULL,1510364611,1514449502),(118,'oyl_00G4fN-DSYT8LD6TecKWsZ1w','微信昵称','NcEPKI','',1,'',NULL,1,NULL,NULL,1510364820,1510364820),(119,'oyl_00GDHcZMgnPRFXa3a39Xxp24','微信昵称','b7HpUF','',1,'',NULL,1,NULL,NULL,1510364858,1511513217),(120,'oyl_00JHDx6vGDoIkYiDwRwADCyE','tony','GQ12xa','',1,'https://wx.qlogo.cn/mmopen/vi_32/b63sVx3lZZXU6VGfLr83wY1ib0hkibqibQeRl3CrGoA8uGmtEGlavKu3ntNbdr9ucRmD2icj8UwiaPZwnboOf7BGjWw/0',NULL,1,NULL,NULL,1510364868,1514307859),(121,'oyl_00D6YLc94_ploQcEDoHT4_vo','陈良凤','0HzRNw','',2,'https://wx.qlogo.cn/mmopen/vi_32/Q0j4TwGTfTIrgNuQ4eJnbkzLvaPWSKqKLDrD5vlUozMvTVtUB9zicMTBXzcLAdZnt5VEQW0bDGKKLiauxSMNgEXg/0',NULL,1,NULL,NULL,1510364954,1510369006),(122,'oyl_00GsNeW2olOODkI4-xMBA34I','刘天让.字陆枫','KfI3FR','',1,'https://wx.qlogo.cn/mmopen/vi_32/DYAIOgq83erUxZpIE5QXcKPA0Qx6wTbdLMTTvcm2ZHrq2kgQMiaKfgyzvXm4N86vpYBSDV4LjfDF2pGm2ibS1Whw/0',NULL,1,NULL,NULL,1510365388,1513136650),(123,'oyl_00FWTv8s9-D6n_T6duzR_5XI','早晨的阳光','drp2K9','',1,'https://wx.qlogo.cn/mmopen/vi_32/jjUgO8JDJHTl3IL4ntcYW3hnNFNicwaKK7tUJ3NI4lM3mDo4rIb6XrMs6FQUokBbxKp3TwuO0NycAtqNkhsOic9w/0',NULL,1,NULL,NULL,1510365389,1514262262),(124,'oyl_00H8mWEVFJCxIP_bPUHI07TQ','高山','p5eAHK','',1,'https://wx.qlogo.cn/mmopen/vi_32/Q0j4TwGTfTJQsaibRYLJjspYg9WiasJrFj4XUTPu0w77ibx23ichGXXZc0NQcvvm8EibZAlyK2A9jemUNxJibsBu1HEw/0',NULL,1,NULL,NULL,1510365393,1511272595),(125,'oyl_00HFoi4foSyHZberqrd3tJcQ','小武哥','ZBo2UJ','',1,'https://wx.qlogo.cn/mmopen/vi_32/Q0j4TwGTfTLiaVfff0GWD6yCicUZusTHwMskcdNVI0UXib9KMaVY8ZGHic3qnnrB6MwuaSws3IQa9j7r7lcavkCbpA/0',NULL,1,NULL,NULL,1510365426,1513403369),(126,'oyl_00Ete4llUZNsqFGekgMuURZU','September','K2TR9A','',2,'https://wx.qlogo.cn/mmopen/vi_32/Q0j4TwGTfTLN3K5NYXcvhmvSRKaQUtovs2ibzLTdJEiaeNNpicw2VPhlia2tXg3Mf8hC9icSLuSNJCcroJXpQdzSw8w/0',NULL,1,NULL,NULL,1510365455,1511187750),(127,'oyl_00NM4u-lVZg06H8FFTlk1qRI','琪花瑶草','bM5QBa','',2,'https://wx.qlogo.cn/mmopen/vi_32/Q0j4TwGTfTIfT8quy2V8eLeTGNsYnyENWWOic7Q5Yx99bCqNw3InSTEh98ibtuCgibBIOWSE4oPfibAsXZ7H0QiabpQ/0',NULL,1,NULL,NULL,1510365497,1510546200),(128,'oyl_00BpwLXquFDWy-trilutAiZE','甜MA','AbihU2','',2,'https://wx.qlogo.cn/mmopen/vi_32/Q0j4TwGTfTIG37q83MibCicib92ia3scOGu6iaTa0tRKMhtQREnjkuIfINLKicWzkpscWFHy0AXUcmAuBkOMMBibmK0icg/0',NULL,1,NULL,NULL,1510365506,1510723524),(129,'oyl_00FIMXqzAdCsGxy205ckebe0','陈科研','nAHb9k','',2,'https://wx.qlogo.cn/mmopen/vi_32/DYAIOgq83epviaA89kOCaQAtLib3N7G7JH2N59WO4eJbrZHhX8pgNTaQ5aLKM0gDht0DhHjy6ib37yHiaaxLb59icUw/0',NULL,1,NULL,NULL,1510365509,1513912112),(130,'oyl_00LZGPeF_mqKHSc9w_NlXuQg','微信昵称','qRq8WO','',1,'',NULL,1,NULL,NULL,1510365887,1510365888),(131,'oyl_00IAGJDqKtwayxMoysZ5f1xg','然儿','StI1vn','',2,'https://wx.qlogo.cn/mmopen/vi_32/Q0j4TwGTfTIJzTTCtibjCPSqQfsFTJ8Nh8RVd4y9TGQ5yDToqic9ibAh5uSygEQ82ibuhJHeBJ87AzicS3R7n7cwMCw/0',NULL,1,NULL,NULL,1510365908,1511958879),(132,'oyl_00Jm22YuE6tJtzMlOIe0IYpw','微信昵称','NJRR3i','',1,'',NULL,1,NULL,NULL,1510365967,1510365967),(133,'oyl_00FUimPhXJvBcAz9w0RWsJH0','幸福的尘埃','YJ5Wij','',2,'https://wx.qlogo.cn/mmopen/vi_32/DYAIOgq83eoqm1yAN766g9kc7jjnRibd4kxUNgwLzU2PZdicibl7wyg0xicFDqezWoicqB4Nmxjz2RvCeGDicyITpOYw/0',NULL,1,NULL,NULL,1510365998,1510368545),(134,'oyl_00Ckmd4S4kZ8hY3RIlYLt9-8','微信昵称','cMHKD9','',1,'',NULL,1,NULL,NULL,1510366091,1510366095),(135,'oyl_00GvbUrRFdc0GlJ8gMahHFsA','Is. Nan','piSdOc','',1,'https://wx.qlogo.cn/mmopen/vi_32/DYAIOgq83erkCVlic6jKywoMOabZlxibyXXicZWdWiamhSSTR4LQxWaCSdwPiaDoGwRBV1cmDRrSKw3JTbzc4WFNiaDA/0',NULL,1,NULL,NULL,1510366236,1511959313),(136,'oyl_00Gak61oTaRB-Xg_Bmcz4lAI','雨丁','EkeN_h','',2,'https://wx.qlogo.cn/mmopen/vi_32/DYAIOgq83eoC7JbNK8icKJ0Rv8CHK8G8V4k6bxPZ9mWEfaGf5cVeuiccGqdKmuw30rfjWsJ2ciaLJ2EvMdwa97ibzA/0',NULL,1,NULL,NULL,1510366238,1511587319),(137,'oyl_00BS3Y9F4pST7CZu6wXyzsDw','微信昵称','CmKqo8','',1,'',NULL,1,NULL,NULL,1510366272,1510366410),(138,'oyl_00NnnjJMsDxzRFTNvHSUyh74','文轩','CHPDof','',1,'https://wx.qlogo.cn/mmopen/vi_32/Q0j4TwGTfTLciaNuBUPibZNbBSJz4YZ8bhIicEfRraR4KTKicP6ib5z2Gygl5NWYT3icWnib8WIMvKMjcr0618sy7NWdA/0',NULL,1,NULL,NULL,1510366455,1511178337),(140,'oyl_00D_rxKmvPzUTlWGqH4tXwrs','微信昵称','HEdn0j','',1,'',NULL,1,NULL,NULL,1510366465,1510366465),(141,'oyl_00CVdTL4tSLG7jDrLBjx_1Bg','芸','d-OYrF','',0,'https://wx.qlogo.cn/mmopen/vi_32/DYAIOgq83eoml2bq15cLP1c9Hzg94XVQzAQr3ZMEIcypJxXgW3KkBqcKiaXWuJ72xKcFPJBN5xBHBKCdloKL31A/0',NULL,1,NULL,NULL,1510366470,1514172058),(142,'oyl_00DlQRii1b6OaJzF8aF6men8','','HhpZ6X','',2,'https://wx.qlogo.cn/mmopen/vi_32/DYAIOgq83eqks5UGahZtWDGlOFWlKXicIDbX8hHEXqkoF04zWicpGCKBBdCk7TsZYNorFnMzI8PdUW2r3ZY4VP1Q/0',NULL,1,NULL,NULL,1510366544,1510389076),(143,'oyl_00JWMvTMsc9BzO4w7PvaSrIo','德国都芳漆','XREl67','',1,'https://wx.qlogo.cn/mmopen/vi_32/PiajxSqBRaEIgWGefC4IxZJSnTgrQiaqvmKETqJX32K3Hhb6ic0SicmYgTBtxOsCJ1QUxVKdQvcJrcGeycm9oBYQwA/0',NULL,1,NULL,NULL,1510366740,1514428111),(144,'oyl_00KrFR-EFlw03d1Yr2FrLCX0','微信昵称','aOt-xq','',1,'',NULL,1,NULL,NULL,1510366825,1510368368),(145,'oyl_00AnwE0R0NA9jpKLvMGTJ_mM','微信昵称','UG-Pt0','',1,'',NULL,1,NULL,NULL,1510367085,1510367086),(146,'oyl_00LLRFnyhnRCzK3ob7OhmvJA','微信昵称','IozI4X','',1,'',NULL,1,NULL,NULL,1510367106,1510367106),(147,'oyl_00Ahm_n_Pqhie_aEvQfK7aA4','曹','VYkup2','',2,'https://wx.qlogo.cn/mmopen/vi_32/Q0j4TwGTfTKwggr5yqUvJUlZZdv8O5WDpRAorDTrFibTibFo33taiasCdl0lNIuRBqdZEzY25CGSMHwJVBCWKedTQ/0',NULL,1,NULL,NULL,1510367301,1510367495),(148,'oyl_00MGHMUC_zM8GyUnhEeDNsmY','逸绣刺绣无缝墙布【米凯尔】','UNbDSp','',2,'https://wx.qlogo.cn/mmopen/vi_32/2AohIHs7kPbLBHcgp1VVeVlLmIrO8sjtvickLeGqrGzC6VQyPO025LPqjKiaZ9XqzVSKK9O80oy7qOibCiavfWrw1w/0',NULL,1,NULL,NULL,1510367682,1510367682),(149,'oyl_00Ht7lEWLOjR35ZDNqasIANg','A小彦','QUJe8e','',2,'https://wx.qlogo.cn/mmopen/vi_32/LCniawWvmcNibIgNTj8qVUNQehibQtLOCRhLXoMOaoUZjZbHopw7icErfHX8BR9hdqscKkB09zoMaz1z0GOJiaHsFFw/0',NULL,1,NULL,NULL,1510367785,1510368650),(150,'oyl_00BSlKYw4CrifG17g2uKLivQ','微信昵称','yO1L3W','',1,'',NULL,1,NULL,NULL,1510367905,1510367905),(151,'oyl_00AM0I4STQb-_xxJ6RlLDUyM','Diane','-frY8Z','',2,'https://wx.qlogo.cn/mmopen/vi_32/DYAIOgq83eq1IPsiaRl4HmWnKWXbQwuu7kN3gF1xa7BVAAY4sB9DOqmg85JYZdnYibyv9yWbyQGwmBicjfcic5evxQ/0',NULL,1,NULL,NULL,1510368357,1513576567),(152,'oyl_00BkpKBbjG_qLiL7RKss9nlM','微信昵称','QD4oaf','',1,'',NULL,1,NULL,NULL,1510368565,1510368565),(153,'oyl_00NQh7eqSju-KZPa_-L6iBQY','孔勇','t4Uag2','',1,'https://wx.qlogo.cn/mmopen/vi_32/DYAIOgq83erDeXaJWUyFk0n1PA8j0DvyicaGiaoOu86pG4MSQtdD66ibkgR3cXUvPCdzGk0IBVE1jaicAicP7HL1REw/0',NULL,1,NULL,NULL,1510368985,1510408615),(154,'oyl_00HvC_6N6IgGATyev64fHflY','闫靖涛','VD6knv','',1,'https://wx.qlogo.cn/mmopen/vi_32/Nwt7LpBz2eTKblwINcYXQOrfYFXM2JrWDxAWSrElT0icmvR4jsJC1dOwmJ6M1hTR0QSZ6Nbbib2RvSIibF1btFApg/0',NULL,1,NULL,NULL,1510368987,1510642778),(155,'oyl_00Ahqd5F4QBkEW2oC9XTy0nU','彤','WU_FqO','',2,'https://wx.qlogo.cn/mmopen/vi_32/Q0j4TwGTfTImHGqVehH69zzlu4pdjCBFPbLRvuu4NF87Xw5I0LKCUAr9VuqJ05SFwVZndwL1sMIejpFXYwy2tg/0',NULL,1,NULL,NULL,1510368989,1510368989),(156,'oyl_00IJ9GgZkXDLWusu_219MOck','张智文','NjWtoa','',2,'https://wx.qlogo.cn/mmopen/vi_32/Q0j4TwGTfTJVqiaBhSsOQkia7VD66zGqQNvFsz5BdKbjcJv68rINLmeEBsyFMK7UITnawu9N9Mel4LYpurDuv89Q/0',NULL,1,NULL,NULL,1510368990,1512101678),(157,'oyl_00G1Mj6j0oiAp6e9sILSRA2g','方向有点感','WnC1PE','',1,'https://wx.qlogo.cn/mmopen/vi_32/DYAIOgq83eoiamxicsicau11Bubib5OSY99NzUicY9x71TiarDEYy5oQeYdPkxesUK9icfHcg8IH2LpDuTb8rweCicZJqA/0',NULL,1,NULL,NULL,1510368991,1514286864),(158,'oyl_00MCRShotWWRtg0Ay5smb4F0','凡若可','npUMnE','',1,'https://wx.qlogo.cn/mmopen/vi_32/Q0j4TwGTfTLReFZCZAq539NFa1G16QXBdIUnblZdSKS1NpNnFKiblKb8LRZaUCkLPiaibmhG8Jn6zGlTzXjunJgBQ/0',NULL,1,NULL,NULL,1510368991,1510368991),(159,'oyl_00BsCEUTvk8gp2TQGN6CVC_0','你咋不上天和太阳肩并肩','wq6DeF','',2,'https://wx.qlogo.cn/mmopen/vi_32/yNiaZS0TNFIMeanhicfhmbuTOeLaMMSpI5pnRKjxwHrrBibXicibdt3k9zaicuT8QGxvyjfED8hvAm1ntmkq9aPNqLXw/0',NULL,1,NULL,NULL,1510368991,1510368991),(160,'oyl_00KdrP1jlpzWbSe9GHfl4HzE','微信昵称','WqxMOF','',1,'',NULL,1,NULL,NULL,1510368992,1510715513),(161,'oyl_00EKUjcWmHj79_TiKLNZcnVc','银脚大王','dzLg0z','',1,'https://wx.qlogo.cn/mmopen/vi_32/Q0j4TwGTfTItbXmibq77tIDPnLevSoD43HaFfsYQspbTmuLzXOKH0E7PaVYGoibxT3fcyVvr2meZXtiaBibpojsEkg/0',NULL,1,NULL,NULL,1510368992,1510368992),(162,'oyl_00F4DV9ampYSqVeiSu_cCo5E','丹丹','EQNZok','',2,'https://wx.qlogo.cn/mmopen/vi_32/Q0j4TwGTfTIFfkvNJdia6nNkk0V4DiaFl0yWyumeG1VL9nFuHicsDkiaVibbgmhXO5lQwVoXvibLVp572VmkCUmM3yNA/0',NULL,1,NULL,NULL,1510368993,1512009479),(163,'oyl_00Lh2Gmrt7z7GWhyiZZtwC0s','微信昵称','vfsYo0','',1,'',NULL,1,NULL,NULL,1510368995,1510369078),(164,'oyl_00PFDJUVGgiliQE_cKNa-iqY','落叶乔木','UzJMlC','',2,'https://wx.qlogo.cn/mmopen/vi_32/Q0j4TwGTfTJuMT3ZicYDx7TQ5WVdcrJNY6YfTSdP3ljbRtTvic7sicko1hrC9lc5KbH6ibJQyEV5ibKstgnVUokAibFQ/0',NULL,1,NULL,NULL,1510368996,1510368996),(165,'oyl_00PSikj_2mynvs2hltn9c8Ac','陈淑琴','xTry2v','',2,'https://wx.qlogo.cn/mmopen/vi_32/Q0j4TwGTfTL03jMSeNOuwGTISJr0sqgibc5icyGLU0ThfpQW2eCfJwujWJeatjJNAszPTbe5dILegwpJ6krVAWVA/0',NULL,1,NULL,NULL,1510368998,1510368998),(166,'oyl_00MIhebWltO-ZCpPsyHuAoCc','子木！','gmPcs3','',1,'https://wx.qlogo.cn/mmopen/vi_32/PiajxSqBRaEJEt7ljVGoKRGO7moFNDhPaO2Syzn5J3WJz1AhjJmflSHibFTNoKUsxCky6UyvbCCyb051NnicOC8iag/0',NULL,1,NULL,NULL,1510368999,1510801931),(167,'oyl_00HAaEIgh0cwaWFBykn3XrDw','ପଓ*晓佳','brUhPz','',2,'https://wx.qlogo.cn/mmopen/vi_32/DYAIOgq83eqkuwUud6jJrpicNek2ks8KNTGn2dlKDWfQC5rScU4RCo51XRbZSfZmZL54OKzDjYSz87E6gl6bwJQ/0',NULL,1,NULL,NULL,1510369001,1513603116),(168,'oyl_00PVREXNBkWIKuR96E8ePS7k','张兴起','UNMkNA','',1,'https://wx.qlogo.cn/mmopen/vi_32/1gzC2R9J7FiaBnpKBicyBlQhRjpmYIy95RzTnt23SFSZnibsPdpG1YAicLJaG2a71tKBwdkH14oOCargLPibibeTFabA/0',NULL,1,NULL,NULL,1510369002,1510369002),(169,'oyl_00Ae1yRuppQx-l_LPho6X0-Q','微信昵称','eWLG3t','',1,'',NULL,1,NULL,NULL,1510369002,1510376567),(170,'oyl_00Jybcgb97xnMECf4lQfHvKQ','merrynana','H3BFRE','',2,'https://wx.qlogo.cn/mmopen/vi_32/Q0j4TwGTfTLp1nXU5730M59a4wtC91q8Vj8ib1rYlicuNH3V0Ix2gvDmFKCpa0gBAdEWS9YOAneuMcT4q3mCtsDQ/0',NULL,1,NULL,NULL,1510369004,1511168470),(171,'oyl_00KPLW65cZ_mJFbyTCX6I5OY','微信昵称','cQ67_p','',1,'',NULL,1,NULL,NULL,1510369004,1511416276),(172,'oyl_00IDDpOpRXz7Z2S_xA7snm3g','解功','n11rxd','',1,'https://wx.qlogo.cn/mmopen/vi_32/Q0j4TwGTfTIShEFeL74RmkcQbTWQOLibFvGhYYEhExY1V1iaS4IuSEKhbYA1L7Pic8z5LVTV6C66CbVv4jAiafcNRA/0',NULL,1,NULL,NULL,1510369006,1510369006),(173,'oyl_00DRQR3u8WwfmRTa7QRmjSMc','无名氏','Hmf3kB','',2,'https://wx.qlogo.cn/mmopen/vi_32/DYAIOgq83erPCpngk9Lx3FxozfiakwnhSsBLYPibiccicLLfMzYVEribpfm2QEIpSyE1Qq0b1p8dSzhzLu0LymicefFQ/0',NULL,1,NULL,NULL,1510369006,1510369006),(174,'oyl_00IHsduU-DX63SdeXF1V7cX4','gk','drsk3y','',1,'https://wx.qlogo.cn/mmopen/vi_32/Q0j4TwGTfTKvia0T20ibnAAbGWfPSNej8tJOBQewibAszg4te3ibWOlWrNl4sxnODmMoicEzD3wORgIZkF84A7WfxicQ/0',NULL,1,NULL,NULL,1510369009,1510541918),(175,'oyl_00GBGfPhrIa3aRTRogkGjJIc','微信昵称','Lqmoif','',1,'',NULL,1,NULL,NULL,1510369011,1511173165),(176,'oyl_00DmUDU5nK2jVswNCVvqgzDs','微信昵称','pAHDQZ','',1,'',NULL,1,NULL,NULL,1510369024,1512913032),(177,'oyl_00Lfh0oFV0JCIxWdKRFdtkFQ','烂苹果','vXqdjt','',1,'https://wx.qlogo.cn/mmopen/vi_32/Q0j4TwGTfTIe7yHnWicwjxe3MsZh2bTicIuX9mnrWpKvj9piaZfu415U3gIal9naXBSoF8ctFAf72xvEE2uicys4dg/0',NULL,1,NULL,NULL,1510369045,1514340200),(178,'oyl_00ARlUMBvlAJGJAus4uD4Rt0','忘忧草','463MPw','',1,'https://wx.qlogo.cn/mmopen/vi_32/Q0j4TwGTfTJHblHJ5ln3ca2Jicz4sy6PD9QldibiayDIOrpLBuY7zLV36jO2BhsqrfUe1FQf7cwTwssmTDOwU5piag/0',NULL,1,NULL,NULL,1510369054,1514255617),(179,'oyl_00PSO9DqRglvc4jjpiDk0mmI','钧乐宝','t--vo8','',1,'https://wx.qlogo.cn/mmopen/vi_32/Q0j4TwGTfTKdpkticRhiakFnZ7PGKFUebWvpCkaaZ0cNksQjUsayNzKe7CYX3emANITqJadA9C4wXcrY1mK5iaoVg/0',NULL,1,NULL,NULL,1510369065,1514261076),(180,'oyl_00FoeXU-zqv8TxAxJYLIaIEU','常海成洁净新风','hGXSz_','',1,'https://wx.qlogo.cn/mmopen/vi_32/XtRviaT0jQ6mDRwJEUeicicuxTjg0d2PsHlabYWjVg5K0o5iakjI1V18aDWSDZgX34zIOWkE5wDsqBUY0Oesic9uMpg/0',NULL,1,NULL,NULL,1510369563,1510588760),(181,'oyl_00GKHYFdpn2Aahw0RAmm85X4','cleapatra','a_w1fv','',2,'https://wx.qlogo.cn/mmopen/vi_32/Q0j4TwGTfTIOzMhSUEsHKgicOhgAygPt8xiaIJxDaJvwia0zjeL7R52glkm4GXZnEicvGQWpicux3H20BHISGkicvhgg/0',NULL,1,NULL,NULL,1510369585,1514130097),(182,'oyl_00OY3yrcCwWrGpkGpPoaueQ4','J永胜L李','z2mI89','',1,'https://wx.qlogo.cn/mmopen/vi_32/Q0j4TwGTfTK7IdBDXwAHfhMx4icVbjwyncrlCdOMJ232sskHSWVOvHADjHMYEJAxMTDQW0Lia55fXm9oQunFyUBA/0',NULL,1,NULL,NULL,1510369637,1510369793),(183,'oyl_00K7KmHD-sIvXQJiWiZnwIF0','美国艾肯净水～杨康','0xRYoL','',1,'https://wx.qlogo.cn/mmopen/vi_32/DYAIOgq83eoXiaOROtNofnMUccuORsDteibZWoJOJXU9qpZaicJY2ViaMd5Uaicd8VadjkCHtw70sO9m00v3icEB0oHg/0',NULL,1,NULL,NULL,1510370436,1510370436),(184,'oyl_00Cmz2lFAfxv0TbhyfDjTVD0','星辰','SrBlvC','',1,'https://wx.qlogo.cn/mmopen/vi_32/DYAIOgq83eqZq4IhM5ndvdFa22t7SCZ10vkalR4NUnRp0EkW5yb8Yck3usHib9JVPH3GJrkhqWng7h2Sloh0WsA/0',NULL,1,NULL,NULL,1510370772,1510635291),(185,'oyl_00JWa2lCKKFx3XRQRrxD30C0','阳阳','VzeFD6','',2,'https://wx.qlogo.cn/mmopen/vi_32/Q0j4TwGTfTJicBwVODCZtA8H7mibQdFRTrY5VqnjqClHuDuicsqB6UKA2ZfodlD66UShZ5EoPXJaiaJWaQVw3v7A4w/0',NULL,1,NULL,NULL,1510370938,1510386339),(186,'oyl_00Jo-XLtr5y8uVzRpsn0yc2I','xuanxuan','DdsQpe','',2,'https://wx.qlogo.cn/mmopen/vi_32/Q0j4TwGTfTJlJf0evKOiala2HictI3Y29MJFL3c6QnSfJhe4zJCTYYDdibNg6cD7ic4v6nZibUiaVFjPlQ2Lia9uEqzbQ/0',NULL,1,NULL,NULL,1510371137,1511931750),(187,'oyl_00C6kNudqHQJS3Og7jxmy8c4','微信昵称','k6CAr4','',1,'',NULL,1,NULL,NULL,1510371170,1510371170),(188,'oyl_00IJHw6yU46haC-lHBhE5jK0','沙影','dnS80k','',1,'https://wx.qlogo.cn/mmopen/vi_32/Q0j4TwGTfTKI3fHdmF9EaBrMoNNwCHcE9icH122J4HghqT5TjpO91xuxkOYqticbOOEWLwzkDqw0qSGVRtjsSTMQ/0',NULL,1,NULL,NULL,1510372074,1510499898),(189,'oyl_00CasfLUJ5oO0Er27H1ZdhPk','王莉','w8WIoz','',0,'https://wx.qlogo.cn/mmopen/vi_32/Q0j4TwGTfTLALXb4ceugZ4K2W0TSOpVqe3fWIJ03YJnK4cZJLgQ3jHQcCMk8ephXkfiaszXNNmR151xuZDxfzsQ/0',NULL,1,NULL,NULL,1510372734,1510404752),(190,'oyl_00IIv6SywAbpoTzwHtuXEfY8','异人','AmAj16','',1,'https://wx.qlogo.cn/mmopen/vi_32/Q0j4TwGTfTKw4q9tnnUsTok5YTj6BnTe1lrmTygKAcTrciba9oumVCg1woI07jRIhmEgMNKhWvhlhypzNgV0m9w/0',NULL,1,NULL,NULL,1510372935,1510373053),(191,'oyl_00I0lCy2OPdShpuYS4bVLsDA','侯老师','u_SHl8','',2,'https://wx.qlogo.cn/mmopen/vi_32/Q0j4TwGTfTJkJLoUBOqPGOGQqNBuXdaCW8T02p5U3V5ibicBAibAl95KDBIw33GQrloPjftww9TTNnEl3Pga2iaHXg/0',NULL,1,NULL,NULL,1510373382,1510373555),(192,'oyl_00AyPtCJzIU77X3nKnWRZIWg','地康远大新风水电暖-阿晨','UwZ_QW','',1,'https://wx.qlogo.cn/mmopen/vi_32/Q0j4TwGTfTJXiaPiatVUnmw23TvMhwMvBibFZUjlk3Sc7dsZ8XLxiafTYJk2BG7XdzyW8hX38RTRo9MP423ic0qG4xw/0',NULL,1,NULL,NULL,1510373435,1510544726),(193,'oyl_00JShwj8bwcAJoXBlQ0-A4q8','wf','VsB6ab','',2,'https://wx.qlogo.cn/mmopen/vi_32/DYAIOgq83eqK4PLRvHQFLRiaEiaoo8TibADa9XxA1eRRr93JZO57ct5ibJkh8efo1wARf4ibATmnQ4Qe4qoQD5kwjlA/0',NULL,1,NULL,NULL,1510373441,1511413909),(194,'oyl_00A2OTyN2By3Ly1eLF2lk1dE','爱之涵','HXLwkD','',1,'https://wx.qlogo.cn/mmopen/vi_32/Q0j4TwGTfTLNbcjUz4Cia8iaJI6CotjeJEolBpAibtibBUJG5bEaXc6bxTqQyKrHY769KP56FbDDke1KKEH8US9jCA/0',NULL,1,NULL,NULL,1510373889,1510393441),(195,'oyl_00JS2AZs1Sx79splCwM0saSM','李春蕾','KR_4gD','',2,'https://wx.qlogo.cn/mmopen/vi_32/LDT9laVynfVcUxH3BBQfITHZtorNpYglpeNVl9avuAKcd2ZUZbYqiaVibYs2iaPaEc4pCTX8cD7fWNwVFFJ6KuKng/0',NULL,1,NULL,NULL,1510373941,1514428342),(196,'oyl_00L71f5IYl_mpCfEtIVgZjGA','杨锦-森林花园','0kpkEg','',1,'https://wx.qlogo.cn/mmopen/vi_32/Q0j4TwGTfTJzq3JJLsWqquvwlNv6Dd6RCpJEtPjPr9UYbgrxl0evN5YesYycMpN0qJoTicIoeHMEdPwRLGIqaXQ/0',NULL,1,NULL,NULL,1510374021,1512009392),(197,'oyl_00LOdghARpByloJwZdw-supM','王超','lngikP','',1,'https://wx.qlogo.cn/mmopen/vi_32/DYAIOgq83epWkFMicOqq8UgpDibWMw4oCPAIV7hOuyuuz9IPyS1eXOv9FaXCCw0Jhl0An7yKAqK8WsQc28Z9ldnQ/0',NULL,1,NULL,NULL,1510374971,1513424265),(198,'oyl_00CwhVamxto8zE-mzfJ_lJo0','','N2RdXi','',2,'https://wx.qlogo.cn/mmopen/vi_32/Q0j4TwGTfTLsblvibO6MnnVyWqVj7Yu0yIgHBoVmjTfDL7pC8RqlIJhBggjbHgibGtw7nRpicoicOiamb8sjuQZxlIw/0',NULL,1,NULL,NULL,1510375148,1514344166),(199,'oyl_00E_GBl2bLyHbyeTz7vTt7FA','- -。','VN7CX1','',2,'https://wx.qlogo.cn/mmopen/vi_32/Q0j4TwGTfTKguwzMoS8Bo9ic2NZbcia17wibwhLkL8rLduuiaic5o4jp4HpR6ObhfPtVPrJpGfW6lSicqiaDSvrwEicQmw/0',NULL,1,NULL,NULL,1510376932,1512531835),(200,'oyl_00HbwYwqFICzyEtzUFn7ORf8','维维','jdsOpV','',2,'https://wx.qlogo.cn/mmopen/vi_32/Q0j4TwGTfTItSGQRE3CwHq6hxaoqsNzIngPEdW1kW74hkicxGibAWpKyAsCMPj67aOenrFicyLnVpNkDABBEKEbvQ/0',NULL,1,NULL,NULL,1510378336,1514124001),(201,'oyl_00LZezIpQVFxr3tXRMaqEcAM','水龙','pw6JEu','',1,'https://wx.qlogo.cn/mmopen/vi_32/Q0j4TwGTfTK4EycykoviaNpOEj1jAjUo1KzyGoricYujEefDLIm9LNiccBCMicQLcXibbxVzOTROb1KSpia8sk19M6lg/0',NULL,1,NULL,NULL,1510379286,1511846945),(202,'oyl_00PT7gHEzu6Ob8ATcQHyngAo','高亮','n7i6nJ','',1,'https://wx.qlogo.cn/mmopen/vi_32/Q0j4TwGTfTJnqqVBe8KCL9PWcV8A0tJGIC1NH6fXlTD9k8ViaVmUKaBeNkibS3SG1pJutOic7HfLd2WViajTibH0aGA/0',NULL,1,NULL,NULL,1510379635,1513562501),(203,'oyl_00KMSxn5YGkYnTP14qZeJ7k0','暖阳','Axxr2u','',2,'https://wx.qlogo.cn/mmopen/vi_32/DYAIOgq83epUM6YMGgk051IXzVEAdkOFRlewfnrfm6gW7FNEl4cfuB0WkrkHiciaQ4nXW9ibic2Z5NdH9cxujrX3tQ/0',NULL,1,NULL,NULL,1510380050,1514430898),(204,'oyl_00BvGHcvuTJ9v9zxuKFGs2u8','微信昵称','Aqdd-Z','',1,'',NULL,1,NULL,NULL,1510380713,1512290330),(205,'oyl_00LaAs2tYy-N4z3ZHht1X5ow','微信昵称','VRmDAL','',1,'',NULL,1,NULL,NULL,1510380759,1511349155),(206,'oyl_00Ds2GI_IQSXpF8ef77XvUHw','A海尔智能家电胡华18301152246','T2QXPQ','',2,'https://wx.qlogo.cn/mmopen/vi_32/7LyEx6BLia4aJBIfjz3ibzia3mtnrWic8kHh2Ge6s57A2dbZ70Bnrgs2iac3Z8ibEmaP7ULFKzfjnL9E27DnLPHfPQJQ/0',NULL,1,NULL,NULL,1510381039,1514440068),(207,'oyl_00KX8wYssU3wUvlWLkDIIxqg','成败风云','RRd-W3','',1,'https://wx.qlogo.cn/mmopen/vi_32/Q0j4TwGTfTL5UU3jicxcWJSJjCTUJzFIjMpNE2OeQiaWfUuvibP2nyHLHnD9iczTyNuugPhu1bZWRvTHwvlIIbfiaPA/0',NULL,1,NULL,NULL,1510382145,1511788298),(208,'oyl_00CsAc5H2nfOu35Jmc19jCXk','卖吊顶的小姑凉','VsvfQi','',2,'https://wx.qlogo.cn/mmopen/vi_32/DYAIOgq83eqa7kGByNxS6oFXZSKWRZJEaypkL4hDca3rib5g7DTiaXPxoRxsyATdKlicue38RUKjqq3v7ewjHcFcA/0',NULL,1,NULL,NULL,1510383981,1510388374),(209,'oyl_00DxApHnqgAMo17wtvaeFKy8','振生安防防盗门～崔波17601682761','YW9frr','',1,'https://wx.qlogo.cn/mmopen/vi_32/PiajxSqBRaEILrSvuypbCLLia9J1T2VY7fmWTg4T95q7yzTl2jgIRGmKBDFxia86M98s6u2HKiaZbAVPf3HfibUY9JA/0',NULL,1,NULL,NULL,1510386117,1514440284),(210,'oyl_00BblD9NArTjvLjBcbZ4pjuk','港典门窗熊兰','ECb2Lo','',2,'https://wx.qlogo.cn/mmopen/vi_32/Q0j4TwGTfTKrqg7vsWXibaxNtNDxgl3HuaXUQ6Noor9YZJianm766LfgicIlWCygF31YTehyadcSH8E4Rb3n4iaeEg/0',NULL,1,NULL,NULL,1510387096,1511836515),(211,'oyl_00LwWeaxDcK_ohvBcHhhi1wY','A-振生安防-薄荷-17601682763','ETnT0g','',1,'https://wx.qlogo.cn/mmopen/vi_32/Q0j4TwGTfTLz44WGtTHNfE2PJKu6d9O2iaGyPGiaZfCseDq5XGiaic2hny4tLGl6kjdlDMnpDrdpS1dKcfAHc262MA/0',NULL,1,NULL,NULL,1510387282,1514175261),(212,'oyl_00P0kRi46WLGtDa812AntPOo','王宏','V5pcB3','',1,'https://wx.qlogo.cn/mmopen/vi_32/DYAIOgq83epppOIrNy2qIJwpezV0DKo77Vwuq64VCaNgem9icUWEpW8cEa1YibSicpqo9PXacy4sMbfCB5g2CO3Bg/0',NULL,1,NULL,NULL,1510388060,1514122032),(213,'oyl_00PslWB0be6JMLGEuXq3ORnY','昝','rog3WY','',2,'https://wx.qlogo.cn/mmopen/vi_32/Q0j4TwGTfTLYwuBnaOMibNeTkiaVWia9WV5lYU8AQZwDfsLgHoXiapstTnib1lbTKcoZU2G1icOVH5aIgkGK5wOGHKww/0',NULL,1,NULL,NULL,1510388683,1513317638),(214,'oyl_00K26YXBG9uEWU1AtR-sLhsY','杨秀华','wb6USt','',2,'https://wx.qlogo.cn/mmopen/vi_32/Q0j4TwGTfTIz0zKWLeiacvy5AC2REm5zr3akkxiaBkOAicAUAiaGuia2N1gIZf1p8YnbKMQVhF6Jbvf7BLS856EibiaSg/0',NULL,1,NULL,NULL,1510389309,1511160344),(215,'oyl_00KwLnqPObFFkUbs1yyEs2I0','sunmok','x78i4r','',2,'https://wx.qlogo.cn/mmopen/vi_32/DYAIOgq83erqiaY9Nw6dUtWrwicYnqk48BDh8gXldxRrxvAyA88RPa1N09tdChJVtpoacMlibum5cJaTb5U5vYicsg/0',NULL,1,NULL,NULL,1510389466,1511272459),(216,'oyl_00OJd8fmWeT8BWCmx2W7LXhs','欧派张玉新','t0sdBP','',2,'https://wx.qlogo.cn/mmopen/vi_32/Q0j4TwGTfTJZKq9Qxk0nia29ibfq67RsFdX5GHcfgcGeZhvKHFFuEaPa3XWzjicjaepaoEWG0azpnDHIuSZ25nmQg/0',NULL,1,NULL,NULL,1510389663,1511247093),(217,'oyl_00BkD-v6G4OdnyQTofJw-S3A','木须有','uXC8BY','',1,'https://wx.qlogo.cn/mmopen/vi_32/DYAIOgq83er1jJwibOa6oWUjhNDwH6SmS13iaqrYebPRSEwicPOKbzCyrB8TJCxTSsoD3rIy2z9vj3fcxDkibRQW3w/0',NULL,1,NULL,NULL,1510392611,1510545211),(218,'oyl_00G6xNGfeQT3fWlCI8wq-d8o','高兴','bk2FQW','',0,'https://wx.qlogo.cn/mmopen/vi_32/H9F7ickrUtxGyKzy5nncAWc4UvXibxdZU8lTzjTweVeCSuWeUwq6jMJSbSTlwrNwsHKwqtgfquBmianQC59z0Tg0Q/0',NULL,1,NULL,NULL,1510393955,1510393955),(219,'oyl_00GZ2CfcA826wj_zRS56fvJ0','艾米','cdbfzm','',2,'https://wx.qlogo.cn/mmopen/vi_32/DYAIOgq83ep6pyFWqLvP0dnHCqway7R6L0ib3RRmXQUI61LpKDzU15UibWo0gFkdg2cUkFHrN04o9SAIHbzR5kGQ/0',NULL,1,NULL,NULL,1510394766,1512737536),(220,'oyl_00LYHk8SNw8UzCAh_DjDN3kU','君君','G7TMKU','',2,'https://wx.qlogo.cn/mmopen/vi_32/6ywqRamh9fVOkYJblDTaczCe9eiaOG3LT6iceGr6pHCegwjUyUomaUGWkf8jX6kbY1BfDfqwhucUsozN0txNPToA/0',NULL,1,NULL,NULL,1510396751,1510903725),(221,'oyl_00MLwa1vL1uMXOQEShPNkZHg','云','onH2D3','',2,'https://wx.qlogo.cn/mmopen/vi_32/Q0j4TwGTfTJZKq9Qxk0nia8jABJicsXkbbibbhBicqJ0CHX47Lv0xHnM15BkDn38W4SuBfJCG7hibvfsQhl6Pf6yl5g/0',NULL,1,NULL,NULL,1510399351,1514161938),(222,'oyl_00EXqblNK-tgUPM-wM3203a8','微信昵称','Jc6-0W','',1,'',NULL,1,NULL,NULL,1510399490,1510483798),(223,'oyl_00Mr9MJ147Z0immfvEhbZF8E','王大水','L0Hau5','',1,'https://wx.qlogo.cn/mmopen/vi_32/Q0j4TwGTfTKEficaDnn7SLgg5HbLib32vQ9UMBOia1c2cWnMicRELMeRdKHA0Sf9BzuO5m7A0CdwaO9G9U3uXMX2yQ/0',NULL,1,NULL,NULL,1510399713,1510399713),(224,'oyl_00MxKmMBS_2zrrhxWpdh22ls','微信昵称','RnMrx3','',1,'',NULL,1,NULL,NULL,1510399726,1510905283),(225,'oyl_00IFoRujJCIEScGzx-n95JgM','txy','uycE7u','',0,'https://wx.qlogo.cn/mmopen/vi_32/Q0j4TwGTfTJWcdv6fbicJmFuTlSgqDWl9AqZoMKblBicibRRSic5lKHMI80qj6PTgucK9Q8ibIa55ic3icUj3ISz4RGNQ/0',NULL,1,NULL,NULL,1510400037,1514449032),(226,'oyl_00JHDCOffgzsw6EANwMYIEcE','西山归阳','R2EZh1','',1,'https://wx.qlogo.cn/mmopen/vi_32/KbyiaoP2wH5I7kwecBE47jDSibAXsvpl897UogcoTN01bTlWXDJTkb89FGovKP8dvh1MYzEErnvwzichIffRiaYVww/0',NULL,1,NULL,NULL,1510400551,1510400551),(227,'oyl_00Nm6Ws61Ls0xbV0_uuefV4Q','微信昵称','Xr5_GB','',1,'',NULL,1,NULL,NULL,1510400862,1510400862),(228,'oyl_00OH02qqtXfL4ayva22GPcx0','聂海滨','McXnOm','',1,'https://wx.qlogo.cn/mmopen/vi_32/5O7cSC7QJFyLrbfuvwS0lHMgndia73vxekHh8XkJQHdlc2onOJ0Ekz55kicWtV1SKc8Kec9oZiaGP7xQGicDL8OcRA/0',NULL,1,NULL,NULL,1510401212,1510401212),(229,'oyl_00E3uLB4FJgDTNdDOT2b4pVQ','微信昵称','lA7gAv','',1,'',NULL,1,NULL,NULL,1510401238,1511390378),(231,'oyl_00B5HcS7zmQwNCGbNLmROlxY','微信昵称','kHwCCW','',1,'',NULL,1,NULL,NULL,1510401244,1510401244),(232,'oyl_00FKJB7n_B7HGyW77knZ-EOw','秦艺阁榻榻米  丁树飞','dOTeJX','',1,'https://wx.qlogo.cn/mmopen/vi_32/DYAIOgq83epiaJWreorc9v6NQy9NK5MoNw1quTkMA6vmn3v1hw629C1dAFZZc5noKAYXpB6EicRdyucff9ZicJI1g/0',NULL,1,NULL,NULL,1510401285,1513585177),(233,'oyl_00IB7ZOB0Sy2aIS_qMJFMCCI','小萌是长颈鹿','kwT-ot','',2,'https://wx.qlogo.cn/mmopen/vi_32/DYAIOgq83eqEu5Db6RP7AibeEwZk9icqKkqhSwNibRxhx0GORxttmhTTH7tZ0CPY3WujrhqIxMcicAZGpxaoNCwC0g/0',NULL,1,NULL,NULL,1510401306,1512792661),(234,'oyl_00NRkNWi4cQTzhkDgILo6o9o','青涩','dyU_7o','',2,'https://wx.qlogo.cn/mmopen/vi_32/PiajxSqBRaEIxicnQlQXYhhE2kxR9YZIaF5YU55eaYPRmQNH5atp6ZEMgF7Qgx5dNLU8nySLiatkA0pup1QaFXdFA/0',NULL,1,NULL,NULL,1510401325,1512902270),(235,'oyl_00Ce3vejdT5JE81hDTtLDQkc','爱尚','sxxu8U','',1,'https://wx.qlogo.cn/mmopen/vi_32/sQxI3ZHMXLAL1S3zyef0SybOUiczDIYmicKHJcne8v65S0F7wibrqANPfR1cQSiassulsw0wpAsChp443hxDhSg4Pg/0',NULL,1,NULL,NULL,1510401394,1511488944),(236,'oyl_00OPM9pdw12Rty-SXwav2IBU','A华工长品牌～西直门吹雪','EgjX38','',1,'https://wx.qlogo.cn/mmopen/vi_32/2tIvl9W0jcZbH8lvJptvHedafPVficzIC6S1Vm1qeuwicVjq6FvAjO2eoQib4bjicZAcQYiaggDtG65wcYSQr7sS3vA/0',NULL,1,NULL,NULL,1510401494,1512024872),(237,'oyl_00AnUVK5xYF423hGu_OKQ3oY','微信昵称','WyCOG2','',1,'',NULL,1,NULL,NULL,1510401534,1511244882),(238,'oyl_00Hy5YYNKmTidDxK5qum4KvQ','微信昵称','EhMBhA','',1,'',NULL,1,NULL,NULL,1510401537,1510401537),(239,'oyl_00KKSXaH-zDjRrl_KP3l1hrY','师','xvtJVu','',2,'https://wx.qlogo.cn/mmopen/vi_32/oEicpuoN6vAdFuvIicibn6Osd9PsiaNibCNPVcJbYL5bKB8M1In9bCnlflZ80A0aSa6t4ibAY5VdGByV89YIqRpdsDvQ/0',NULL,1,NULL,NULL,1510401668,1511760559),(240,'oyl_00JRh_Im3b0Q8uOEWFGrLHeA','张彬','sDonJU','',1,'https://wx.qlogo.cn/mmopen/vi_32/DYAIOgq83er1r34ic6iajica3IS02VQdcBnQounkWg3ibPJfP8bpHjart3ibF5NHeK0laUAYF1rhiaP1jQnibb10IkFtQ/0',NULL,1,NULL,NULL,1510401930,1511223079),(241,'oyl_00OPrxZAEY-Xpl8KW3oJN7HQ','尤杨','E9fAwP','',2,'https://wx.qlogo.cn/mmopen/vi_32/DYAIOgq83eql4wiaHQX9gicjEkqcSnU2puldzzVrItbib5DV8mZE2icR8AR0fFshib0p56ESRqp5udc1JFmxVobu3yA/0',NULL,1,NULL,NULL,1510402175,1511443936),(242,'oyl_00AjRPwSDY52pEeCcg3zazbM','今日的光辉','ZWwQ9R','',1,'https://wx.qlogo.cn/mmopen/vi_32/Q0j4TwGTfTIQOMRkXDvMtUE1PCMRiaKl3TibZnF7DII1MkkHeC4RsoJgtjWX8UGibXViaBaclLg8JMZYXvtkFJ3bUA/0',NULL,1,NULL,NULL,1510402331,1513591356),(243,'oyl_00HA-gJ0bchMxPSNm_cc_jVU','微信昵称','VnFf1e','',1,'',NULL,1,NULL,NULL,1510402499,1512530586),(244,'oyl_00BaKadFov8WfwTszQQoCzmY','咦额','ExmDcC','',1,'https://wx.qlogo.cn/mmopen/vi_32/ibg0zqwLUgDwJPOYuMt8fpmiaicqkvXjibAk611N1UdyMRH26fD9k9iaCD46x0S5nWFDhMVV5zFRxU2re4175hjgjxQ/0',NULL,1,NULL,NULL,1510402542,1510402615),(245,'oyl_00P3nzSAC1XYgwNE0KwdhS0Y','微信昵称','bCwnqn','',1,'',NULL,1,NULL,NULL,1510402620,1510439193),(246,'oyl_00KtBHjibDbgHZQ7QhSSwO20','任哥','ce_8lp','',1,'https://wx.qlogo.cn/mmopen/vi_32/Q0j4TwGTfTLzugLfbMyhO8TAj7ia0N89OGsO9g1PTXOn0zOPlHGGOO9jn6a6N2L0kp0wJsmIxoibCCkqfqxHwlrA/0',NULL,1,NULL,NULL,1510402685,1514256406),(247,'oyl_00Lzem6F_uusRRC3Ooe-5ZC0','','TZWOZR','',2,'https://wx.qlogo.cn/mmopen/vi_32/Q0j4TwGTfTKrDibuIaRaFX5FOYWVt46pkg2PR64MiaJuwVNMO01iclgbGDce5ZIIRvhRtmdXCphGuBLdSelTyEBfA/0',NULL,1,NULL,NULL,1510403246,1514256428),(248,'oyl_00Ca1CPQgndQPLFHwwgMUbm8','Joyce','Cm50jr','',2,'https://wx.qlogo.cn/mmopen/vi_32/DYAIOgq83eoSa5AvpspyibmsqGNE7QYYpomhl8eJJuaMgHn5tjkp8IhxnZBXKFKfZKGb1ia1F4O7ZGlCibzwuGYqw/0',NULL,1,NULL,NULL,1510403444,1510403444),(249,'oyl_00HZMLCZWAm7Z6n_WBjzuYsg','微信昵称','mesxgt','',1,'',NULL,1,NULL,NULL,1510403559,1510403559),(250,'oyl_00NfCwwHs3m0Em24p9_8TuNY','微信昵称','wKvPz0','',1,'',NULL,1,NULL,NULL,1510403654,1511763323),(251,'oyl_00GYg5yLbk7GmPtOO8TnMZRQ','微信昵称','QN4BRN','',1,'',NULL,1,NULL,NULL,1510404034,1514256525),(252,'oyl_00P8QnehG55g2hIKPzWOyZak','凡凡','UKzChP','',2,'https://wx.qlogo.cn/mmopen/vi_32/PiajxSqBRaELKxTCTPmfOM7ZbFdxduXSfWKicdBKN8sV7fSOKrCPeFtRxMnjeRibdY77KygqXwUaPLib6weMUicsEiaw/0',NULL,1,NULL,NULL,1510404209,1510404232),(253,'oyl_00O--QI0wSHzl0oDTqxD_sLU','微信昵称','djQf1Y','',1,'',NULL,1,NULL,NULL,1510404497,1514422328),(254,'oyl_00H2--i2-40jS9iPmb_ny4wY','鲍亚丹','qUUAQI','',1,'https://wx.qlogo.cn/mmopen/vi_32/ajNVdqHZLLBH8icZ0ib2WHxrGZIZqQe0mOjJl8N3bFYD53hoicguRT9Xvn5glyvNEDaVukWBYT9Xx96VCJEfayMGg/0',NULL,1,NULL,NULL,1510404524,1511152234),(255,'oyl_00C4sdqerKBqdtjX4Tw5UTGI','Danny','gXu3y_','',1,'https://wx.qlogo.cn/mmopen/vi_32/DYAIOgq83er615W5Eo6vKEZL0FRyYpIpc6icCYGwE17VLlKEfDW0JSdibjkkaAibaaosibib5C96DRwb0m18SCoWWjw/0',NULL,1,NULL,NULL,1510404560,1513165689),(256,'oyl_00AmH_Gxx_noOlOFCk-dQnsg','微信昵称','YiUv81','',1,'',NULL,1,NULL,NULL,1510404694,1512892320),(257,'oyl_00FCoVx8admH8XtDEUQuV7WE','明天会更好','eB-p5H','',1,'https://wx.qlogo.cn/mmopen/vi_32/5aM3A2uOeFJlsMAmzic1Nc9qict7U9HmMq1KuTICDrj3icCR3ETMzlLzYeZUWfWNYhqBibNMVEPTsJ5sHlEicdfPPicg/0',NULL,1,NULL,NULL,1510405661,1511170344),(258,'oyl_00MZMBDk4-ETFInpuUumwMQY','演绎～、小角色','R66o-K','',1,'https://wx.qlogo.cn/mmopen/vi_32/DYAIOgq83erJzQ3tL566pTNPHAT27au6gWibZ7xo6g60OEsQNXiaUup3gAjvEogvucpexNyqZ08UHwLiciapeUGh7w/0',NULL,1,NULL,NULL,1510405744,1510727705),(259,'oyl_00Pum1yUh8BDczEKFgkaaoV0','微信昵称','L7KJPE','',1,'',NULL,1,NULL,NULL,1510406031,1510406031),(260,'oyl_00BfYaNF67f5jsgl79gk5yJA','天天酷跑','mDdyeb','',2,'https://wx.qlogo.cn/mmopen/vi_32/YopWaBcibsEicdkSdibtge1ZuDWVhJpzcJZjhg1DibSpVvricykWFaCI3sjEEyRHjGpcq7PryspMuH2uRmErTbKGPJg/0',NULL,1,NULL,NULL,1510406253,1512015566),(261,'oyl_00LCJAIlq41J7KQuikO-vPcw','白昼','EqYQNj','',1,'https://wx.qlogo.cn/mmopen/vi_32/F2uJwpm0G8wKIet4wARMk4UFp6PQyOd9aibfowYLYwksyZSMmib9dvTE94xdVymPYqcgNibKqh8g8Vw4JHpliaRGeg/0',NULL,1,NULL,NULL,1510406903,1514153953),(262,'oyl_00MdMkp63JIinUmO9ToGVGt4','梅子','_KPsSj','',2,'https://wx.qlogo.cn/mmopen/vi_32/Q0j4TwGTfTJSmTXA1QV3OxuPPawmtviaYysus6G8d4v3Nc0xRzicmibzcLAx0OmIvlYAFMFMe16JBG8y1CIvBVoeQ/0',NULL,1,NULL,NULL,1510408699,1514259339),(263,'oyl_00I7Gc-rCbyD2ufmaHmxZkSA','孙殿全','c1eBlY','',1,'https://wx.qlogo.cn/mmopen/vi_32/nMGx9VPyPBmcwcAsaicAp6MgRWhrQVoxETMKkHaNNrfkIiazLSl739NDSyFK1FyicPzgkTHibS2gGwdicQicW52q1aWQ/0',NULL,1,NULL,NULL,1510410683,1514342963),(264,'oyl_00IFXQuM2VX_IAWL4kkoI0DM','55小客服','wQW5sS','',1,'https://wx.qlogo.cn/mmopen/vi_32/mX9k3VNGc2mZkfTmI9zia20D87xIIcC3GK3ciaibYlVIWkFEaVibe9vPEib4nooVzNVvUd4vTzlL57ZONyITbgqj4qQ/0',NULL,1,NULL,NULL,1510412979,1514446999),(265,'oyl_00LGBpKHOnrvyeMkHaR6PlZM','杨洋','Mnbylc','',2,'https://wx.qlogo.cn/mmopen/vi_32/Q0j4TwGTfTLIND58Gic5c9KZ3K1lemCcnA88bXPs5kcJfVIfpaKCxb7DWiaVNHZGpThV83Hwics2kCicmhMqLbgwIA/0',NULL,1,NULL,NULL,1510417894,1510417894),(266,'oyl_00Fnpd5j1jiD_IoMQuLt1bQU','翟福贵','DgXnpl','',2,'https://wx.qlogo.cn/mmopen/vi_32/DYAIOgq83eqH7FpAOM6dysv49mJ67dYIdCiao6LjOxuXmrugorrCJ3qPbkecliaxDmhAibUZFSRBh2II6u6ibic4oCg/0',NULL,1,NULL,NULL,1510418579,1511939308),(267,'oyl_00HdY-wTeoXkBhc9hMf2lBQc','微信昵称','TUWyx2','',1,'',NULL,1,NULL,NULL,1510430832,1510430927),(268,'oyl_00OH31-HK1rgOwtPqbpFi-58','安安 ','znn7f-','',2,'https://wx.qlogo.cn/mmopen/vi_32/Q0j4TwGTfTIQphZcSr1Jd3DcEuOkbibRpqqTXgz3AGK4JeE4KCBhWWLyf0Z42AvrTHoicX50tZfr7h0CUj31Pw8w/0',NULL,1,NULL,NULL,1510444879,1510444891),(269,'oyl_00M_pwhSMn9MAxsWHeycLfw8','Claudia','vtyveb','',2,'https://wx.qlogo.cn/mmopen/vi_32/PiajxSqBRaEISJLrIDvu8bQvEETJVYwkjIOuLvXEu2DUN65RiaOLeso5EhicWlIr8wUXhrrbZ8PwqxPIj1XPWRTvA/0',NULL,1,NULL,NULL,1510445467,1510445467),(270,'oyl_00PpGifXCBF86a5q2L_QND6c','陇星散热器~张海霞~15011298956','lYPwdm','',0,'https://wx.qlogo.cn/mmopen/vi_32/bYlo83bhyiaibkxM44YmibxvVZK34D65ZxQww0qpHkZhPHp1Son74SSncC6nicYZfydenichZjNpcc4afib13TzP0QIg/0',NULL,1,NULL,NULL,1510445831,1512467426),(271,'oyl_00Nckc_rNVDguF81oyGGcFpg','','MyBipQ','',2,'https://wx.qlogo.cn/mmopen/vi_32/DYAIOgq83eqTFOGFUayqAX2CyT9tWIVZ2Wljiarxxayuiaj7LfFN4Y97u92D5giceiaMTj8fsuicu9XSfqKXR4b2IbQ/0',NULL,1,NULL,NULL,1510446470,1514353192),(272,'oyl_00GRZPeDm8Dt4ULClVKgedwA','微信昵称','foHxK2','',1,'',NULL,1,NULL,NULL,1510446660,1510446660),(273,'oyl_00IUkDlEtlSBeA7UtHPJgSHE','Sunny','rdWIjv','',2,'https://wx.qlogo.cn/mmopen/vi_32/Q0j4TwGTfTLrtbZjfibaGNKLwvYW3BRy8VjkcnNicbq0FyUlGZTuT7ibHicuJR4Btjib77szlcARvXTzmsWjdBxMM7w/0',NULL,1,NULL,NULL,1510447096,1510447096),(274,'oyl_00MfP8f6_px--Iler0bhPf84','祺小祺祺','x87SLj','',2,'https://wx.qlogo.cn/mmopen/vi_32/DYAIOgq83eoqQnZTWdEPPgGpz4LEEy0bGJJN3ibvTTjLVJ3SR1DSDsibKuX3wQ6icMAAlJTKosQZAkCKLBFp1QT0A/0',NULL,1,NULL,NULL,1510449563,1510547846),(275,'oyl_00DvDCOaL9GycjngXtV9KE-U','zwchat','aDg8NK','',2,'https://wx.qlogo.cn/mmopen/vi_32/Q0j4TwGTfTJjO4ciaphupcqjFBIJXZ30NuGn2D2Fj3oPriavhYTQicE9Coe4a8uUvOhQqFdhchnhPPjUNSYIobK1A/0',NULL,1,NULL,NULL,1510449699,1510813103),(276,'oyl_00MkgGfm6ibb4k8TK_XPIMd4','whoami','Dg_Yc9','',1,'https://wx.qlogo.cn/mmopen/vi_32/Q0j4TwGTfTJBkeGaLJNFLMJgvAHjLTrQia1LiaOrLPH7lDBvb4Lb5aJK3J9l2Nppxx50KAmgho1ucEsWK65fWX8g/0',NULL,1,NULL,NULL,1510450127,1511412164),(277,'oyl_00PXVAh1jZNzO9ktVflZHwpQ','微信昵称','Urx0wO','',1,'',NULL,1,NULL,NULL,1510450335,1510493668),(278,'oyl_00ESbChp99kihWY1BI0-JiBs','微信昵称','3E99Da','',1,'',NULL,1,NULL,NULL,1510450428,1510450428),(279,'oyl_00H2YkhdLjkUURHHr8oB-7Cs','露露','NlyQPB','',2,'https://wx.qlogo.cn/mmopen/vi_32/Q0j4TwGTfTI0zzOPZzT6fwDG8iasBTazfIqkQMUB6zaJaYj4z1D8Ej1NqmaMNGfgbg3Ea7XibIlxIeiaxCBgWiaicCg/0',NULL,1,NULL,NULL,1510450484,1510450484),(280,'oyl_00P_lIw1KB_T6NLgdCVjAqYs','67','gmawgR','',1,'https://wx.qlogo.cn/mmopen/vi_32/DYAIOgq83eq7TsRGkbgpTYSQpWNJguUEQbtuqo5jAAEQhhY2jicRYhiaVeBdFKzaOCYzuswl4Dfggp52GZcPY2ZQ/0',NULL,1,NULL,NULL,1510450564,1510665147),(281,'oyl_00Glsa-JCpYFm1FEe5EN8gRg','微信昵称','-9l47K','',1,'',NULL,1,NULL,NULL,1510450697,1510450697),(282,'oyl_00N10o6t7t-rDDUeg5F-jp-0','Grace™','cUp-gN','',2,'https://wx.qlogo.cn/mmopen/vi_32/DYAIOgq83epyqRsXytkibtlX0poIlxqYS5ibwGoH9ia9jZptDgpJnK7blfGxRLTUV6HoVEdEruibqKVPPUJkRT24sw/0',NULL,1,NULL,NULL,1510450717,1510450717),(283,'oyl_00KzLh4rZXpImXZZlk5ap7EU','龙鼎天著木门杜苗苗～15311878957','bh-GoZ','',2,'https://wx.qlogo.cn/mmopen/vi_32/Q0j4TwGTfTLNgTWpN9vEUI9QjSqa1xu6AzSXkicOV9rFAztuaj7xRV5GDiaynYDIiccibicw1hTmMOVW7C5ia3XdG71g/0',NULL,1,NULL,NULL,1510450880,1511844358),(284,'oyl_00KVIGhS_NSM6rQAEaJ8HhMA','微信昵称','grwlFp','',1,'',NULL,1,NULL,NULL,1510451026,1514257275),(285,'oyl_00Am_rWI7rZd7XEQzFUhG4sw','爱若旻天','O3-bJW','',2,'https://wx.qlogo.cn/mmopen/vi_32/DYAIOgq83eoiblnDKEF1OcuVibxAr3Tia9qoPMicuyicIlsLlibiadj8W17uPQLibNqUedL2cYm9tVwIg51FtjGfwlRQoQ/0',NULL,1,NULL,NULL,1510451219,1514273909),(286,'oyl_00Px2Ao09ihXJ09SNnAAju1g','微信昵称','ckw87o','',1,'',NULL,1,NULL,NULL,1510451231,1510451237),(287,'oyl_00NRST0-QltLuPFRBj_MpnTk','往往','F33anb','',2,'https://wx.qlogo.cn/mmopen/vi_32/Q0j4TwGTfTKl06gDibQ7aO7e7sibF5erVm9viaKL7yTuicZQVm3PTD2iaFOgKVju6Qsib54SjRo8Oqe7PaO7ibVMjjtOA/0',NULL,1,NULL,NULL,1510452833,1514015121),(288,'oyl_00B4IycSPutIHrihru4Q7DxQ','A 刘佳_','GJVGjO','',1,'https://wx.qlogo.cn/mmopen/vi_32/Q0j4TwGTfTJjHAVknibxdpgxqoGIa6feAibdSzTiacibNlDOPuSOYHnEsx88GqMIzEvrA0ExdOUaatmB88fPjVt4hA/0',NULL,1,NULL,NULL,1510455575,1510455711),(289,'oyl_00C5TI71-sF0Q6lPa-MQ6Qfs','燕子','r5wHGu','',2,'https://wx.qlogo.cn/mmopen/vi_32/2xLMp4uHiawSeOZ8gkeGHQ6vo7Y7UPA0gWggqvxwUWQ8mYb6K7khPRwzIwoYDF181EbibAkLm17TEBRVDwDGdmiaQ/0',NULL,1,NULL,NULL,1510455622,1510455840),(290,'oyl_00FpYJ78lhI5mboAIU0GC6ns','港典门窗-小杨','Ze_vjI','',1,'https://wx.qlogo.cn/mmopen/vi_32/9Z6zUvIW61zVOVkibaoUyB4jIg2BpejjL65t5iao1utfT245iaiaAneRvTcqotibduJOTmT9I0aXvnRDR5su8cpo9lQ/0',NULL,1,NULL,NULL,1510455961,1510455961),(291,'oyl_00C8_Kkeskb93KxVSHDA0diQ','微信昵称','zRRNQF','',1,'',NULL,1,NULL,NULL,1510457108,1512194189),(292,'oyl_00HW8JBGJGjBWvuQkotLljs4','李帆','nawoUO','',2,'https://wx.qlogo.cn/mmopen/vi_32/Q0j4TwGTfTIfKbWtJBfsqg1ibqiaialFLr6FfqQ8OkArszn8AGjUMTQt3ia08jVH20WOt8Fvd7m4IJzGpfAFLIZ3fQ/0',NULL,1,NULL,NULL,1510464488,1513316588),(293,'oyl_00BdoHikui_DJAak3_ni3Scg','章晓钟','v16p3Q','',1,'https://wx.qlogo.cn/mmopen/vi_32/Q0j4TwGTfTJOtPQLVKib2H9gk0f7lXXv5YBXntcTGydib97egeLQtgyVN4ZreRtibQURN49Jtm6VmyKUGbJib8uCYQ/0',NULL,1,NULL,NULL,1510467333,1510641454),(294,'oyl_00BDPu3wQN_dtY4brJyr8bdM','圈儿','LlJNPj','',2,'https://wx.qlogo.cn/mmopen/vi_32/Q0j4TwGTfTLYwuBnaOMibNSicsqMx7icicpLVSOpzBkibf4jib1HsickTjpzQ36sTJl9R0A2Q1MFzzT39kOjqib5WpZAeQ/0',NULL,1,NULL,NULL,1510472992,1510473031),(295,'oyl_00KctaX443Aeg5iyC3fG5-aw','张胖子家的张胖子','cWIVqy','',1,'https://wx.qlogo.cn/mmopen/vi_32/Q0j4TwGTfTKy5LCR0uHXSQ8fy2Xt5c394vN9JZmWzzrQOukOImia3PCuG0mnU7U5Xh53goXH4CDZ1liafjlkC0kg/0',NULL,1,NULL,NULL,1510473101,1512894717),(296,'oyl_00D9pC47hgvOva24V_Qrj0DI','勒格金索','wf0pYy','',2,'https://wx.qlogo.cn/mmopen/vi_32/DYAIOgq83eoPFkGN2PWB1x7cUn79iaAGY0n7n4ibknP0rpMQ7C8wNibXMs7e98aNXqOVneDibPbOYk2F7LBRwUqZcQ/0',NULL,1,NULL,NULL,1510478728,1510478728),(297,'oyl_00FFm8nDqT3SnrIi9chvQpHo','微信昵称','bkQxhB','',1,'',NULL,1,NULL,NULL,1510478899,1512792912),(298,'oyl_00Ms_HgkDl4nbhxTdY1pz-QQ','nanana','RArik7','',2,'https://wx.qlogo.cn/mmopen/vi_32/Q0j4TwGTfTLiaz8lWId8jnV7ibib4KUo10FRXDF16RXnh1kBN0kSzkmR01Cw2ah192LevHMcZvneCrScnljYoRr1A/0',NULL,1,NULL,NULL,1510541860,1512437610),(299,'oyl_00F4kuy6Ans3QLaWr0J4h7cc','微信昵称','HOyEt1','',1,'',NULL,1,NULL,NULL,1510543851,1511837682),(300,'oyl_00C17nRpML1CxsC2VP3QiT_Q','a r li s','La2yKZ','',2,'https://wx.qlogo.cn/mmopen/vi_32/Q0j4TwGTfTKZwHe2DPNpF1OBYtEvZULcHkniaNWYfodKxjkyOVNnusEZ2zIjuzMFDapiaZLrMIsHWX6sFxxOibd5Q/0',NULL,1,NULL,NULL,1510543868,1511758980),(301,'oyl_00HcMclVyBx5p1lhlAi6kqEA','微信昵称','gnmlwd','',1,'',NULL,1,NULL,NULL,1510543904,1513384185),(302,'oyl_00K0ak1EIqH6nivHw5A3LTJg','zyg～php','i8WtyE','',1,'https://wx.qlogo.cn/mmopen/vi_32/7qfG5LfuHpyVqVYtn3d52uawGa7dSiaFVfBS6fTCcLjp7sA0Jp9DVoSUibP6CclkjhHe64ZSxF65rjfv6iarHm1RQ/0',NULL,1,NULL,NULL,1510543935,1514365207),(303,'oyl_00D4AKKkzxR0aIu1waPfbcvM','微信昵称','Tfad3S','',1,'',NULL,1,NULL,NULL,1510544007,1510544007),(304,'oyl_00PNUKKVcoYZLkSOQ6vTnWwE','晾霸晾衣机范宇航','H8qad0','',0,'https://wx.qlogo.cn/mmopen/vi_32/Q0j4TwGTfTLXumYX0XoyNuRrsQfPXkMYOVmmnqQ2kcCic121KGl9nqBEgUy7fxDZ0UVc5wbNUktZ6be3NfPAE9g/0',NULL,1,NULL,NULL,1510544354,1512716437),(305,'oyl_00G_WbObHzw5kYcZ_iTXCmvQ','微信昵称','bcCrXH','',1,'',NULL,1,NULL,NULL,1510544372,1510544372),(306,'oyl_00KbcDqjF_DDS5_-_xOk7Nm4','辉','QgH9jx','',2,'https://wx.qlogo.cn/mmopen/vi_32/Q0j4TwGTfTIYVqAP3mo8XwS7kJdstFUEZrALpic968em9BRxMmSbwa6HpSHDYFTXvZibQWKBVGRBHXGIYNAl0zkw/0',NULL,1,NULL,NULL,1510544373,1510744935),(307,'oyl_00BccYtoPjthMjtSc6FFdFPs','红苹果家具渠道经理-肖飞','gYOp6C','',1,'https://wx.qlogo.cn/mmopen/vi_32/DYAIOgq83eprDW0vkGcRGgiaP3VqticGBHYjIoXibcFhgxkcGWx3fFICKZvhOCK9tH68cQS3c7ppDOwtqEvb827HQ/0',NULL,1,NULL,NULL,1510544417,1514204395),(308,'oyl_00Fi4-J9DR6attNHuIELcF9I','微信昵称','Rz21sP','',1,'',NULL,1,NULL,NULL,1510544523,1510544523),(309,'oyl_00Aq1cJ1A9i_ib8ht4sGw04w','微信昵称','E4M2rD','',1,'',NULL,1,NULL,NULL,1510544554,1510544554),(310,'oyl_00InJfZyBIKafoiZkyeK-S4M','【尚品宅配】天威13520521086','Pu6TQC','',1,'https://wx.qlogo.cn/mmopen/vi_32/Q0j4TwGTfTJbAptOp0lIba84sPfCMMhIW0ag5dvXmM2MJwReyxFroj74vJwE7ibGfcw7llX8V89yYRaO8v8p7iaQ/0',NULL,1,NULL,NULL,1510544663,1514211304),(311,'oyl_00Bx3rWdEJCn0n5rew0N9Dcc','微信昵称','QA0sY6','',1,'',NULL,1,NULL,NULL,1510544684,1510544684),(312,'oyl_00JC8AwbSGXW3if7G6c44hL4','Pandora','VaFwob','',2,'https://wx.qlogo.cn/mmopen/vi_32/Q0j4TwGTfTIKbs8PwDEfEgb4gXjia8oFIiaWTovaVdlEEbQq08Vcl1s2MfbDMpshgdEPeiaS1EaiaON008HbJxudsA/0',NULL,1,NULL,NULL,1510544757,1510545114),(313,'oyl_00DmNAJT79TnlCzlE858noGI','姝姝','Fy0gLw','',2,'https://wx.qlogo.cn/mmopen/vi_32/DYAIOgq83eq9R5Ha42c3hj1TtZpNxlv1W3MLI98uAUOdOuYlPiaVNxibGPWNlLbbEjXdGnl4gL1ibtpblNYBVAqWg/0',NULL,1,NULL,NULL,1510544937,1510544937),(314,'oyl_00HIWVV1W2NuyDi2VLC3vybw','微信昵称','A1ZMOz','',1,'',NULL,1,NULL,NULL,1510544941,1514259767),(315,'oyl_00CqS84DF5LXJ94nBAPD_fgQ','微信昵称','es8n0x','',1,'',NULL,1,NULL,NULL,1510545348,1510545348),(316,'oyl_00H4i3D7bcF6fCjiso_He5Ds','Hanson','cqRm9f','',1,'https://wx.qlogo.cn/mmopen/vi_32/DYAIOgq83eoSvWdm9QKiaGUrfZ1MoGQMAQCSDzhPbhvs7TYC9ySPsgotf30QCam32xNwoVibYibkI9CkTcWiargk6g/0',NULL,1,NULL,NULL,1510545438,1513919919),(317,'oyl_00MjHTnlgJhigMm6T4BPN4Jc','Felix','Jt-9Sr','',1,'https://wx.qlogo.cn/mmopen/vi_32/vfAlXeJibiaWWiaUmHQd2rvU55AhR0efiayNELysrPEFib2GEk96AeTX518bMjd749CcGgK0hs7Iw2dyenI0aorJ66w/0',NULL,1,NULL,NULL,1510545547,1511566469),(318,'oyl_00E9IKj3JPuosETQoAss-4PE','esltaste','g5AeQi','',2,'https://wx.qlogo.cn/mmopen/vi_32/Q0j4TwGTfTLquojG7BI6jgkGab2MQQ9Lb457qjbD1UXpWzoHkUxpmLpq3PKk1YibXRXlGPRoiaFicy0bdPd28cSsg/0',NULL,1,NULL,NULL,1510545592,1510545592),(319,'oyl_00A3BZ6v7DQ_xRgzG3XQSIOA','┆ °Mメ 蓥唲','0h72yp','',2,'https://wx.qlogo.cn/mmopen/vi_32/PiajxSqBRaEL2JqfTAmhp37oqmGuUCpiacicvG8Hic1u7WQO3K2ibrpOQenmVUsD1NEd1aSRGy43IEmSBxK721FZEhw/0',NULL,1,NULL,NULL,1510545688,1514441571),(320,'oyl_00MBaiLZiXpVlmclCXslu1ZU','幸福快乐','zyEjzZ','',1,'https://wx.qlogo.cn/mmopen/vi_32/Q0j4TwGTfTLzicmQz6iaGVbbW9Y288fFhXUYYTlsHibt9ZpAaqib6ywY951RBibFiaQWqBCWXyic53kC49n9S03Nqicv4Q/0',NULL,1,NULL,NULL,1510545929,1511160197),(321,'oyl_00OF4xx_Bkn-USrWAP1cpYkQ','峦峦','Aq9zx2','',0,'https://wx.qlogo.cn/mmopen/vi_32/hNVMG2tFVzWXcls7DQuEFibdz0AaQoianHGnvq5ZcJqbkcggIqoZSTzoWEP7qZ2epoYXQsc95HYaBlSheOjlvLDA/0',NULL,1,NULL,NULL,1510545980,1514261415),(322,'oyl_00JqkhHdHxvXdsbkpoAgywrE','微信昵称','c8cKe1','',1,'',NULL,1,NULL,NULL,1510546030,1510798458),(323,'oyl_00FZUqx1ug572nb1NYA8XAG4','荒芜小道','dmBPzt','',1,'https://wx.qlogo.cn/mmopen/vi_32/Q0j4TwGTfTIYnsiclaFVRic5s7wUfnvCREh7FydqTcLtRuk5P7FD7HN4Br2SCMJgemyqfXoUfyhWrQs3IERxVk9A/0',NULL,1,NULL,NULL,1510546318,1514271829),(324,'oyl_00BRkw8ekaeoCCuo7AX6e4Ag','云藏','jh-ia1','',1,'https://wx.qlogo.cn/mmopen/vi_32/Q0j4TwGTfTKbN8fRETtEU2Z9OJGyv7cibdvUSlJfiaWtvxbibYN5GibEbPsib5vWukKNiaicOxekK5Vfr5v1zRmrVJgFA/0',NULL,1,NULL,NULL,1510546639,1510546639),(325,'oyl_00CqDvAY3vhtIPuvsCezXRpQ','朱君礼','dZfPFw','',1,'https://wx.qlogo.cn/mmopen/vi_32/PiajxSqBRaEIYv03PMaoy2jkkCbNeTTby0vYeZ7G57ibu1Deg51mDiaMAz8xAjBdSYicWCTiaxNZaDmTNBgV5SBAzbg/0',NULL,1,NULL,NULL,1510546648,1511827378),(326,'oyl_00GrrOBtHuX8GUjKEzhKqp_Y','微信昵称','uNVdFT','',1,'',NULL,1,NULL,NULL,1510546904,1510546904),(327,'oyl_00PxC8-lVdJS-vRD3dDiXTls','¥','TWwWj_','',1,'https://wx.qlogo.cn/mmopen/vi_32/Q0j4TwGTfTJ3DwGw3NiaRKEAX6PPrsDkQGlzR3fgMAibNpbLtib36RT7icSfnHcbOhEDxy6D4KHZ97XmAC31baxTgg/0',NULL,1,NULL,NULL,1510546925,1510547410),(328,'oyl_00Fp_E4n9NvtqHYb3TnzO54Q','Allen Lee','YQ-l3R','',1,'https://wx.qlogo.cn/mmopen/vi_32/DYAIOgq83eovyJJ6RYTn4T5TbkF0BA8RQlTRO7tVYmNNMgVVeU3LgSkTwQyDFFKEIBRtvHBlqicWjK40wMor0aw/0',NULL,1,NULL,NULL,1510547530,1510751765),(329,'oyl_00NCBkbM4UgMaADe5-E8KNd0','风之语者','1785uV','',1,'https://wx.qlogo.cn/mmopen/vi_32/Q0j4TwGTfTKKEGcj5hFW5T5n5VYZx9yVaQ50FNo3sJ3qXQenn5zv8tDKVIpl0I2goVMPKwwnxc1zP0wgqIRt1w/0',NULL,1,NULL,NULL,1510548132,1511141330),(330,'oyl_00IUZlCXbF-deCAhX7YYboG8','由剑虹[Summer]','mdSlAu','',1,'https://wx.qlogo.cn/mmopen/vi_32/DYAIOgq83epHEW4Xz85I4J9icCnUPhlEbkiaCicapqy4P8Ue6touuzvkGZ29zRJaPtAeBC0GvzpehOeA463oquibqQ/0',NULL,1,NULL,NULL,1510548283,1510548283),(331,'oyl_00Go0IBjeqnh_XORG-cM9u3c','尹立芳','Sqw346','',0,'https://wx.qlogo.cn/mmopen/vi_32/peh07oFcLyTaOYPKjOCbAL8jyZhkYuatFN3DhCEETjhiclRnYKkXu0W6BJ4tYCtA8Doe9FdeYibJCIJiaUnralic7Q/0',NULL,1,NULL,NULL,1510548872,1510993684),(332,'oyl_00KFwGKtuWo-Ske-q-jdkymI','范','JKKc4F','',2,'https://wx.qlogo.cn/mmopen/vi_32/Q0j4TwGTfTLOWucpCLACCTbzBdAwD2Zb9EbribR8ffPljhKAzs7iblSsTYkowFxDxY97ur7KiaAFyvqib4LQf4ZxGg/0',NULL,1,NULL,NULL,1510549494,1512712603),(333,'oyl_00Hfm9xVA7ovhVMHyvMRrrIs','微信昵称','aW0-RC','',1,'',NULL,1,NULL,NULL,1510550439,1511720241),(334,'oyl_00AcaYWfPB9wGEDhScfBDKLw','麵 Sunny','LlBfgS','',2,'https://wx.qlogo.cn/mmopen/vi_32/Q0j4TwGTfTIFwNKUHhYNHVqCWpIGqboHv6Gag0g4oypdTIXUe48U4Ugz52PcXu8ebB7BsiaxdEDehOBuxSvbhGw/0',NULL,1,NULL,NULL,1510550655,1514427968),(335,'oyl_00CkK7zQFPiE8gJFfgQu4qzY','W','pRcr-O','',2,'https://wx.qlogo.cn/mmopen/vi_32/7JsoHFUliaiaPCm5OWvdTEuQapxicZYxjOT3iaSibibYfCoPuBTQyRUDWbG8nQ8Vc0T5Mmapw4ibwrfKKznbKVzLUzAqA/0',NULL,1,NULL,NULL,1510551066,1510551066),(336,'oyl_00CGrng1ylUUYNvaWOibxyik','中年','TVr-o6','',1,'https://wx.qlogo.cn/mmopen/vi_32/2SLrkMGs1ibY1lOCr566s4osgJG6NT3SG9yyKzKuyd3lyQ0XJJQ9gnibQyXZ75jO9hJqNibNmGicneenSZyQJ3tRiaA/0',NULL,1,NULL,NULL,1510551109,1510551109),(337,'oyl_00IrRaT8HcjZ6x0gkJDykg6w','风中浪子','zLULuW','',1,'https://wx.qlogo.cn/mmopen/vi_32/CEeTrebAApsg9CIUsXUODZQHuMF2KuvjnKJjUiadaL4wNPnZUk5hKNqCmFaeG3L4qC0HdZMrj60rRQ8kZfEku8g/0',NULL,1,NULL,NULL,1510551509,1510551509),(338,'oyl_00BPY8VbkjBK5xMyQ-kHnrSg','微信昵称','B8fOKR','',1,'',NULL,1,NULL,NULL,1510551924,1510551924),(339,'oyl_00JR28PgN-xc20DihHTW7mW4','微信昵称','NSOmBB','',1,'',NULL,1,NULL,NULL,1510553903,1512437341),(340,'oyl_00L40UCP4KkAE4k0vWLVjbbI','；崛起`灬。东子°','UQOagV','',1,'https://wx.qlogo.cn/mmopen/vi_32/ajNVdqHZLLDoRxibhuaMHL8XtwnxGRk1amQPZiaHKicqBQjdGZfmIKZCucoVj3aF7vYnvppNIfzqO0KEwfudqr5rA/0',NULL,1,NULL,NULL,1510553941,1512180976),(342,'oyl_00D0ushj4XyjoB2uOv5vxp00','不经意间','Qhh_13','',1,'https://wx.qlogo.cn/mmopen/vi_32/Q0j4TwGTfTJhDaVK3icEKSk4LqgPvUtWMG0mNhXbiaeEwcgibYtgZUMmM8LLGIj1WC5NQsHx5oFRNVrvjVt1zsguw/0',NULL,1,NULL,NULL,1510554533,1510554533),(343,'oyl_00KwDJ8Ziv5XB4UhsV0USk9k','yk','B9XiZ1','',1,'https://wx.qlogo.cn/mmopen/vi_32/DYAIOgq83er0qeoJyUyrxLQjwjzlFhq93jjI8TyEGNbLulZ6SkJMbW2d2UOK6jdclChN4fylMVlwaOWEhhl5Fg/0',NULL,1,NULL,NULL,1510555262,1513564892),(344,'oyl_00Fm5gPajnohCosumKTXUsZ8','庆伟','RGm0tp','',1,'https://wx.qlogo.cn/mmopen/vi_32/DYAIOgq83erD5YRPWWEGWlto0ich6keK6R2TcVvo6NaNg116UL75Y9PJXdt98C4U13eUUqfiaubrlGyuzlB9kxWA/0',NULL,1,NULL,NULL,1510555602,1510555602),(345,'oyl_00EuPtereQsaX_0mt6x2Nyzk','微信昵称','FLNyC_','',1,'',NULL,1,NULL,NULL,1510555729,1512102290),(346,'oyl_00Kh255sniM25YusqJ7fwSDg','微信昵称','FSktQU','',1,'',NULL,1,NULL,NULL,1510556129,1510556129),(347,'oyl_00P2vJrHXQr1PWkoZhMj4WEE','微信昵称','LPPwOg','',1,'',NULL,1,NULL,NULL,1510556138,1510556138),(348,'oyl_00JydtelWi7xLf04rV_V8rec','不老松','wH7YmS','',1,'https://wx.qlogo.cn/mmopen/vi_32/DYAIOgq83eriaCVjSeItlvxBmyMagl8UAdices9KaC0cZqNMx2ptLJqSWVD1jvhtlcKA229UJdY4ibib07fiaKQ8oJQ/0',NULL,1,NULL,NULL,1510556561,1510556561),(349,'oyl_00GuI0yBiOVaMnMTmaI5UArc','正树','bjgJ_-','',1,'https://wx.qlogo.cn/mmopen/vi_32/Q0j4TwGTfTISYbhpBg4ibViaCXzWib9Lib2icibhvcDMtOAxnW5S47QpdiaW42NkKpqNGu7r1wicblEyFtxv3uQkMVgic9Q/0',NULL,1,NULL,NULL,1510558048,1514281780),(350,'oyl_00FubCJ2T8TF3WemWl_KbUd0','梁永星','a5NAvN','',1,'https://wx.qlogo.cn/mmopen/vi_32/Q0j4TwGTfTKhIXEI5gBktickwHjOYFrXia4dq8icsoLbGsJoWBmHMCWYkHIUsxAS6nKNJrH1tfpEAUz0anL0GsTMQ/0',NULL,1,NULL,NULL,1510559070,1510559070),(351,'oyl_00PJoDguyEj893Q0OXPXgmbI','刘洪文','A1Vx4-','',1,'https://wx.qlogo.cn/mmopen/vi_32/Q0j4TwGTfTLuic98AckeDs0dGmYJ5NqZ1LvPx5HuJUHZ18wJSAfxxwa8wKRl2qEoeiaGGGMn2yUj89OG7h62jb7Q/0',NULL,1,NULL,NULL,1510559237,1510626376),(352,'oyl_00COpa9PSDrbPyllALmIalww','水木版11小春','Jo7z1p','',0,'https://wx.qlogo.cn/mmopen/vi_32/Q0j4TwGTfTJ8gz4Ch1kJZJymibNNOp9EU9pOnnsmpia3IpejQMPicY6m23dWrB7MYbFCVZibgXS55EGRrR8K8a4TZQ/0',NULL,1,NULL,NULL,1510559478,1513164285),(353,'oyl_00KoE9_VOuKEtccQGxkogQEg','微信昵称','eIbF-r','',1,'',NULL,1,NULL,NULL,1510563481,1510636370),(354,'oyl_00INzbZkZxfgk8f8HiUcBwUs','王姗姗','OsrPzU','',2,'https://wx.qlogo.cn/mmopen/vi_32/PiajxSqBRaEIPtewa0eMcRl76ibv1QmbdMicy7HZ1gRM8397SgOCclia7Y5zDPiaCnBUxpSavBxY3h77I157eAhHWIQ/0',NULL,1,NULL,NULL,1510564251,1512263485),(355,'oyl_00PNRImcY7dDp2iOmqPwA-Gw','Jianbo Zhou','IavWQj','',1,'https://wx.qlogo.cn/mmopen/vi_32/DYAIOgq83eoBGwBu2QYGiacFxeCEaFBDRCnSTYyordExsct9ARwgrjYrM5tblCe7BxhWSl1gUFpH2TlC8giayfibQ/0',NULL,1,NULL,NULL,1510566809,1511322235),(356,'oyl_00B3EimYfV5FmeOK4hy88Big','微信昵称','uJu7qL','',1,'',NULL,1,NULL,NULL,1510568957,1510568957),(357,'oyl_00IEUC3wHE_oxdBuD7xyDwqw','微信昵称','cTnTA6','',1,'',NULL,1,NULL,NULL,1510572525,1510744480),(358,'oyl_00LWELsazQ_8N4zNlIHoaMP4','kevin','JVzxPa','',1,'https://wx.qlogo.cn/mmopen/vi_32/DYAIOgq83erOSmXcu7yd6X3GCNOYSyUCd3blH2QdYtRAhF8RGUwJjuu1oMteBiaBWvicuuK4tiaq19p9I6wExibVibQ/0',NULL,1,NULL,NULL,1510573198,1511789317),(359,'oyl_00AxD37xCxycPhiSC-xyF4jE','单蕴淇','UJRM3G','',2,'https://wx.qlogo.cn/mmopen/vi_32/Q0j4TwGTfTLZjSn36hwehVicbbGQicFo4GvW4ApayQBYEdkpR6Tp5E4jd0QoX39ZdNlLfVaEnh6lfaOwMElKibjvg/0',NULL,1,NULL,NULL,1510576381,1510669172),(360,'oyl_00KQ-2E0-lXGsZts1rAnCfaQ','Ray','DgZzPk','',2,'https://wx.qlogo.cn/mmopen/vi_32/Q0j4TwGTfTLoD3QzWG6zAbPNzyQ383xTP9XwWM9zZZ8UZicH2Sht9qnIQxG0qEmghW8pulicRKW76YYbb94yKxIw/0',NULL,1,NULL,NULL,1510577166,1510577166),(361,'oyl_00BRNO9QLqP2gtWAHyfWng9Y','微信昵称','uZNzUR','',1,'',NULL,1,NULL,NULL,1510578842,1510578842),(362,'oyl_00GOdzRZTEPQpSkJkAMoTDLM','孙力田','ilGpPV','',1,'https://wx.qlogo.cn/mmopen/vi_32/DSXKeyr6ia1iaFdthicAnJjsUEFe8nqBicjlQ0icpKgugZ7QHKvGibRAEyria3lqWCNNnsGLZyicuTglabQD8UX2VhAibIA/0',NULL,1,NULL,NULL,1510579269,1511012190),(363,'oyl_00KtdG17OQ6cyWxUSelMYFvk','微信昵称','vu0Hbq','',1,'',NULL,1,NULL,NULL,1510579825,1510579825),(364,'oyl_00MT6_Ju7OtsAKnazH-EHHQc','庆辉','Eh396a','',1,'https://wx.qlogo.cn/mmopen/vi_32/Q0j4TwGTfTLwZlBt6lc383xib1qYF1O55Hic70vicgVpWibicjjbDX5ibhb1Dndd1brejoPm0OXxLDLn9g0uB5BTxnDQ/0',NULL,1,NULL,NULL,1510580730,1514269458),(365,'oyl_00Bc3M1ssaCWMd09Jlsl4kJw','微信昵称','fqgr-p','',1,'',NULL,1,NULL,NULL,1510581129,1510644346),(366,'oyl_00EZ91NmTm0nzs1Sf7YQD1u4','飞鸟','XhRPWz','',2,'https://wx.qlogo.cn/mmopen/vi_32/Q0j4TwGTfTJ8ADuQkYUytiaetultibaIEIPtY6kbKSfcdxMqHZiawxpLyW8ozXWkSiaqC8hDSAWUzRmBrmxTV5UPjw/0',NULL,1,NULL,NULL,1510582356,1510582356),(367,'oyl_00DmHJvS-8lklT4Zm50bVh7U','Maple','f2fdic','',0,'https://wx.qlogo.cn/mmopen/vi_32/hs9hrPl98IFY55GQnMJEdicnzjd8D9ianYSy5jvg9ZVBWtf2PymeIyMlJarXyHzV5QLn7EkZFReENVA2gC4I54xA/0',NULL,1,NULL,NULL,1510582575,1514257043),(368,'oyl_00EpMgdD1i1A-8a5EPSpZ78c','雪旅人','jdwSts','',1,'https://wx.qlogo.cn/mmopen/vi_32/Q0j4TwGTfTKRVVzjNNDPEBkhsySbngpxzJE1gtR2yIcL5Qa0qyaiaMOKH3DguSxxrJM72Q6sBsYH7rCibrv9r3DQ/0',NULL,1,NULL,NULL,1510583910,1514023240),(369,'oyl_00IHWbktqMZ53FisnRTDWPG0','微信昵称','Lw-5_s','',1,'',NULL,1,NULL,NULL,1510585144,1513177826),(370,'oyl_00LAJW_dGM66bj0gYDNOB-_U','微信昵称','pIsd_E','',1,'',NULL,1,NULL,NULL,1510585146,1510737525),(371,'oyl_00ADfabRjm9Ktz--yC7Awfrg','最爱美晨晨','xb-Dkd','',2,'https://wx.qlogo.cn/mmopen/vi_32/Q0j4TwGTfTLGibDGxtdFAa3s3rJiagSH4In4Bg6UwUzibXBg8V07ticwd7nnq00KhSMNlJmx8Xr3Zdic4o6trdjNukw/0',NULL,1,NULL,NULL,1510619048,1510619149),(372,'oyl_00Ox02vNMVYWnjO66ChTV-pw','微信昵称','teXjjm','',1,'',NULL,1,NULL,NULL,1510619064,1510619064),(373,'oyl_00FDm-MeETbRIP_xpN5HGYe8','林彤','chPgij','',1,'https://wx.qlogo.cn/mmopen/vi_32/Q0j4TwGTfTLC1Rrty4PGCLzQKVRMbVM6Oku7kKDVPAsnPKdJmXiafBmic0cfYXKUrJhibR5QcUqDWlicY8yZbgwfOw/0',NULL,1,NULL,NULL,1510619302,1514258760),(374,'oyl_00C3_pa9yHlaBBCSKBAya8Ho','火龙果','GRD7Li','',2,'https://wx.qlogo.cn/mmopen/vi_32/Q0j4TwGTfTLT42iac3SP1n0wniacz7jm2fX3RSOSDnx8LQhL1hvagbgTLCOl3nysdWicNpuJFoAKDSQ995FlBAia8g/0',NULL,1,NULL,NULL,1510620173,1510620173),(375,'oyl_00PefP1_WJyrW1WrlA2GXVhg','圣陶莎&加西亚瓷砖小婉','NUtp_m','',0,'https://wx.qlogo.cn/mmopen/vi_32/DYAIOgq83epUEQPbYoVA7orsdCJSPlEibFdsClO11TXhKEwJibDZzcPNmHDWewl95aQYtOFicbQD57Miau9rFQ6bicw/0',NULL,1,NULL,NULL,1510620288,1512984879),(376,'oyl_00FpGuY2vGuha2eyq5Nm0dp8','杨娜','R4yaMt','',2,'https://wx.qlogo.cn/mmopen/vi_32/PiajxSqBRaEKTxliatAHEGhgFFFJicmHTYYDcxGJ03wYaBzIicuBehdwILrtqnH3bOXvYyTFkmQF4WPsTbosj2Qv4Q/0',NULL,1,NULL,NULL,1510621814,1510621814),(377,'oyl_00Oflj4xEfeAmKw0cFL8icB0','五花','rk8E_t','',1,'https://wx.qlogo.cn/mmopen/vi_32/Q0j4TwGTfTJAbyswC1Itq2zTvCzlf1f2vkYibQgRlMzwKe9htQJwgTlOHAcTHbDibk9tia1aTHs0uC9aHM5KVpcsg/0',NULL,1,NULL,NULL,1510622380,1510622380),(378,'oyl_00BSOe4tDwtGIIandrW2RAHs','จุ๊บہ青春没了','qrtamB','',1,'https://wx.qlogo.cn/mmopen/vi_32/Q0j4TwGTfTJib7mXvibEiay9VIibSsDku3ZI60AshkAqbia5aCzpTYzGZ2hpYq8QG2BpcJ6oY7a3pH9hZADQr12w57w/0',NULL,1,NULL,NULL,1510623610,1510623610),(379,'oyl_00G_RQ4-4Attuv6ytWpXa-E0','微信昵称','ojDKbG','',1,'',NULL,1,NULL,NULL,1510625555,1511158272),(380,'oyl_00G00_3muZ1F1fMtodOcAmKE','鸿艺鹏莱装饰-方工','xWqCgS','',1,'https://wx.qlogo.cn/mmopen/vi_32/DYAIOgq83epWhBLeic55ceSSPCicjX2xoiarhJzFpkI2MmX2zXbXnJweJ9zJho7GSxt5G6cSLahVQniazV28rWmWGw/0',NULL,1,NULL,NULL,1510625735,1513836920),(381,'oyl_00CNrExEJaMW8MRg8XUiS7KA','微信昵称','aJ4kJM','',1,'',NULL,1,NULL,NULL,1510626008,1513164142),(382,'oyl_00Ji8qMG8ZfUJuODWDTMbBoM','微信昵称','0MU9mI','',1,'',NULL,1,NULL,NULL,1510626010,1510626010),(383,'oyl_00LiOVB9emF7IMb4prTtSK68','lilyCoco','TRNHP2','',2,'https://wx.qlogo.cn/mmopen/vi_32/Q0j4TwGTfTJm46KRR5poUHZmKbDTic66fdDmq3tAibS7ic74agTiaaUwvEoTnwrzib4w2bYw2IZKTIGhDPzxNvB8qNA/0',NULL,1,NULL,NULL,1510626106,1510626106),(384,'oyl_00AjSnxVExixMYcWjm7Dlljs','zhengjt','a8ytdP','',1,'https://wx.qlogo.cn/mmopen/vi_32/Q0j4TwGTfTK9QgMJF3tzxbsGSEvQicuPfEGgV5TPibObgSLyfGINzgQEm1EPeQZdrnseEWBA8yXPBV4292OKpNPw/0',NULL,1,NULL,NULL,1510626300,1510626539),(385,'oyl_00IxO0qBiOjcG62YJGSi8ES0','微信昵称','wA9BIB','',1,'',NULL,1,NULL,NULL,1510626859,1511837699),(386,'oyl_00BacgI4DcvVNX3tsSwsws7E','balke','BdiXYI','',1,'https://wx.qlogo.cn/mmopen/vi_32/Q0j4TwGTfTKV7whdOgaEs9qm6z1rrz7AKR8Hcux0hBlSNwpzP19cebPcaYISQCiaaJN29LYksPYjYyfZJkZicbCQ/0',NULL,1,NULL,NULL,1510626882,1514430049),(387,'oyl_00MqmubHzTue8Gx0bi910EvM','政道李','IqYxGh','',1,'https://wx.qlogo.cn/mmopen/vi_32/Q0j4TwGTfTITh8rlBes9KZVBZAU5GCJrLjvOJsTDo6ibbC8fSaI2MbeDJ5ViaIKfBfPjibPtxfGrFiaFeHK9wzfsyw/0',NULL,1,NULL,NULL,1510627658,1510627658),(388,'oyl_00HE7Zdj_1mWqUwKDsZxY0QM','罗霓','ZZftco','',2,'https://wx.qlogo.cn/mmopen/vi_32/qVyWEqek2Y980agCLMyRqlzwOfKEJXPy29cveULae76Z0FVRia7NFl8uGKtUVQ8loiaYaYWic01m7sjoPpZ5qu11g/0',NULL,1,NULL,NULL,1510627818,1510711096),(389,'oyl_00MlUlFC8c6iE3cyzWKSvsMQ','A~尚品宅配张亚鹏13511063414','jkI5G1','',1,'https://wx.qlogo.cn/mmopen/vi_32/9weMh8kXsUGWJPVa218daiaClN3ichibc0miba5eJaThn4CQFCMXbSjNvMDT2lhx2T9s6frq9SUmk5TrFt5Rh6WfUw/0',NULL,1,NULL,NULL,1510628507,1512190894),(390,'oyl_00AjU7iBJwx6vX64J6Pkuj30','微信昵称','p2VRc9','',1,'',NULL,1,NULL,NULL,1510628618,1510882926),(391,'oyl_00OcGsGaz9vOjU24zR6F94MA','aaron睡虫儿','Rn9Z64','',1,'https://wx.qlogo.cn/mmopen/vi_32/ajNVdqHZLLCh8W7RyMkluKqWjLoxoKqkAJCkbgHvJbOpjasKkdibnNYeib8YQNE8Ar9OmJq2icP8RWlWyDZlHAxNA/0',NULL,1,NULL,NULL,1510631720,1510807130),(392,'oyl_00Dfe-r3bc_lE7GGUUkQQ2uw','jia','d9blF4','',2,'https://wx.qlogo.cn/mmopen/vi_32/Q0j4TwGTfTLcSzldKnicbsulUmaIY6lE5PHuvOdicv0jzRkRQ3j0TrgiaFP1PJh6jiaAXMX3Ib4RJ2lqc5KZGACG8A/0',NULL,1,NULL,NULL,1510633931,1510633931),(393,'oyl_00BrBUxowxiRf-DajR5RgmH8','踏雪无痕','IwJiJp','',1,'https://wx.qlogo.cn/mmopen/vi_32/DYAIOgq83eoYrUBVN8RSmQ85UePAMqQBUqCovtMqAfWo29VU18uxhNPv489raHAQbwHKkylAzfW9VBFBDNWvLg/0',NULL,1,NULL,NULL,1510636495,1514126076),(394,'oyl_00HMbvEhHmFZ2UaHTudrlz8E','微信昵称','uLAnVZ','',1,'',NULL,1,NULL,NULL,1510637464,1510637929),(395,'oyl_00MxVcG7omiCYIa-vlvthQ18','杜鹏','Npg8i9','',1,'https://wx.qlogo.cn/mmopen/vi_32/LGXAAIp6YCCKR9rsTzOicLJUwLcaHggibzWlFVRxMjofbbIxAgel6OI72M0Ta1qSYV0etiaoHNr4WI84V2JUqMWXQ/0',NULL,1,NULL,NULL,1510637717,1510637735),(396,'oyl_00JhTZeiXIC3wzF_5BvAy9GI','55家小编','u267Ma','',0,'https://wx.qlogo.cn/mmopen/vi_32/DYAIOgq83eqCBb7bPNG98Jz4qyDStiabbIYBFpQudPMria6CyZ2aFibPk1fTfJ9bawRAQWkcgMhD8sGFCaicyzZZ2w/0',NULL,1,NULL,NULL,1510640393,1514427362),(397,'oyl_00Fh_SmUSm-o7bw_b4lxuhbs','晾霸晾衣机魏丽丽','DbwTMe','',2,'https://wx.qlogo.cn/mmopen/vi_32/Q0j4TwGTfTLZB4FQvtv8uCjBpTJ7MBVdwMC0YKmC95cqpMeA0NcMW14QJ2BC0cqVfIfpEwhZL4fL3MhXSWaWcg/0',NULL,1,NULL,NULL,1510641389,1511153937),(398,'oyl_00G_J7RiJ5pr-H9QVOuEgQ6Y','A德高门窗～小帅','XjC82v','',1,'https://wx.qlogo.cn/mmopen/vi_32/gJDkiao1pUZGtQ7S9m2YiaqCL3sTr9F0KVicwIY41icJYWfUhHyAUzjts338taYHibfBJLAES3Y2bKh1DJ02tGiaH6FQ/0',NULL,1,NULL,NULL,1510643464,1514341509),(399,'oyl_00HmPEv79TuW2x4IgVWwhBZY','rdgztest_SVJIBZ','FUSjqL','',0,'',NULL,1,NULL,NULL,1510644283,1510644537),(400,'oyl_00Gxq8A-AdVp50rdECfg-CUk','@董春武18101110181','HYXEm0','',2,'https://wx.qlogo.cn/mmopen/vi_32/SUPicg95cdjfMZqyrcsBxn1ohv76E0NPDrhZoGPjFAD4SSSDmaGIEjfbf3BVCTbcVkHFe5lDOGR1I5TdNbHxPicg/0',NULL,1,NULL,NULL,1510644466,1514260202),(401,'oyl_00KHaNzP11MuLRinYUXM7YZA','平安穆文翠','nkCZtx','',2,'https://wx.qlogo.cn/mmopen/vi_32/PiajxSqBRaEJEAJ6OQaBD2XVSrPibE9EV9mz2cMnuFNzbRMTI9bZo1N0icibGycRiaXaNs9et7qLmcbbScz3OEatlDA/0',NULL,1,NULL,NULL,1510645521,1510645548),(402,'oyl_00CPplu_qNJ5pakWNIo4v7FQ','AA华伟工长15110037707','C2pAhL','',1,'https://wx.qlogo.cn/mmopen/vi_32/aAYK60SBd5fQ7wuNpKO6LcSfNhyHIF80w1Up2BPFfwohnsXIVR6vyFtYQhDffVM0XR66IZ0bEOicAmfaw5zhS7g/0',NULL,1,NULL,NULL,1510645812,1512025175),(403,'oyl_00K53DydFxfALcgg5i0J_W_g','微信昵称','YsC2CD','',1,'',NULL,1,NULL,NULL,1510646533,1513317178),(404,'oyl_00LmTl_A_tFR-Y4D_NBTVShQ','上山打','eT-2qG','',1,'https://wx.qlogo.cn/mmopen/vi_32/Y3cVvcicFhbfiblcuyKppvLgY4GWDTt72qBOaoM8VJL2ZvAp9nL1o1RDrPfdUtrlfAibmibqERgbbZ2oBuzZbiabicSQ/0',NULL,1,NULL,NULL,1510647246,1512735474),(405,'oyl_00LknZahYkgOv23Lj1_2R5fc','悦悦','waR_ML','',0,'https://wx.qlogo.cn/mmopen/vi_32/Q0j4TwGTfTLq779tqhdAofnNhyaGBTtLpCdcxJO5a7M8yGccHibfRjVKW8QWp5ohSpXVPdDHpR4r0pPACib59YlQ/0',NULL,1,NULL,NULL,1510649296,1510649296),(406,'oyl_00A0lbMV8DFNtdfAeIX0ud3s','微信昵称','wyNkoD','',1,'',NULL,1,NULL,NULL,1510651717,1512439356),(407,'oyl_00PouzL5mWxMIr5aSTHIfZ1o','大神ADKASAR24','YAz4Gu','',1,'https://wx.qlogo.cn/mmopen/vi_32/DYAIOgq83epCKX6gXgpBFDaSNBJs3hKzKf9TErjHSgDZHzicRseaOSojib0ueU3uD0PPuI7YnhfhP21my9VsiaI1g/0',NULL,1,NULL,NULL,1510653920,1510653920),(408,'oyl_00Pwvr5djKZgM_7moyC7pE-Q','微信昵称','zb8i0u','',1,'',NULL,1,NULL,NULL,1510655351,1511770506),(409,'oyl_00Cv-tXR684qSoHue-k9xdcc','Wallance','AxVAcx','',1,'https://wx.qlogo.cn/mmopen/vi_32/DYAIOgq83eoDQubRAAlUicZpP4OrKYSzvC2W8X6k01VIibbYfSapicicVr716RllTvGibYu8JeBCKBv4ElM29WIgGEg/0',NULL,1,NULL,NULL,1510655510,1510655636),(410,'oyl_00BDZkT96rjUq9J81nn4aBXU','微信昵称','kT8maI','',1,'',NULL,1,NULL,NULL,1510655936,1510655936),(411,'oyl_00NFp3Ifz1nrZFtj8Q6p6n8A','微信昵称','NDscdt','',1,'',NULL,1,NULL,NULL,1510659255,1510659255),(412,'oyl_00H3-or0aBzU4Xcc7LvnVKck','强强','UWhzlY','',2,'https://wx.qlogo.cn/mmopen/vi_32/Q0j4TwGTfTJ43PVmFicrpnlYjQtbk8OAn4V4DBRj2QBCoKffuuLr6ib6fOCAul0L7T3Te1EuqboSp2aCKkRrDy1A/0',NULL,1,NULL,NULL,1510660175,1510660175),(413,'oyl_00AxiUHP9YJMoiFJelOI9xSo','秦雷','YEZxpL','',1,'https://wx.qlogo.cn/mmopen/vi_32/DYAIOgq83eo5YAJRl47ibsLjyF3W4aEtj6fB4Ohtns4AEAXDDeBNMexuGlKGygUSXdER7hJgNVU5Lm1jQBLSQzg/0',NULL,1,NULL,NULL,1510663828,1512531824),(414,'oyl_00JGAxEdc07R4dLE6kDDH0zs','微信昵称','OuVlLM','',1,'',NULL,1,NULL,NULL,1510664883,1514122035),(415,'oyl_00PQFdET5d2EaRD4l_g__81E','微信昵称','sF_d-N','',1,'',NULL,1,NULL,NULL,1510665024,1510665024),(416,'oyl_00NZGbOupkPmG6Rgku9SV-hc','微信昵称','B3ICyb','',1,'',NULL,1,NULL,NULL,1510665881,1513344328),(417,'oyl_00O5X-19MoTeGY0Z7YPRg-rI','微信昵称','QDKAY2','',1,'',NULL,1,NULL,NULL,1510665918,1510665918),(418,'oyl_00JKJlveJ2BbpgRR_Up1hNjc','微信昵称','uWXN0k','',1,'',NULL,1,NULL,NULL,1510667121,1510667121),(419,'oyl_00JZzc4g9eHaxKFMrsj39vrM','微信昵称','QqgHqR','',1,'',NULL,1,NULL,NULL,1510668513,1510668522),(420,'oyl_00AWQTC3kk7hb6W5KEeZZwqk','微信昵称','sIk0UH','',1,'',NULL,1,NULL,NULL,1510668520,1510668577),(421,'oyl_00CONMc97HP4YehjbA1VGvoM','微信昵称','TJxIFA','',1,'',NULL,1,NULL,NULL,1510669045,1511953283),(422,'oyl_00KoQdsbAfxZFdjODMPy6fcA','淡淡的清香','EDTDUN','',2,'https://wx.qlogo.cn/mmopen/vi_32/Q0j4TwGTfTLLD31ibx9gFuTJPUiamojX52bYiacjiaHuDXALzly4CNLDgn8pw3jncxtZsVZPnzT3pM8dkBEacryAeQ/0',NULL,1,NULL,NULL,1510670878,1513346069),(423,'oyl_00M3-4fTiLXAy1kLvTXPcoyI','微信昵称','-2N4WN','',1,'',NULL,1,NULL,NULL,1510672602,1510711215),(424,'oyl_00Es1p2zpIir2mPA2ae18BiY','ivy','Hh3Ait','',2,'https://wx.qlogo.cn/mmopen/vi_32/DYAIOgq83epujtPQu9Nylv97vImGYk42Whozd7pBq3zOwH1EGwkI8HjV4o7gfRouu5HJAATlr2yeNiaibeI0f0tw/0',NULL,1,NULL,NULL,1510674719,1510674719),(425,'oyl_00EYFVBDw_uBPUOzgrXVoAZw','微信昵称','NI36X2','',1,'',NULL,1,NULL,NULL,1510697338,1510697338),(426,'oyl_00OHOLvYcf1yk4Ah-5f766OI','ken','YdghJX','',1,'https://wx.qlogo.cn/mmopen/vi_32/PiajxSqBRaEJ7Eic7aUJZnPCmPeN98P2bm1zEft4jlCr3Nq3lbbPzUjP0buRZhVzDF2iceZeSKdd5BbAicY65PTE3w/0',NULL,1,NULL,NULL,1510706901,1510706901),(427,'oyl_00M-0Lp89kUM0fTp7BjMiERc','五号线','gxAOL7','',1,'https://wx.qlogo.cn/mmopen/vi_32/Q0j4TwGTfTIicP1YhNaiaFph5EEmssfndpBCgWicI6tIQfrmAqoOm2SBPDwoFKJnhCia3uibMXo0hx9LL1CETTFqmWg/0',NULL,1,NULL,NULL,1510710086,1510710086),(428,'oyl_00Ep83wulcTbios4b3Lw2hR0','微信昵称','b-6oV_','',1,'',NULL,1,NULL,NULL,1510710648,1514112622),(429,'oyl_00HmAcx6pMIdQXcYXL83tyBo','微信昵称','xwL_gE','',1,'',NULL,1,NULL,NULL,1510711198,1510711198),(430,'oyl_00DPuFCzBWgz-SzqHQT8c3QY','lq','IZ4RIM','',1,'https://wx.qlogo.cn/mmopen/vi_32/DYAIOgq83epVeagKcVaemSAO058gv9KaXFr2SmSGya7y3DdYCdfic66IQJM8B1SCPC9kdDODNLn8c44aXkpBiaeQ/0',NULL,1,NULL,NULL,1510714453,1514106110),(431,'oyl_00NB4lLcqumW2ecjY5kZGQ00','微信昵称','aSLVgA','',1,'',NULL,1,NULL,NULL,1510714473,1513240219),(432,'oyl_00JSspXmW7vAu3_6jQrzk9Q8','微信昵称','ajFk0N','',1,'',NULL,1,NULL,NULL,1510715386,1512111844),(433,'oyl_00Ft-uRQWJli4KGuD9Sp2LTA','梁志勇甲醛检测治理1355240469發','H8ocXY','',1,'https://wx.qlogo.cn/mmopen/vi_32/DYAIOgq83eqxjOW9icJxp6ooaYPFibUJPhBD0gYUtqzzATXg5wia77lJS2zaSmF3t7q7MGvsicDhozJhgxPmHjibZjw/0',NULL,1,NULL,NULL,1510715423,1510715630),(434,'oyl_00M-5T7Sbhv4MIAtYe2npzes','zy','Ok5DSr','',1,'https://wx.qlogo.cn/mmopen/vi_32/R7FNneNtgccZl94h1zfyiaibBjEaJY1NpK3Ex9JeXlUJlzgnPtuFm4rsAOgpiaEMshf94cdAtk5pxVzwqhdUSwE0A/0',NULL,1,NULL,NULL,1510715529,1514269518),(435,'oyl_00GUmVhR7lSxQgH5XSN5NTho','大吉大利','PCYwo_','',1,'https://wx.qlogo.cn/mmopen/vi_32/Q0j4TwGTfTJBYrrYCj4vov9BeCdqibK6tmOcvkDXaSibQrwFB6dDiaQicy7tv1nb4Yf53rh0Y73vOmwbH6wJvQqMow/0',NULL,1,NULL,NULL,1510715778,1510715778),(436,'oyl_00NmgKsuqPjZa1HT_d83V_sw','Andy','z9Z2yz','',2,'https://wx.qlogo.cn/mmopen/vi_32/Q0j4TwGTfTLsDKdicDhnFuRLsCdHDc8UiceGGDjgERx3PY2EabWppAOnlTwI17q38IH85nX2JtrshYJsuln683ug/0',NULL,1,NULL,NULL,1510715999,1510715999),(437,'oyl_00M0xzIGOAw8BofPEw4XJlao','微信昵称','ITaOnH','',1,'',NULL,1,NULL,NULL,1510716520,1510716520),(438,'oyl_00JEpup6rWRo1SAJpGKsQttI','微信昵称','VfSA-G','',1,'',NULL,1,NULL,NULL,1510716956,1510717047),(439,'oyl_00MThINFRRxB2n84URgkSU8A','谈远滨','BLfdDI','',1,'https://wx.qlogo.cn/mmopen/vi_32/Q0j4TwGTfTK98V6YdT9CJec1muL0IZbbMHWLqy6ibRIPJibLwM1cPJtjQAZ9gFX8gzZR2ROb4UzQTdo4vDlxnY0A/0',NULL,1,NULL,NULL,1510718065,1510718065),(440,'oyl_00OYQjDa46exno-cIkxZUXXM','微信昵称','RlGCZ-','',1,'',NULL,1,NULL,NULL,1510718085,1510718156),(441,'oyl_00OmZGP8BJ4yANVdS7PDQzaQ','微信昵称','0prs7L','',1,'',NULL,1,NULL,NULL,1510719369,1511759426),(442,'oyl_00J9hW_BDYOcK5mhY473sAmo','张娜','N2ej_G','',2,'https://wx.qlogo.cn/mmopen/vi_32/DYAIOgq83eq3bmibvQd5FsqibxrVxN5svf3XxG8K5icqTLXJnU0XqROFRxwickBbR0Y39c34Qo12urzlm928ZfFbMQ/0',NULL,1,NULL,NULL,1510722028,1510722094),(443,'oyl_00OnkwfCXtIWzmaZpv0V-ZQQ','微信昵称','pkrHG1','',1,'',NULL,1,NULL,NULL,1510722327,1510722347),(444,'oyl_00J9ECJ6_vWHP_iT_kOrXJbs','七色皮皮','C9vtsS','',2,'https://wx.qlogo.cn/mmopen/vi_32/Q0j4TwGTfTLEaiaNGn4Ss6rbvzxgszab7BldeI9ZlstTmMdaVHVRKuZGlfS9OZLjdka3ibOEWQrficUVtiazpcgDYw/0',NULL,1,NULL,NULL,1510724429,1510724429),(445,'oyl_00KIChVV8fEdoQgYON6bHxv8','丫   头','bOUPH1','',2,'https://wx.qlogo.cn/mmopen/vi_32/ajNVdqHZLLDFQD3tKlqvIGzETZ9BqKFsEqIF2KpBsbaIGr6h3EkL8tDb6jNafKmMHysFmFFTDxFyUJYwR8bPOw/0',NULL,1,NULL,NULL,1510725133,1510725133),(446,'oyl_00LILaBLTR2D_yrCtyu3YvJQ','微信昵称','0w2nw3','',1,'',NULL,1,NULL,NULL,1510725543,1510725543),(447,'oyl_00MS2dg7ustuDrlpgm45Hdv4','赵智','f9DI5w','',2,'https://wx.qlogo.cn/mmopen/vi_32/Q0j4TwGTfTJUlRd4IKK2GH8H07xneibnIg3S9xEialgyG9WOBwErScm0FkbeoRZOYgBSDr0Hflu8Mq8hr9uMsZSg/0',NULL,1,NULL,NULL,1510728048,1510728048),(448,'oyl_00FM615BSt4ZWrjtqnZNJuQI','天空','uBL7xP','',1,'https://wx.qlogo.cn/mmopen/vi_32/Q0j4TwGTfTINxmLYZrZrhqyyyvcia4l4A9QY2ZwwbHicgbNHAuuXvqkljkvrugx20Bzqf3zegfFtuFHfBplcQmWQ/0',NULL,1,NULL,NULL,1510728095,1514265339),(449,'oyl_00PE-zoTzjq8sW_E6V8xwkKA','微信昵称','Ga4UNW','',1,'',NULL,1,NULL,NULL,1510728118,1510728118),(450,'oyl_00HFoQ8unwpU0tdrZR-AZCMM','微信昵称','Vd4Kc2','',1,'',NULL,1,NULL,NULL,1510728553,1510728553),(451,'oyl_00GJK08ZrwthVy0Qfy7JStFY','微信昵称','_XTBd-','',1,'',NULL,1,NULL,NULL,1510728932,1510728933),(452,'oyl_00BqZG2VsY8SJNyaIv_caXlE','Zhang Qian','qppsUg','',2,'https://wx.qlogo.cn/mmopen/vi_32/Q0j4TwGTfTKbibVHOpLotibJO7fKqv5fxmGkeoLwut0COsOlddEy4DIEPVMIKYGNUsLBtMMXSrdX0Wm9ticmvB33w/0',NULL,1,NULL,NULL,1510728990,1514274992),(453,'oyl_00FuJUbEgK8l3OZy6jU1KI7k','微信昵称','pLLZfw','',1,'',NULL,1,NULL,NULL,1510730404,1510730430),(454,'oyl_00KQo1BWCblgUT5LreGMX0GM','陈陈','Hr3KuZ','',2,'https://wx.qlogo.cn/mmopen/vi_32/DYAIOgq83eqPLgdyxpkJ9HfQxAuEF2HMlsw78kC3ecjloG8ia2ZvnaQH2yTFreoiaRW07LZkmSf0QqTweaoicYCJg/0',NULL,1,NULL,NULL,1510734079,1510734079),(455,'oyl_00OhpbHvDXyCT9-PO7Unhm6o','岩宝宝的龙(o^^o)','f3Dvdn','',1,'https://wx.qlogo.cn/mmopen/vi_32/YrH8s4yOePCz7dn2Xrplh4wp0iaia6c2MUnt2Q5KMybX4xFySVtmvEVXk4dsYBnm3UyJv8VSTFxKMm9KVqnDZn7Q/0',NULL,1,NULL,NULL,1510737312,1511767426),(456,'oyl_00DXdJNVRd5o_Rz9NHIfBGUM','微信昵称','l_yIca','',1,'',NULL,1,NULL,NULL,1510740529,1512780943),(457,'oyl_00CxSkgDb2-rUEm7bMWZ7U3U','微信昵称','lZ5YyA','',1,'',NULL,1,NULL,NULL,1510742540,1510742540),(458,'oyl_00G6nPLesnhCUmPX95I--hIU','隋冉','JtlL-j','',1,'https://wx.qlogo.cn/mmopen/vi_32/DYAIOgq83eqb3GxYGO6P4eP3AvIR1bofAWbyv5qVa59I22wTgTVr56Cceeg7ib1dkJs4hNViashiblSePMUVuzdcQ/0',NULL,1,NULL,NULL,1510746802,1510746802),(459,'oyl_00AdOWzs5l26JwH8IeebvXGA','微信昵称','KRheIB','',1,'',NULL,1,NULL,NULL,1510755071,1512195305),(460,'oyl_00Aby8p4YJI8VIXMqAsEJkrc','就叫木子李','_bAvXG','',1,'https://wx.qlogo.cn/mmopen/vi_32/Q0j4TwGTfTLFcXkVliaLrA93Tg0v87aicjTicFICJ4g5totSKQ37HCI3Ls9Q6RLZUyT24UsOia0tPXn2yS2qurE6Cw/0',NULL,1,NULL,NULL,1510757840,1510757840),(461,'oyl_00LpJm7iZGUUwc9IQj_70gE0','七月','LJHOtA','',1,'https://wx.qlogo.cn/mmopen/vi_32/DYAIOgq83eoMGNBxAGzemPwOvot7hbwXWGGhrVqibyRwWfDEg0Exianfj1AS1jh2vMqPJe4OcjubemChwbml9wQw/0',NULL,1,NULL,NULL,1510757849,1510758420),(462,'oyl_00H1_m5YFM5__9-aD1ptDegA','一枝花','yuqQ3T','',2,'https://wx.qlogo.cn/mmopen/vi_32/Q0j4TwGTfTLJaL1bbogibQBxj4RvCz3Z6PmVKIWOjKtAw2mG1DyibllRh7aIRHKC8bnJibbcp0s2LuzRrM0j2WQOw/0',NULL,1,NULL,NULL,1510796573,1511100648),(463,'oyl_00C5Psz-6iVErrfiF-KwTGAI','诗尼曼全屋定制-王成','Nr6_3C','',1,'https://wx.qlogo.cn/mmopen/vi_32/QgibH0n5ueIRP4QlqwEMr3EQzB5RbMVvz3KVmMoar3RQ95PAteicHjtM5OeDa21iaD3iaS318JibDEbcNwNh6ojZkZg/0',NULL,1,NULL,NULL,1510798068,1512137817),(464,'oyl_00P51e_h23qGlCheEkufD2No','HY','c9j8S6','',2,'https://wx.qlogo.cn/mmopen/vi_32/PiajxSqBRaEINicMJv5bjGibEibaqoJ5RSOb2nCvyD1iaXUZhhYN6riauAoLiaqzuonSloJ389iamyAFx529sMRn0Ox2icA/0',NULL,1,NULL,NULL,1510798717,1514378928),(465,'oyl_00A_V6-TS23euuHvENOhqJco','微信昵称','hFyfW5','',1,'',NULL,1,NULL,NULL,1510798771,1510799114),(466,'oyl_00H-ko6fEkpXy4em4Siaje1Q','林莹','Ae8nzm','',2,'https://wx.qlogo.cn/mmopen/vi_32/DYAIOgq83erCKgoicMe6VPCnKgTBE4SEnkNGxWbtFAWUfgLzDK9icqg99o3vu2ictfzwSHF1QqDE76OsRFUic2GNqA/0',NULL,1,NULL,NULL,1510798960,1513735268),(467,'oyl_00BbR-I6oU6BFbUe6DMEX-5o','陈世斌','Nk04-t','',1,'https://wx.qlogo.cn/mmopen/vi_32/DYAIOgq83ercqAmedBicnxQ45Ygo0Jqjuzjq54YeIFzRL8wcRUNlyCibMOGUn46jEDp9iaIhhibAmicCcnk1iaRXQbVA/0',NULL,1,NULL,NULL,1510799006,1510799006),(468,'oyl_00DBFlzwkbxhBiPjhPJC3atA','韩冰（平安贷贷卡还款）','HSZSeV','',2,'https://wx.qlogo.cn/mmopen/vi_32/DYAIOgq83erKI8UCshNDMC31oqtSnZMdQa5ZywciaDKZYLUhtxwC9libgZwB05OaOXZ0QebIXC30Yb1THS8AGSLQ/0',NULL,1,NULL,NULL,1510800482,1511677838),(469,'oyl_00NoJITGyK-DR7lzjhyG9Myg','瑞士天王','hDpQ8T','',1,'https://wx.qlogo.cn/mmopen/vi_32/DYAIOgq83epUM6YMGgk058iagxXUicLtFdXd5yFJXrWJ6cDicZEDCTT6kOWbNVaIyZuSyFiazcaliaibz6vEdvicn4T1w/0',NULL,1,NULL,NULL,1510800951,1511331818),(470,'oyl_00IVPcZPpvpDw7FP_jmrcb5Q','我心飞扬','e3rqbs','',1,'https://wx.qlogo.cn/mmopen/vi_32/Q0j4TwGTfTJLnhbu7NvvOUf17LmrSDpuianGib7oCTjg91ibWFFbLQQCGYxvj4RGVibxuzL4EyacqfsFFIwv5Rlbdg/0',NULL,1,NULL,NULL,1510801254,1510801254),(471,'oyl_00NxLJdSM6VkxEFXxjNjpP_U','Gong','Fki9Gz','',2,'https://wx.qlogo.cn/mmopen/vi_32/Q0j4TwGTfTJlxEBmcCeqzbe6em5ZBGiaQ1YF1XHO1z3t29gxA5CyKtZDBPibJD2v82gRIyCD16HwqHhZRibvWeCibQ/0',NULL,1,NULL,NULL,1510801495,1512714148),(472,'oyl_00En0PuUCK41lxEiF-NPZ9IM','微信昵称','YVn3D1','',1,'',NULL,1,NULL,NULL,1510803721,1510803721),(473,'oyl_00K-CiPoFepAK85m2Af6Lf6k','微信昵称','nYDzcn','',1,'',NULL,1,NULL,NULL,1510806364,1512194165),(474,'oyl_00BjyQCL3u153upHY9E9xyoA','微信昵称','izbDxc','',1,'',NULL,1,NULL,NULL,1510810865,1510810865),(475,'oyl_00GqYBEcsBS6ajkSRUluamoc','微信昵称','iv0ptL','',1,'',NULL,1,NULL,NULL,1510813789,1510813814),(476,'oyl_00Oo2VuRLfDB0-8boZ1hCkn8','大苏','GTA7C_','',2,'https://wx.qlogo.cn/mmopen/vi_32/f7HKia2bgIygECRjcxrJPpyib3AJ0XQUrGBiaicHnVbEHNwnMvfDH4vhJf42M5trEYKaS4YhM1xeFKUa72tic2m13SQ/0',NULL,1,NULL,NULL,1510817644,1511445209),(477,'oyl_00Pbve1NOEcNFIAtnhhFvNtc','微信昵称','Qwh5-D','',1,'',NULL,1,NULL,NULL,1510822581,1511243771),(478,'oyl_00MVCK-vkh_KDqHRB534fopA','微信昵称','euN27m','',1,'',NULL,1,NULL,NULL,1510822730,1514172166),(479,'oyl_00MZnjDMgkt38qnD_ZArNxf0','微信昵称','VviQda','',1,'',NULL,1,NULL,NULL,1510823482,1510823482),(480,'oyl_00HWjYxp0BJfYevF_zerPnoc','微信昵称','Z7HQyB','',1,'',NULL,1,NULL,NULL,1510827229,1510827229),(481,'oyl_00DscXvxYQvYF_lfyffV7NcM','55bbs网站招商：13011865196','dTxwm0','',1,'https://wx.qlogo.cn/mmopen/vi_32/pUfgO2leRekCJN2cCmUKAqxhcvwdiaGPtnPKmHJJpHJmYnjxTG36hVqEG9hMaOMIFNb3pPQic0oiaDOQdh4ZicxmicA/0',NULL,1,NULL,NULL,1510828694,1514438198),(482,'oyl_00BnyC7bQPrnzSIoo9vZKMTI','微信昵称','r1s80h','',1,'',NULL,1,NULL,NULL,1510832787,1510832787),(483,'oyl_00N1Y6FYmsJXZ0aLIVmf9cs8','蒲公英','iQF1Dr','',2,'https://wx.qlogo.cn/mmopen/vi_32/Q0j4TwGTfTJSbrWpg5jOoMggZsnnzseAXm3vfBKrnmmsK0aqdicgdc8M9hQnKV4hwxtFp0XvbTrycSIfZOkTPRg/0',NULL,1,NULL,NULL,1510832807,1513859320),(484,'oyl_00O2biv0JTyZ3c9lw--rPiCE','秀姐也疯狂','R_QP6a','',2,'https://wx.qlogo.cn/mmopen/vi_32/DYAIOgq83erXu9lYnsLyz69qlxhvQ0UshZMibibXanW8PUAPB0EpZMnhCvViaQy8P1p6wic58nhNLqCNElyvlQBXEg/0',NULL,1,NULL,NULL,1510839205,1513923977),(485,'oyl_00OYHCS2a58YxQgVH9c9BGOE','昕烨','lb5TR9','',2,'https://wx.qlogo.cn/mmopen/vi_32/DYAIOgq83erAmsJ1ILfQZ3oqRkpsP9ic0KN3IFjSb4yj4dJpVFVyYVic5nTHD23zz5rg4wvXxHGrL4AyGXdOmicibA/0',NULL,1,NULL,NULL,1510883542,1514427543),(486,'oyl_00AqDMmFVeaviboO9UBj9iRo','蝈蝈','IjpgTy','',2,'https://wx.qlogo.cn/mmopen/vi_32/Q0j4TwGTfTK60jPpxf8RGiaHLA4yVwrqiceDoc8E7vJmGywVgiaEKd176tIDkHIgxegIlcfgbJHg0X0dZB9USR5SQ/0',NULL,1,NULL,NULL,1510890213,1511428084),(487,'oyl_00OMpR924C2u6Q-sFe0nG0GQ','荣小小','avIEii','',2,'https://wx.qlogo.cn/mmopen/vi_32/Q0j4TwGTfTJQAIibXkia6ic3gExtrzDy13InZ2uVlgYf0huIsOSXD4ysF59z6KUupcRNz5nTgTJksY8kJnkT3QEmg/0',NULL,1,NULL,NULL,1510890706,1512539628),(488,'oyl_00NCLM1j6N5R-6UcrbzcDcew','张小喜同學','XVYX7o','',2,'https://wx.qlogo.cn/mmopen/vi_32/DYAIOgq83ep2lG0WR9va7jDEIGQ14QUY5ibWeqCtibia01K9Xg9RtfUa309fcFCn9u1fM7EZibA7icMDxCZGk1UEia2Q/0',NULL,1,NULL,NULL,1510893616,1514257514),(489,'oyl_00JzAbignVKSVclDYLa3vBwY','微信昵称','Qmdxy7','',1,'',NULL,1,NULL,NULL,1510901032,1512550171),(490,'oyl_00MD2sr10Upyt8stpDgaEMHI','微信昵称','tuz3vv','',1,'',NULL,1,NULL,NULL,1510901189,1510901289),(491,'oyl_00Kp1mE4nDhlHd5SLOdyAoNY','刘晟男','pof4vM','',2,'https://wx.qlogo.cn/mmopen/vi_32/Q0j4TwGTfTInrnV69IAIQPjCxBVxPnpyseubp9mjYxPbopicXtTJ6GePiaJyYHm3l2TNjJTwC0bZm5DNft0uujzw/0',NULL,1,NULL,NULL,1510903834,1513821921),(492,'oyl_00CfhiMGuqvLlv6S_j0X8qS4','微信昵称','rv12a5','',1,'',NULL,1,NULL,NULL,1510905574,1510905676),(493,'oyl_00I5XjQ2Xk9uw23hvy-Uufi4','微信昵称','dqfOVN','',1,'',NULL,1,NULL,NULL,1510907922,1510907922),(494,'oyl_00IiAa2dPsBx9eb9I9kaDz1k','微信昵称','xgvnmA','',1,'',NULL,1,NULL,NULL,1510917608,1512558569),(495,'oyl_00BSkjQ-0MSInUNf8exYxs54','微信昵称','dlAFtV','',1,'',NULL,1,NULL,NULL,1510925739,1510925739),(496,'oyl_00AmSHV32G3YE1bPjJ3GgAkE','fanta','DG_wX_','',2,'https://wx.qlogo.cn/mmopen/vi_32/Q0j4TwGTfTK4AmMYFOBCm8rJ3bscluA8zj4RuqicocDqRnc3LbBRib1xwfdMWQYGOLGYf4ezC9GaL6iadTtpiclh9Q/0',NULL,1,NULL,NULL,1510927704,1510927704),(497,'oyl_00PcadsF4zPc5IlvCZgjv-Jc','微信昵称','iyEcOz','',1,'',NULL,1,NULL,NULL,1510970130,1510970176),(498,'oyl_00EVtsKvVOUrd-E4FlwDVO6I','沃莱菲壁纸壁布壁画','U_X4E6','',0,'https://wx.qlogo.cn/mmopen/vi_32/vcM6tkqVrfgAAIEtghwPgVa2Y3FRPIEicTNGhpZxuRLNJKxl3qtDlJhNab7A3tiasy7Roib3tJwgp1X9V6u0NmTWA/0',NULL,1,NULL,NULL,1510970260,1510970260),(499,'oyl_00G6q7WO07GNPWn_qldD23dc','微信昵称','irCZAS','',1,'',NULL,1,NULL,NULL,1510970358,1510970370),(500,'oyl_00AzoL2hPXP7sa-V78EgDIjE','zoysia','ida9Re','',1,'https://wx.qlogo.cn/mmopen/vi_32/Q0j4TwGTfTJlmg4VyzgVKYTaHmVM1lianQMzd55ib8HXPZW0T6utJ2GtvMUfGBgyst4JptibEgc4y8pO1dpms9kQQ/0',NULL,1,NULL,NULL,1510984562,1510984562),(501,'oyl_00H8X20HOrS7t_xsce0nh4x8','刘家建','_uj3jG','',0,'https://wx.qlogo.cn/mmopen/vi_32/icrwichU19y0Qtc0F8upEE72UhKqM5zia6AFLumoWdAm3CmA1rOZnBcdtIVyb7FQgliaHr3hsoIjxZtTXbibKviciaTIQ/0',NULL,1,NULL,NULL,1510989217,1510989217),(502,'oyl_00Fygg4264Z6btkG7gOy5oDI','不忘初心','fQPjGm','',1,'https://wx.qlogo.cn/mmopen/vi_32/DYAIOgq83eqJwjNEjwb7tNqB5N3LmhpIhKMPsSKfZ0ibmgqVEeVSDXINZtc5JfMQqJLNrFAI46NwYQOEwKOM18Q/0',NULL,1,NULL,NULL,1510989951,1510989951),(503,'oyl_00Ac1PltCYOg51yJfuI6ahyo','炒肝儿','DdjUkV','',1,'https://wx.qlogo.cn/mmopen/vi_32/DYAIOgq83eroLGAic67LsWzAhicuaIPe4psd4LPQs2pLSbmxcTYKDSpJE73Dmz3ko9k0P5CbBkNEnrch1ibd5OjyA/0',NULL,1,NULL,NULL,1510992423,1514430599),(504,'oyl_00PP2RG9-VM-RbNT3lpiPTPs','折腾不止','pLCDU3','',1,'https://wx.qlogo.cn/mmopen/vi_32/c5aj53Giblx3BPjzTV0qibqVH9ITeag6ib1RtpswR4oVNp4s4QQZJCQ6K7Kr76mXJVnawrQicKJ8dfnb1jLAkRj25Q/0',NULL,1,NULL,NULL,1511002968,1511002968),(505,'oyl_00GDEdSz409TRZuZkMD5REJI','豌豆','g_heAO','',2,'https://wx.qlogo.cn/mmopen/vi_32/4WyIMoZ5AlnJWEw7Wqocyu5Is9nwdegC1QkQbVGNXiaE659ZzUar1eNIS3zAujwQPtf82lDFxN6VnjWs2lwnA5w/0',NULL,1,NULL,NULL,1511005630,1511005630),(506,'oyl_00JiRjsNHRyLTrinDW4fSHAM','沈斌','yJRI-Y','',2,'https://wx.qlogo.cn/mmopen/vi_32/Q0j4TwGTfTKiacsnEI3luW3eGbWezI9jhC50xMn84XUJ2ibkOcWrV7FTrniakCT0m7XCHrppxEVMDT2vVdJJzn3iaA/0',NULL,1,NULL,NULL,1511009095,1511512713),(507,'oyl_00NHDZXUsUXYxDveci6zdVxs','微信昵称','Fffl8A','',1,'',NULL,1,NULL,NULL,1511015658,1511015678),(508,'oyl_00NsI_6nj3LosMyD2KXyNsVQ',' 彩虹 ','LS7sG7','',0,'https://wx.qlogo.cn/mmopen/vi_32/Aic0W5es5psjwwagwUfUibjZibYIkk6MegopfCtgAwf4U45w0fQXtr5KS1icOOva3Jszz0O3ic9XZo0toNqvLepYQNA/0',NULL,1,NULL,NULL,1511016589,1511016589),(509,'oyl_00Nf_qm5lc8_S7isscW4mYzU','康康','EHQw95','',2,'https://wx.qlogo.cn/mmopen/vi_32/Q0j4TwGTfTIRAqjw9wTDHQeHQfTQK0dDJaUx4RMJ72K33VmZmjoiajkaKDkN5pljsF6QFE8DY57Lk5Mvxf9NYJQ/0',NULL,1,NULL,NULL,1511031232,1511031232),(510,'oyl_00CYr1TmhV-YCtqY8mC7HqaU','老袁','mkiN_7','',1,'https://wx.qlogo.cn/mmopen/vi_32/DYAIOgq83erJicxia8Ecrt7Sibl5L4b7B5j1kluTDg74tiacuCqyBibblVb6THwIOBSCmxmcnoeicYoxEiao3gbo8NVzw/0',NULL,1,NULL,NULL,1511050844,1511050844),(511,'oyl_00Bf0THNQyGC08gXdpBTarzE','庄','u17nOL','',1,'https://wx.qlogo.cn/mmopen/vi_32/Q0j4TwGTfTIx6H4BxRAE6S5RxrIE10M2I1xFhlrdWUMCWgciboicnlKf9r7sAkkUZU1SicmgHZib7tHQq6XlAI3zfQ/0',NULL,1,NULL,NULL,1511051209,1511051209),(512,'oyl_00COyY3ZUnnpuOPvqKl7kSQc','','b_bkyL','',2,'https://wx.qlogo.cn/mmopen/vi_32/DYAIOgq83eowXq4W2OXOiaheugn0hyiavGvxZ9ibGAwVsXq87VT1Wg0ckfR4nvfdvL5oQMdicmNFcOibL1lp8Iic8exA/0',NULL,1,NULL,NULL,1511069486,1514101801),(513,'oyl_00JIsezhnvDwl7-2wC_sKF0s','微信昵称','PQNPDr','',1,'',NULL,1,NULL,NULL,1511080396,1512890596),(514,'oyl_00H4kKyR2_w8jAP80a7MUOtA','Sped','YMfwwN','',1,'https://wx.qlogo.cn/mmopen/vi_32/Q0j4TwGTfTJAnUnTKkwFuByW3csVsshv2IvrTYfCRBcKFr5jiaeM6VgJ9Jbmb2dWbhBwjbZhCa3PAicakKeQOj9A/0',NULL,1,NULL,NULL,1511136826,1512643632),(515,'oyl_00Ia9ncVeVRVuUSfKE21bxpg','rdgztest_UMTFHL','MG2FaT','',0,'',NULL,1,NULL,NULL,1511144379,1511409326),(516,'oyl_00FwuGjaHHqTK1aGS-QWv44k','rdgztest_HVERPJ','W87H89','',0,'',NULL,1,NULL,NULL,1511146962,1513818799),(517,'oyl_00P6Z4N5Hmr_zup34chURqWU','rdgztest_BWHMAZ','0nyQs7','',0,'',NULL,1,NULL,NULL,1511149884,1511149884),(518,'oyl_00PqIfpxqGCOMdxFGAYkUZk0','维尼','kns3Bd','',1,'https://wx.qlogo.cn/mmopen/vi_32/Q0j4TwGTfTIQhyTIdGsAeC16TUgbQSuNZqjbwrv1t5TazBjOTPp99lRuAgbILATrtwTxQdTP7nTaRJJBZctI9A/0',NULL,1,NULL,NULL,1511156809,1514334686),(519,'oyl_00KUdKlVsOKS4sT6fGGUDfTI','牛凯','W07rux','',1,'https://wx.qlogo.cn/mmopen/vi_32/Q0j4TwGTfTKYcZF1NYe7jY8bq9mzhr85I8wGibQssXuFKWy4JMlHZCpTFK51wm5csic3L9D2l3icOgk3qHyOa96Ug/0',NULL,1,NULL,NULL,1511157128,1514358613),(520,'oyl_00N2h4sI0nZ30X0eGXJfIa4Y','微信昵称','xfCdbB','',1,'',NULL,1,NULL,NULL,1511160330,1513819284),(521,'oyl_00IqOPvV6YqzyS--k_-iRzU4','微信昵称','MHvyRL','',1,'',NULL,1,NULL,NULL,1511160657,1511160657),(522,'oyl_00NXhLDX5bE5DfTU3UKS0Ee8','微信昵称','o15CyA','',1,'',NULL,1,NULL,NULL,1511160832,1511160832),(523,'oyl_00GQqKtzddGQ8KK-LjjI6ysk','微信昵称','JQBjpk','',1,'',NULL,1,NULL,NULL,1511161032,1514427716),(524,'oyl_00ORTT8myUJ3g0Uyl6m6_uGo','微信昵称','eIlaLf','',1,'',NULL,1,NULL,NULL,1511161065,1514125946),(525,'oyl_00GpIXxcB25pamJ6jIhqW6HA','微信昵称','-QNlAc','',1,'',NULL,1,NULL,NULL,1511161174,1514127000),(526,'oyl_00DuokHtoUP78tX29BMVWc9w','微信昵称','f8Vqx-','',1,'',NULL,1,NULL,NULL,1511161182,1512711081),(527,'oyl_00K9a0GpoMsRwhPVi61o9H9M','微信昵称','B2U7kC','',1,'',NULL,1,NULL,NULL,1511161225,1511161225),(528,'oyl_00H0BZmn4JnGwUHQ0GTbB8uI','微信昵称','ft4TyM','',1,'',NULL,1,NULL,NULL,1511161541,1514260092),(529,'oyl_00B9QGgYAitUoMmR_r_A1mog','微信昵称','zdCPWO','',1,'',NULL,1,NULL,NULL,1511162367,1511162367),(530,'oyl_00HligqInq341XIt5keCPNbs','小宇','NVlAtO','',1,'https://wx.qlogo.cn/mmopen/vi_32/Q0j4TwGTfTIUm6KtA5vtb51HtamFSn2n1Vq6MpplqVz7dUiauiapZGH6gYdRBvFjVuZhbdxkicnHV5LpGmnHt89DQ/0',NULL,1,NULL,NULL,1511162527,1511162527),(531,'oyl_00NwBASNTw3ybjG7q1cQbJKY','微信昵称','OmXNNF','',1,'',NULL,1,NULL,NULL,1511162641,1511162641),(532,'oyl_00AHJeF5jeIvlQtijXTsGDh4','微信昵称','iO26EH','',1,'',NULL,1,NULL,NULL,1511162947,1511162947),(533,'oyl_00GD2KDZeXolSLFzDh6-1ud4','微信昵称','FtLcNb','',1,'',NULL,1,NULL,NULL,1511166100,1513432910),(534,'oyl_00HWdYd_X9SvP7ZyhfqU89WY','开心潇潇乐','E-rzsq','',1,'https://wx.qlogo.cn/mmopen/vi_32/Q0j4TwGTfTKbw1197zEcg4YpOWuJdibfbW9xPXyyHmqVZicJQDujxPQVhAnKFDL9GKZUhyGHb651RAx0R0iazbOUw/0',NULL,1,NULL,NULL,1511166983,1511166983),(535,'oyl_00GyzkRWTYPirB8kohtgeMNs','微信昵称','nObiEr','',1,'',NULL,1,NULL,NULL,1511167446,1513867852),(536,'oyl_00JufEEe2m9Hp5DbdsoCIa-M','微信昵称','AMpmqD','',1,'',NULL,1,NULL,NULL,1511167457,1514207823),(537,'oyl_00KWWb6V-flRGdoc7ghM8Fxc','微信昵称','ZTEHqK','',1,'',NULL,1,NULL,NULL,1511170043,1514437941),(538,'oyl_00Kacx4ULroTXumaKJloZfnU','微信昵称','ETyGUP','',1,'',NULL,1,NULL,NULL,1511170506,1512020433),(539,'oyl_00GLn7mwejqOEbGoYWcvMUQw','微信昵称','ps_bJH','',1,'',NULL,1,NULL,NULL,1511170982,1511796527),(540,'oyl_00A9bndt0OCEMLfID_4wss9w','微信昵称','wtyEJM','',1,'',NULL,1,NULL,NULL,1511171708,1511171708),(541,'oyl_00B6jDerf06FyR2lfjlhi8EY','微信昵称','mcGI00','',1,'',NULL,1,NULL,NULL,1511171969,1511171969),(542,'oyl_00DWIeKZirzozCExWE3vjed0','微信昵称','_cUVdf','',1,'',NULL,1,NULL,NULL,1511172103,1512391199),(543,'oyl_00MrAfDtjewfDK4mV9nG6mLQ','Mu成成','vs-Vcj','',1,'https://wx.qlogo.cn/mmopen/vi_32/Q0j4TwGTfTIca2xkXfydYEjnjR2WmeFSRtsgG4qwzicp0XtWrhibM5TXy8Xj2aDDKt9nsWH2ussbcuiawuvykojeA/0',NULL,1,NULL,NULL,1511178424,1511178424),(544,'oyl_00GbBFT0j7nVGYca1Hknq3p0','微信昵称','ZIZP2S','',1,'',NULL,1,NULL,NULL,1511178637,1511178637),(545,'oyl_00Dcw2Oh9tXvAjh3SBLPsx9w','微信昵称','tOhWaF','',1,'',NULL,1,NULL,NULL,1511183012,1511183012),(546,'oyl_00Fvez0x-8yA1w9yz5ZlXtao','微信昵称','PoA74E','',1,'',NULL,1,NULL,NULL,1511183533,1511183533),(547,'oyl_00BAxLuqz9Ygps0eZtNHiQFw','微信昵称','m7XRd4','',1,'',NULL,1,NULL,NULL,1511183678,1511927599),(548,'oyl_00N8JsUdxQWZIpVBDnukj8zg','微信昵称','yvKoUD','',1,'',NULL,1,NULL,NULL,1511190079,1511846530),(549,'oyl_00IslbjoZfExhdtp0Z-D9mdA','微信昵称','wBVJRD','',1,'',NULL,1,NULL,NULL,1511213255,1514259699),(550,'oyl_00Fdtc8BO9pygJKs3wwT9zPU','微信昵称','Bgm7vt','',1,'',NULL,1,NULL,NULL,1511218692,1513438445),(551,'oyl_00F3s9fF0I8P_dp9Y4FxIoXQ','微信昵称','OFBHrU','',1,'',NULL,1,NULL,NULL,1511228882,1511228882),(552,'oyl_00AMJcsO1bkL0j_zyjLFHSBs','A玉雕帝国客服一','JsYBce','',1,'https://wx.qlogo.cn/mmopen/vi_32/Q0j4TwGTfTI1N6lRaDcBVL7rYOcTzLGHYibb911QrTCSBC6dJEDjVtHLLafehRFrSiaLtdCf6dLSLIicQMicb9ic9Lw/0',NULL,1,NULL,NULL,1511229540,1511229540),(553,'oyl_00K-MCeGc4vA6fTxrmSleN_4','微信昵称','UL5zQE','',1,'',NULL,1,NULL,NULL,1511236008,1511492887),(554,'oyl_00HaJz301wDzsJiz6eQG2c_o','微信昵称','PGVLl4','',1,'',NULL,1,NULL,NULL,1511238305,1511338024),(555,'oyl_00H1Fq5hMhWhrVLrZ2w6oi1Y','微信昵称','vIWnXX','',1,'',NULL,1,NULL,NULL,1511242743,1511242743),(556,'oyl_00C1IO_FpFbQ8WlZ1Cf5xYXQ','newbie','MN0KEX','',0,'https://wx.qlogo.cn/mmopen/vi_32/Q0j4TwGTfTLNgTWpN9vEUOeLcaezh6SogF9FOU7UXm0SWfdibL77ETw6rPZVqA3W3UB532LMTIbdYAMRNOpZN5Q/0',NULL,1,NULL,NULL,1511243288,1514257975),(557,'oyl_00AEDSkx8WMIbq28OoKhXDUI','微信昵称','pfQRP3','',1,'',NULL,1,NULL,NULL,1511245558,1511245558),(558,'oyl_00JJrSlCqtCrA7p_d0zPJqR0','美陶瓷砖','y8ZvxQ','',1,'https://wx.qlogo.cn/mmopen/vi_32/PiajxSqBRaEJQOnh0Bia2F8DJKia9ic2nFuhvnQLiaJYQIfbpwRSibP5nXqxzvteHudv2otdt1uDChdbVXibZtMErlHxw/0',NULL,1,NULL,NULL,1511247065,1514360912),(559,'oyl_00DEzkHvSXrq1iLuvNEyDxmA','微信昵称','nX5SAN','',1,'',NULL,1,NULL,NULL,1511248069,1511248069),(560,'oyl_00MKVTAR57y8E7gPxq2JhYGI','后来','-l2fLl','',2,'https://wx.qlogo.cn/mmopen/vi_32/Q0j4TwGTfTIEicSo3WjkeD23Y36lZFhfSMrpmELDFWwkGKxb738GibK2jCYnOwRSianqxeYPh0EvJsUWhpF46aDQA/0',NULL,1,NULL,NULL,1511248249,1514365592),(561,'oyl_00BAlAIiZ1VTrLmPMpDjmu4c','微信昵称','VeEH6U','',1,'',NULL,1,NULL,NULL,1511249309,1511249309),(562,'oyl_00DntxTZCjdbyIwSUp74Z5BA','微信昵称','daNfrD','',1,'',NULL,1,NULL,NULL,1511249919,1511249919),(563,'oyl_00JijcJcqR2II-rDCthLmFDU','微信昵称','ksxlHX','',1,'',NULL,1,NULL,NULL,1511250011,1512793075),(564,'oyl_00AqoiKEY_xPcz-8EVtHWsvo','微信昵称','hItfzb','',1,'',NULL,1,NULL,NULL,1511251857,1512011896),(565,'oyl_00LXR97Pm1tj9DXM_84-WMUI','微信昵称','SMhOKr','',1,'',NULL,1,NULL,NULL,1511255536,1511840589),(566,'oyl_00DNza1ix-h3KmHE3HfgoqV4','微信昵称','wzrkWk','',1,'',NULL,1,NULL,NULL,1511267996,1511267996),(567,'oyl_00MKHr7Dh0y7SL9CXiwKRvV0','微信昵称','XkBRZh','',1,'',NULL,1,NULL,NULL,1511268452,1511268452),(568,'oyl_00HRDiLrGj1oZ8rxHui5hgRg','赛纳全屋定制高凡','pCAwEx','',2,'https://wx.qlogo.cn/mmopen/vi_32/Q0j4TwGTfTIIyTVrODEddeobbFmYkxsZhoTYp1OooPRqUIf9b4XwLNKVbg34TgtERBKllcJBRcrziayibn8jIuzg/0',NULL,1,NULL,NULL,1511271802,1512190281),(569,'oyl_00KXZHSw8LJ0DvGZQb1hcias','微信昵称','sFbx1n','',1,'',NULL,1,NULL,NULL,1511272133,1511272133),(570,'oyl_00NKTBQfKEsS6o1XS1f9L-bM','微信昵称','NDA-C8','',1,'',NULL,1,NULL,NULL,1511274216,1511274216),(571,'oyl_00Ew0CFOf7qBMpGbZjKHtuDI','微信昵称','cSldu3','',1,'',NULL,1,NULL,NULL,1511274637,1511274637),(572,'oyl_00GptKGcj70jaojYfcRNSlmI','微信昵称','don8rD','',1,'',NULL,1,NULL,NULL,1511277151,1511277151),(573,'oyl_00P5YIHHvWHU0wQGuxN9CMzg','微信昵称','j25B1V','',1,'',NULL,1,NULL,NULL,1511280449,1511280449),(574,'oyl_00J7VMM2Wh-0ZfzUkEkQvi-M','微信昵称','_b6jYd','',1,'',NULL,1,NULL,NULL,1511303696,1511419804),(575,'oyl_00MdW_bGHmXZJHbvSxOyDjYg','微信昵称','FmKVM0','',1,'',NULL,1,NULL,NULL,1511317511,1511317511),(576,'oyl_00GPZLS2XsUgkFu4erfu-sXs','微信昵称','s79uOe','',1,'',NULL,1,NULL,NULL,1511317531,1511317531),(577,'oyl_00EGGeqbvkClzpnWG9PFobVE','小程序+公众号开发','ZWxgsM','',1,'https://wx.qlogo.cn/mmopen/vi_32/DKYBq1A4c5rgdAPWvP9SRiahcgKickic8n2YCCFPgDkulDddAuib7Q9xiaIBaUSzwUQwTY29nf014451SNicYyCxdvYA/0',NULL,1,NULL,NULL,1511320555,1512028017),(578,'oyl_00IArXSCqcwFKTjAoOj_O_Fw','璇','kapG0Q','',2,'https://wx.qlogo.cn/mmopen/vi_32/Q0j4TwGTfTLOM8c7PmsFO6emG0Q3Vs9DiaUoQh2dNc7ETliap6UVG1yp30zzFNslia3ARIBaPgMFMqVp37Jwez1QQ/0',NULL,1,NULL,NULL,1511322290,1511322290),(579,'oyl_00Jrlz6nCnltLxBqsdR51wmM','Boya','v9Rz5F','',1,'https://wx.qlogo.cn/mmopen/vi_32/Q3auHgzwzM66SseKU1oQwV4ibAuVPXwyEmb5lhka54VpYiaDqGvvZoSeaJecAbvfptRhtlGd7HHnDk0Wpvz7CAgA/0',NULL,1,NULL,NULL,1511322294,1511322294),(580,'oyl_00MTkI8x4dnTnAM7sCjwHeNk','微信昵称','HEMLSv','',1,'',NULL,1,NULL,NULL,1511322294,1511322294),(581,'oyl_00CgvSAIVg1Ft87TD-TuSllE','云水禅心','kCQoPy','',1,'https://wx.qlogo.cn/mmopen/vi_32/DYAIOgq83erJvQ6UycX2ibob9WeZZzLL2omY6SPDyd90F6uBHEmIib4PibtbqPRcnrlCAdBX6yUdekT0fbcUhUu8Q/0',NULL,1,NULL,NULL,1511322340,1511322340),(582,'oyl_00DD7DJo70E09bTIvTc9jS4M','微信昵称','Qg6YuK','',1,'',NULL,1,NULL,NULL,1511331305,1511331313),(583,'oyl_00Ok2r8BtWBOVAve6mvG-DyM','微信昵称','f6Hi3o','',1,'',NULL,1,NULL,NULL,1511331689,1512010955),(584,'oyl_00FAiXzWaJ72enPf2x18YalI','微信昵称','B1LBhY','',1,'',NULL,1,NULL,NULL,1511332011,1511332011),(585,'oyl_00HPv0qZNhpGwvfgOwbUwB7Y','王鹏飞@Robin','WulZPB','',1,'https://wx.qlogo.cn/mmopen/vi_32/Q0j4TwGTfTLxUl9saSPWMgYd2sthXvrhn6aIhjmAmlCrje2ibJUHUsKiauttz1NYb4w5wCFZA0lrWnn9mmVLgf1A/0',NULL,1,NULL,NULL,1511334635,1511334635),(586,'oyl_00K7226oJmPsW9b0Bm0isyDA','微信昵称','HuUPs4','',1,'',NULL,1,NULL,NULL,1511337519,1511849604),(587,'oyl_00N8y4-kBNd9HjtsA8hpQfH0','微信昵称','t5nah9','',1,'',NULL,1,NULL,NULL,1511343928,1511343928),(588,'oyl_00P9YKjU-Yj5--YnU5B0PWOw','微信昵称','RTpWFF','',1,'',NULL,1,NULL,NULL,1511345495,1514278317),(589,'oyl_00KsQPKTFI2b_YIaG-_Nrjvc','微信昵称','LhFHcD','',1,'',NULL,1,NULL,NULL,1511355116,1513317301),(590,'oyl_00EjzPyCbN9KhUjS_qTMfcDo','微信昵称','l1FJL6','',1,'',NULL,1,NULL,NULL,1511357967,1511357967),(591,'oyl_00GhZDtEq3UJkPjwPzLtTDI8','微信昵称','D5gghX','',1,'',NULL,1,NULL,NULL,1511358985,1511358985),(592,'oyl_00EYl7S7vrpw_pjF9fsfnu44','微信昵称','kKFveK','',1,'',NULL,1,NULL,NULL,1511372304,1511372304),(593,'oyl_00NWcfsiQiSMdMXWtM3ZJnRI','微信昵称','RW1Xpp','',1,'',NULL,1,NULL,NULL,1511403009,1511403009),(594,'oyl_00LPXo5vij0w-MW9VSau1jfk','微信昵称','uggfp7','',1,'',NULL,1,NULL,NULL,1511416207,1511416207),(595,'oyl_00AGPoZLZusN2k6-dMV7s2s4','hiker','vSZmiq','',0,'',NULL,1,NULL,NULL,1511417478,1512008162),(596,'oyl_00JeXZzUOONDqHchgTDd4wuE','微信昵称','-V56Yp','',1,'',NULL,1,NULL,NULL,1511418621,1512614940),(597,'oyl_00FDcNM0lZcS6OnoA9obTRto','葳蕤','XrwV1i','',2,'https://wx.qlogo.cn/mmopen/vi_32/Q0j4TwGTfTLMibOHuG88Kv3KwL4lRdZLlLC9UtOkfd9j5f1o0Dz0MnsVVde7K0exu5GgticZVa7Un2uaDKnQP4MQ/0',NULL,1,NULL,NULL,1511418911,1511418911),(598,'oyl_00OjneCbe51t_wS21Fz4skKM','微信昵称','uR7O98','',1,'',NULL,1,NULL,NULL,1511425312,1511425312),(599,'oyl_00EvGCUFzenxAl4msqwqxqCo','随行','s_7_Pk','',1,'https://wx.qlogo.cn/mmopen/vi_32/DYAIOgq83epwic0D8iaOp19fYWn8QkOwKPY94lKXjDWxxOvpDpHdQb4BtyPWfDWGRKm0XaOe70TseKIYhc0CKWwg/0',NULL,1,NULL,NULL,1511425917,1511425917),(600,'oyl_00CHNFYFW1lXxA2fcwXdhpI0','微信昵称','KWvK-V','',1,'',NULL,1,NULL,NULL,1511426431,1512530391),(601,'oyl_00CkXuG6LwzhqSYnate7edts','rdgztest_ZMYJMI','rlZt05','',0,'',NULL,1,NULL,NULL,1511433887,1511433887),(602,'oyl_00CdqTKp-VaG5XC9HjRyRPQA','微信昵称','w6enbs','',1,'',NULL,1,NULL,NULL,1511435705,1514343772),(603,'oyl_00P_5p8QfhWh9mF5U2YmFjnM','微信昵称','koQdfp','',1,'',NULL,1,NULL,NULL,1511443642,1514203836),(604,'oyl_00NJgVFOkCMHyepycupLwqho','微信昵称','KaJ94x','',1,'',NULL,1,NULL,NULL,1511443716,1511764105),(605,'oyl_00OLEi-CZcLgkr_cukAlh8dM','微信昵称','wbU7lv','',1,'',NULL,1,NULL,NULL,1511444805,1511504104),(606,'oyl_00IF_jBsOr0b_n9fyvK1aWbM','微信昵称','jm8TU2','',1,'',NULL,1,NULL,NULL,1511445198,1511882512),(607,'oyl_00CECglB9jUw-Im-sf4cFg7Q','微信昵称','x1xqW2','',1,'',NULL,1,NULL,NULL,1511446500,1511446500),(608,'oyl_00DyHRO11Zq03R-jRX1vMpvE','微信昵称','L0Fdok','',1,'',NULL,1,NULL,NULL,1511448890,1511480821),(609,'oyl_00NcnaBB_ZNLv_oEaqufQuN4','允儿','Xw2sZI','',2,'https://wx.qlogo.cn/mmopen/vi_32/DYAIOgq83eptQu5JD5ZpEbuYxvJ8nKXqDIw8dicajsz7SNTq1xickR12bLibfgRMExgEia1qT7S9QvZNjULicWu7ia0g/0',NULL,1,NULL,NULL,1511492946,1511577166),(610,'oyl_00O6mcw-SkMeiyjFc8SikodI','微信昵称','BYBIqN','',1,'',NULL,1,NULL,NULL,1511496054,1511496054),(611,'oyl_00AWYt76wXCTGBLGjRDBK1T0','微信昵称','qH1V12','',1,'',NULL,1,NULL,NULL,1511502997,1511502997),(612,'oyl_00PuB5_uNYk1uTKj5xm4bOCk','微信昵称','Vn73RZ','',1,'',NULL,1,NULL,NULL,1511503965,1511503965),(613,'oyl_00GaQ-pbRH--NaJZULM_SI1o','微信昵称','i-KcUA','',1,'',NULL,1,NULL,NULL,1511504261,1511504261),(614,'oyl_00DOpTwPU9lOe08M5IxMOcxg','微信昵称','ajctIX','',1,'',NULL,1,NULL,NULL,1511504375,1511504375),(615,'oyl_00H36x-SVJuyTox5QL3QaveA','微信昵称','A70vTF','',1,'',NULL,1,NULL,NULL,1511505802,1511505802),(616,'oyl_00K3rNZDC7KfzwVHSqNnwRkA','微信昵称','Wk3DsH','',1,'',NULL,1,NULL,NULL,1511508468,1511508468),(617,'oyl_00DSpyduMYBYX6Vh7iadiGGE','微信昵称','J36qxP','',1,'',NULL,1,NULL,NULL,1511510780,1511522876),(618,'oyl_00Fwaly1utl45rl1yrJY2b1k','微信昵称','LzBvlj','',1,'',NULL,1,NULL,NULL,1511513046,1511513046),(619,'oyl_00FgVdn-UhXOrldB0RjgPgso','微信昵称','Xvv9CC','',1,'',NULL,1,NULL,NULL,1511513810,1513666576),(620,'oyl_00KjuVgTjW4Gt2UIaNwP8E5I','微信昵称','Nz7cI3','',1,'',NULL,1,NULL,NULL,1511695382,1511695382),(621,'oyl_00MxrHMYu8U52GVJMVbpX9Uc','微信昵称','L8s1gc','',1,'',NULL,1,NULL,NULL,1511697494,1511747574),(622,'oyl_00LypZZOZwy0h8xUTTdw1k9w','微信昵称','TF-w8p','',1,'',NULL,1,NULL,NULL,1511698168,1513496139),(623,'oyl_00FtliSFB5LlwfSaCw08q8is','微信昵称','C9DIbO','',1,'',NULL,1,NULL,NULL,1511701334,1511701334),(624,'oyl_00N5djG05yGAKAq6SJDyH8gY','rdgztest_LUGEDF','HVjlHJ','',0,'',NULL,1,NULL,NULL,1511746061,1511746061),(625,'oyl_00C_dqHgAFxMi4D6-0es1qBU','微信昵称','tYyH1R','',1,'',NULL,1,NULL,NULL,1511751140,1511751140),(626,'oyl_00MNHb3NT5IO4ttLMf9Yjnqw','微信昵称','hvizYE','',1,'',NULL,1,NULL,NULL,1511751349,1511751349),(627,'oyl_00JDwwU62nNWu7hsrnvCjhe4','微信昵称','q_CyvY','',1,'',NULL,1,NULL,NULL,1511754643,1513953169),(628,'oyl_00IxER3L6zYZ_zix-d7b7u20','微信昵称','QapQAc','',1,'',NULL,1,NULL,NULL,1511758922,1512893845),(629,'oyl_00LZPrBNjtwcAVsz7fgFMNiM','微信昵称','ODd3D2','',1,'',NULL,1,NULL,NULL,1511758991,1513075148),(630,'oyl_00Aj1i_cQdzBPWJZkyDXaDsE','微信昵称','NmdMVe','',1,'',NULL,1,NULL,NULL,1511759022,1511759022),(631,'oyl_00EHezSJYsBQdVN24JoC2zfU','微信昵称','UyPfAQ','',1,'',NULL,1,NULL,NULL,1511759146,1511759146),(632,'oyl_00GH-DOyS-tk81beWbkROQLc','微信昵称','0E840O','',1,'',NULL,1,NULL,NULL,1511759180,1511861701),(633,'oyl_00Cg8XL6ciiVpMRYJk4L3qxs','微信昵称','CfMreL','',1,'',NULL,1,NULL,NULL,1511759435,1511759435),(634,'oyl_00GhTpVpzwfl2rc0BUEQUwHc','微信昵称','qjPXir','',1,'',NULL,1,NULL,NULL,1511759519,1511759519),(635,'oyl_00DQLs7bQqnD636onFWgBh3s','微信昵称','JvPt6N','',1,'',NULL,1,NULL,NULL,1511759755,1511759755),(636,'oyl_00GHGI4TZW3lKrr-7v63vqcU','微信昵称','xm6wpL','',1,'',NULL,1,NULL,NULL,1511759780,1511759780),(637,'oyl_00MeOQiQ_uxsoN3CqFuoi8P0','微信昵称','J-cjhj','',1,'',NULL,1,NULL,NULL,1511759789,1511759789),(638,'oyl_00OIkwt40O3KKADKeDZvAH_M','微信昵称','MmYiW3','',1,'',NULL,1,NULL,NULL,1511759832,1511759832),(639,'oyl_00DnyzB-6R_jmpvKAfAOTYgM','微信昵称','gTTMEz','',1,'',NULL,1,NULL,NULL,1511759885,1511875659),(640,'oyl_00H_nOatvCZNBNlnlw1ThNGw','微信昵称','rya8xT','',1,'',NULL,1,NULL,NULL,1511760418,1513436938),(641,'oyl_00CrBPiuoERO8nFlFECoZs3g','微信昵称','Wzuc6H','',1,'',NULL,1,NULL,NULL,1511760625,1511764528),(642,'oyl_00PQ5FzZMd3jVN1CH73vtij4','微信昵称','H7AYhj','',1,'',NULL,1,NULL,NULL,1511760719,1511760719),(643,'oyl_00O7brHT6jHVI1hIfFAgqxzU','微信昵称','S1UOow','',1,'',NULL,1,NULL,NULL,1511761778,1514427929),(644,'oyl_00B5RW6d8mh0WKuNDHYEhBSk','微信昵称','bkvrs3','',1,'',NULL,1,NULL,NULL,1511763381,1512539697),(645,'oyl_00JsaG4lazZMfPGQJIaJqriU','微信昵称','yl2OGK','',1,'',NULL,1,NULL,NULL,1511763616,1511763616),(646,'oyl_00N-ljoVHIeab3-UmrKVbvFI','微信昵称','DEuBHJ','',1,'',NULL,1,NULL,NULL,1511764530,1511764530),(647,'oyl_00DOc4hdZwOMeAbv7Y9uN3S4','微信昵称','h-DfB_','',1,'',NULL,1,NULL,NULL,1511765044,1512359160),(648,'oyl_00BarwMti4hvot2oRTOcp0wM','微信昵称','Nofhn-','',1,'',NULL,1,NULL,NULL,1511765092,1511765092),(649,'oyl_00JSX0htr_RYybl79HWJnQsw','微信昵称','lW08ND','',1,'',NULL,1,NULL,NULL,1511765115,1511847131),(650,'oyl_00L1Mt-JaJpfgZIPskIlnMAE','微信昵称','wBVklV','',1,'',NULL,1,NULL,NULL,1511765240,1513669587),(651,'oyl_00NdhYM8SOjO-IORCtdaaWlQ','微信昵称','AflT5x','',1,'',NULL,1,NULL,NULL,1511765662,1511765662),(652,'oyl_00IU3R53JzQ0eXqfV-r2jgKw','微信昵称','DGm7oe','',1,'',NULL,1,NULL,NULL,1511767011,1511767011),(653,'oyl_00Lb0--6AKCf3kVmRkViJa4g','A魏明秦艺阁榻榻米13910797425','Kne6C5','',1,'https://wx.qlogo.cn/mmopen/vi_32/Q0j4TwGTfTJlKLIibEibZpIDx2xNO28xZFVQManpxYzkz5mLeI6ekvfiaBLSriac4LoceraibLDHWMs84byek3MvBmg/0',NULL,1,NULL,NULL,1511767296,1511877941),(654,'oyl_00GDoYEO0x3OGwTJA0NM7v_k','微信昵称','cAJqav','',1,'',NULL,1,NULL,NULL,1511767437,1514432452),(655,'oyl_00LH5g7D-iQ2esC5zLr4E7Ng','微信昵称','ea62Nf','',1,'',NULL,1,NULL,NULL,1511768281,1512112024),(656,'oyl_00NSW8iC0fe4_EtFzT-uwYuA','','zaBsST','',1,'https://wx.qlogo.cn/mmopen/vi_32/Q0j4TwGTfTJoOia8n2xdlICqgiceRxJVtGWN3gskpsZJUcmrsgCHcXJ3Em2JR2oo6jhoaQKTfU8xeY4IytFyaNPA/0',NULL,1,NULL,NULL,1511770458,1513756349),(657,'oyl_00Kxos3vPMR6Pwt5KzYtUlgA','微信昵称','zPPwj2','',1,'',NULL,1,NULL,NULL,1511772141,1513046772),(658,'oyl_00DvNEfHmWodQfHsVCufc0Uk','微信昵称','Px_aro','',1,'',NULL,1,NULL,NULL,1511774085,1511774085),(659,'oyl_00C261-gvM6XtO8ZzNRjIbJ8','rdgztest_BFHMCZ','BTQhSg','',0,'',NULL,1,NULL,NULL,1511778714,1511778714),(660,'oyl_00Ds5tAPtVt8gfRacRtmJLBs','微信昵称','Uzq6NF','',1,'',NULL,1,NULL,NULL,1511781911,1511781911),(661,'oyl_00DgcL7Tq_2X8unoIsu-1wXg','微信昵称','xFl5Pk','',1,'',NULL,1,NULL,NULL,1511789213,1512741501),(662,'oyl_00AQWerr5chysjo_ZT_buufA','微信昵称','G_voVf','',1,'',NULL,1,NULL,NULL,1511790487,1511791105),(663,'oyl_00AsWmIkzWh_7KpnDoUXlUrc','微信昵称','AGAnyc','',1,'',NULL,1,NULL,NULL,1511790520,1511790520),(664,'oyl_00Kt86_UN6364wbs4E-S6Bpw','微信昵称','SjNKGy','',1,'',NULL,1,NULL,NULL,1511790727,1511790727),(665,'oyl_00Ibtmh1PkTakWteCyPJWmtg','微信昵称','NV031V','',1,'',NULL,1,NULL,NULL,1511791052,1511877451),(666,'oyl_00HNhMBM8E5XToVxAOFjc86s','微信昵称','QTxW3U','',1,'',NULL,1,NULL,NULL,1511791763,1513251884),(667,'oyl_00Odz6L_UPRadm9mceWY-xP4','微信昵称','uRHhOB','',1,'',NULL,1,NULL,NULL,1511792001,1511792001),(668,'oyl_00O4woo6fiJBTyC06ii3gR5c','微信昵称','npCKdm','',1,'',NULL,1,NULL,NULL,1511792537,1511792537),(669,'oyl_00NQooCzwGmkeJIIlMfaiqv4','微信昵称','rHbMDh','',1,'',NULL,1,NULL,NULL,1511797138,1514256224),(670,'oyl_00GvrLleKiKtfnxkjd-LmAbk','微信昵称','S43Yzs','',1,'',NULL,1,NULL,NULL,1511825101,1511825101),(671,'oyl_00OzwXtYGZt9zx4rftZBBMng','微信昵称','KX9Rtg','',1,'',NULL,1,NULL,NULL,1511829869,1511829869),(672,'oyl_00MHmJKjiYiLKGTakFVL9uOA','微信昵称','P_FQI4','',1,'',NULL,1,NULL,NULL,1511835241,1514286102),(673,'oyl_00PB0OaSgh710RblYKGBVpwg','微信昵称','cxilh-','',1,'',NULL,1,NULL,NULL,1511835783,1511835783),(674,'oyl_00NOWK71Mpoz3drLFnwYP8a0','微信昵称','AGmLSj','',1,'',NULL,1,NULL,NULL,1511836828,1512243647),(675,'oyl_00MfAZtxSmDIyMCatPQ5xfjc','微信昵称','qQbk5b','',1,'',NULL,1,NULL,NULL,1511837484,1511837484),(676,'oyl_00CnfT2HBK0uZTETgi-PXA0Q','微信昵称','mts8hm','',1,'',NULL,1,NULL,NULL,1511837545,1511837545),(677,'oyl_00BD6P6XBeu7ER0C9ZtVw60g','微信昵称','FD2TeQ','',1,'',NULL,1,NULL,NULL,1511838324,1512206738),(678,'oyl_00Krul1FTbFlzgGkiLTsUiDw','微信昵称','k7hduC','',1,'',NULL,1,NULL,NULL,1511839360,1512192603),(679,'oyl_00BcYx_RKK9Nu2C0vgDLEjkQ','微信昵称','GJocCG','',1,'',NULL,1,NULL,NULL,1511842234,1514208253),(680,'oyl_00A_bWdhWPnn2sn5Tl25f_Dc','微信昵称','NJApr2','',1,'',NULL,1,NULL,NULL,1511847211,1511847211),(681,'oyl_00Aa249AgB77PWzUvamtmRow','微信昵称','xc4K8M','',1,'',NULL,1,NULL,NULL,1511858920,1511858920),(682,'oyl_00F9u-KLB3gHIxlwWNAt3l7Y','微信昵称','NmoV54','',1,'',NULL,1,NULL,NULL,1511876303,1512023177),(683,'oyl_00LejcFMvvuOv6WKYCyYACSo','微信昵称','V2BWtM','',1,'',NULL,1,NULL,NULL,1511880027,1511880027),(684,'oyl_00H8ers8biurfoA4q39JgSq0','微信昵称','BbVD2M','',1,'',NULL,1,NULL,NULL,1511880399,1511882565),(685,'oyl_00Ktw8fgcpDgFdAP3D5U4E1I','微信昵称','L_X0io','',1,'',NULL,1,NULL,NULL,1511890731,1511890731),(686,'oyl_00E8FGxQk5rdUpRwqtEjSqoQ','微信昵称','gMspkb','',1,'',NULL,1,NULL,NULL,1511914616,1514260085),(687,'oyl_00IWVWbjq4NBRY99d7bTnmuM','微信昵称','_dP_RA','',1,'',NULL,1,NULL,NULL,1511919065,1512128903),(688,'oyl_00ECnF6GO8nA5OG3GnjjE3Vw','微信昵称','T2EsyB','',1,'',NULL,1,NULL,NULL,1511926966,1511926966),(689,'oyl_00Ik1FjjEruq2DW2k_LAMWdM','微信昵称','f-hH1C','',1,'',NULL,1,NULL,NULL,1511930824,1511930824),(690,'oyl_00K4PnSpjdUJs8SJ87E4q-hA','微信昵称','cqeW8R','',1,'',NULL,1,NULL,NULL,1511933618,1511933618),(691,'oyl_00HvlvmG5yTI_uZmXuMYS_vI','常乐','dQv62_','',2,'https://wx.qlogo.cn/mmopen/vi_32/DYAIOgq83eruGBAPeolgkBXru3uwWUmdibFkIiaQic7bERVCbY7p5h5jK5OicbyAQvrA1EBq0REmOwWozYI2MSAQKQ/0',NULL,1,NULL,NULL,1511937731,1513846109),(692,'oyl_00PYPsWkNiMG8a6QMRJxXQXk','微信昵称','R2_jM-','',1,'',NULL,1,NULL,NULL,1511938591,1511938591),(693,'oyl_00LRd6EA2PVcpzED71wTdBE0','微信昵称','-3N4Kd','',1,'',NULL,1,NULL,NULL,1511939560,1511939560),(694,'oyl_00F9mNDR67zzTfK-Dzmw0qu0','微信昵称','sriRnE','',1,'',NULL,1,NULL,NULL,1511942915,1511942915),(695,'oyl_00OBEOTyvjFGx9JJ-HEcKdEc','rdgztest_RXKDRJ','AJ0-Dg','',0,'',NULL,1,NULL,NULL,1511950545,1511950545),(696,'oyl_00EGQXLu3xJpVoCKHoCNLaMY','微信昵称','F7DuRq','',1,'',NULL,1,NULL,NULL,1511953714,1511953714),(697,'oyl_00NObcaaPIarBeLV2niJyLp8','微信昵称','rlq7oG','',1,'',NULL,1,NULL,NULL,1511958400,1511958400),(698,'oyl_00I67swA4e1Hmsug-tkyCSCs','微信昵称','vHi5RY','',1,'',NULL,1,NULL,NULL,1511958990,1511958990),(699,'oyl_00GaBNfo2kh10v2t3n-LUNzY','微信昵称','gG8rPM','',1,'',NULL,1,NULL,NULL,1511961611,1511961611),(700,'oyl_00FIz-zqzvNXBMCpv9W5hPBs','微信昵称','IJdXK7','',1,'',NULL,1,NULL,NULL,1511965442,1511965442),(701,'oyl_00IZlQQOihi7GpTx8XaeUDF0','微信昵称','zttF8d','',1,'',NULL,1,NULL,NULL,1511999150,1511999150),(702,'oyl_00KPrkxJzB-Ce5oQNvwifgjI','微信昵称','ruG2qu','',1,'',NULL,1,NULL,NULL,1512008073,1513318356),(703,'oyl_00HGWukioYH0yj3PmqFop40c','微信昵称','M0KdHv','',1,'',NULL,1,NULL,NULL,1512013708,1512013708),(704,'oyl_00IH1mu4-lhnLQOfjN0ZkuMg','微信昵称','FwPZx3','',1,'',NULL,1,NULL,NULL,1512015585,1512016765),(705,'oyl_00IdfolrGaIYe9C-rKSSVPaY','子曰','HzpI74','',1,'https://wx.qlogo.cn/mmopen/vi_32/DYAIOgq83eqhtUrTiaYk6dcy3c9XGeibWaqibPicXibczZhlibbibChTMxq6eLicne7UMsZvJF62SNmap1GGYa7U7YmUicg/0',NULL,1,NULL,NULL,1512016665,1512016665),(706,'oyl_00Hgmf4lGX4PNNxTtVQWaujQ','微信昵称','Cquwg2','',1,'',NULL,1,NULL,NULL,1512020224,1512020224),(707,'oyl_00F3K7LffZ3kMnbzg2pDZtKc','微信昵称','f5_gV_','',1,'',NULL,1,NULL,NULL,1512022499,1512022499),(708,'oyl_00Ml70OV0R3zA1k5bwH-NE-w','微信昵称','PQWGWz','',1,'',NULL,1,NULL,NULL,1512026931,1512028306),(709,'oyl_00CZbb1qnqL1SBH9hAIJ7KQw','','zOV1Hj','',1,'https://wx.qlogo.cn/mmopen/vi_32/CdhiaPlII2poJ47YSSd0fqddbbwicysFztlWeBWJd7g4cHF0y2icY4uZp1UPFNUjOLpfYibdEibuapduibDgM80meVgQ/0',NULL,1,NULL,NULL,1512028359,1512112627),(710,'oyl_00L3F5NqJbuAN18NI-oQQjhE','微信昵称','tRaM4r','',1,'',NULL,1,NULL,NULL,1512041460,1512041460),(711,'oyl_00Lbel69QHYaAoEyXO2bXZAA','微信昵称','Ri_VZT','',1,'',NULL,1,NULL,NULL,1512042186,1512042186),(712,'oyl_00I0BSsuZeyVF2lxdOiBHNNM','当当','zoDxjL','',1,'https://wx.qlogo.cn/mmopen/vi_32/Q0j4TwGTfTKEASUHBpQF4oaIq26c9fGgyvxQOSwFuYOBSmngIkicjvYh2Ur0eRYebzxHmeUyBZ9UQ8WklG4Y2lA/0',NULL,1,NULL,NULL,1512044157,1512044826),(713,'oyl_00J79c83PtV0kjoJJw03SYpw','微信昵称','d7eud0','',1,'',NULL,1,NULL,NULL,1512080579,1514077965),(714,'oyl_00PE_t_cHWRHmmuoj733fboE','微信昵称','GPXyiy','',1,'',NULL,1,NULL,NULL,1512083758,1512083758),(715,'oyl_00Bmhb90U7sdXi4RVcdqDOHQ','微信昵称','_q5wJj','',1,'',NULL,1,NULL,NULL,1512088259,1513379935),(716,'oyl_00E-wNtaKe_D2Yz_MVa_Bpe0','微信昵称','PrhBks','',1,'',NULL,1,NULL,NULL,1512098600,1512267454),(717,'oyl_00BCzGVu6e9AhWtvwnMYs-P4','微信昵称','suanf2','',1,'',NULL,1,NULL,NULL,1512100770,1514280794),(718,'oyl_00C_ciWyp9u8xisFqwxIi_Zg','微信昵称','bmj46Z','',1,'',NULL,1,NULL,NULL,1512112396,1512112396),(719,'oyl_00KjOZ-wWW7axJPU8AO-GxoU','微信昵称','WX4CPN','',1,'',NULL,1,NULL,NULL,1512112592,1512190849),(720,'oyl_00HTaXk3kY9rS0X5jFnf0hVc','微信昵称','-FLUYP','',1,'',NULL,1,NULL,NULL,1512112622,1512190826),(721,'oyl_00CaRR_J8FHLyTRMDJy7lwYE','微信昵称','KBAqdr','',1,'',NULL,1,NULL,NULL,1512113256,1512113256),(722,'oyl_00Mmmsyv3ouHB_M8P6fnCrBg','微信昵称','D2K8Lp','',1,'',NULL,1,NULL,NULL,1512113677,1512113677),(723,'oyl_00PCAFhbyAT9hweSvO7oz2q0','微信昵称','PU6nfQ','',1,'',NULL,1,NULL,NULL,1512113708,1512113708),(724,'oyl_00KPLaCWjdH23ccUgeN4tEu4','微信昵称','oOLARz','',1,'',NULL,1,NULL,NULL,1512113739,1512113739),(725,'oyl_00Od6u-Bw-q8p2-1sJS_PBmM','微信昵称','RPl2pi','',1,'',NULL,1,NULL,NULL,1512121588,1512121588),(726,'oyl_00NUuwlaG56PCxxmgKmS92VY','微信昵称','RRdHse','',1,'',NULL,1,NULL,NULL,1512122332,1512122332),(727,'oyl_00DmBA5T6UqSQL8kTg7Lf8HU','微信昵称','Rjnuw7','',1,'',NULL,1,NULL,NULL,1512124632,1512124632),(728,'oyl_00OEsRGqvuYbcI_pt0q_zHRI','微信昵称','j5WIPX','',1,'',NULL,1,NULL,NULL,1512128440,1512128440),(729,'oyl_00B08a9bsUp-8tchckBdzGlU','微信昵称','SfgtdY','',1,'',NULL,1,NULL,NULL,1512128445,1512128445),(730,'oyl_00Cn4Njn59qF9AXo4apBJq1E','微信昵称','n92uj8','',1,'',NULL,1,NULL,NULL,1512133141,1512183523),(731,'oyl_00DCkPZzyngDq-vv17gJ1hDU','微信昵称','wfhlCb','',1,'',NULL,1,NULL,NULL,1512175133,1512175462),(732,'oyl_00OKJle4HSab8hwbSD6fs19M','德盾防盗门  杨杨','G5gexi','',2,'https://wx.qlogo.cn/mmopen/vi_32/5Bc0ng7YSKPLYHXmkE07qibE6DSaTNZibHXLzhvZTA8VIbGbDs509naBbdn9ZDG7MsVPBRLbEbI7JlnTNGjTKkJQ/0',NULL,1,NULL,NULL,1512183249,1512267331),(733,'oyl_00Cwimhcqmt0VbjrykRlL6Rs','微信昵称','t-Elk5','',1,'',NULL,1,NULL,NULL,1512191673,1512191673),(734,'oyl_00FrSi9gyM8nTmSMIVhyQE6M','微信昵称','jPZJCa','',1,'',NULL,1,NULL,NULL,1512196200,1512196200),(735,'oyl_00CJGyQO-oBxLAnU8BmX3PzM','微信昵称','BSt87j','',1,'',NULL,1,NULL,NULL,1512227439,1512227439),(736,'oyl_00Cb6bWgQI3s5SVLLECoI-uk','微信昵称','dIJpd3','',1,'',NULL,1,NULL,NULL,1512306964,1514029104),(737,'oyl_00IaW9hv8B0LdKt8U_SfrNqA','微信昵称','Qpw2uG','',1,'',NULL,1,NULL,NULL,1512308973,1512308973),(738,'oyl_00K6j31VR-2W0WnOqORKUW9c','微信昵称','DxLMpb','',1,'',NULL,1,NULL,NULL,1512354193,1512354193),(739,'oyl_00FTsdZzPqMrv8X7lwZo-E8Y','微信昵称','omB5yL','',1,'',NULL,1,NULL,NULL,1512368635,1512368635),(740,'oyl_00Jcm30Oc26ND2ypumuexX3w','微信昵称','tp-Xm7','',1,'',NULL,1,NULL,NULL,1512377927,1514257068),(741,'oyl_00CSDxAhxR5LESXKTlBJld_k','秋月','Fm8PfL','',1,'https://wx.qlogo.cn/mmopen/vi_32/Q0j4TwGTfTI2uIpYich8Qq7Dxq5yRZVxs6MZGZVoNKoeUkJKJDB5u3RibXBgllIAuTj6NbP7v85iazicsicibP8yibZfA/0',NULL,1,NULL,NULL,1512382579,1512382579),(742,'oyl_00EvKxYO8P792nAI0tAhDD0Q','微信昵称','B28bvN','',1,'',NULL,1,NULL,NULL,1512394026,1513427991),(743,'oyl_00NPUjm1l5RroJYeKagqXLOI','化先生V酷客多微信小程序','st_Fup','',1,'https://wx.qlogo.cn/mmopen/vi_32/OCMJXwhqBk9tEZ6WKWv6aM7m8XELuYI7u6kkEYPKs3Yhiaz0dpetNzbzHpB11dStWKOmgA2h4StNp1T44DQVXMw/0',NULL,1,NULL,NULL,1512443061,1512443061),(744,'oyl_00Nhh-a6a1JBLK0dGOqIgExM','微信昵称','Ub35N3','',1,'',NULL,1,NULL,NULL,1512491003,1512491003),(745,'oyl_00MQWYJEMlswV2mKAeCPK5sc','微信昵称','gUYqC2','',1,'',NULL,1,NULL,NULL,1512509435,1512509435),(746,'oyl_00OCjs3Huy2l68fu5mrAtBZI','微信昵称','-RPihX','',1,'',NULL,1,NULL,NULL,1512530903,1514264242),(747,'oyl_00LboYgVsx6yz_VSG70L3MbQ','微信昵称','igqMb-','',1,'',NULL,1,NULL,NULL,1512534092,1512534092),(748,'oyl_00K2N5zBDK6mNcHRaTZBzcXU','微信昵称','w4ebXZ','',1,'',NULL,1,NULL,NULL,1512539033,1512539034),(749,'oyl_00PNcW2oKYdqVcm93qZVHlIQ','微信昵称','JnrJ9c','',1,'',NULL,1,NULL,NULL,1512625328,1512627327),(750,'oyl_00FaDJh1vCX5ZgNURkIOhHz8','微信昵称','0XvGNg','',1,'',NULL,1,NULL,NULL,1512635619,1512635619),(751,'oyl_00BFZJgftXbdjPM46-1IuoH0','微信昵称','w6do3c','',1,'',NULL,1,NULL,NULL,1512653563,1512803659),(752,'oyl_00OSmP21ug25vpGcX-1ymgfM','微信昵称','rmG6x5','',1,'',NULL,1,NULL,NULL,1512711807,1512711807),(753,'oyl_00LE4L2Y6-jGUQ_Zs2toQXT8','微信昵称','ubQ98c','',1,'',NULL,1,NULL,NULL,1512711818,1512711818),(754,'oyl_00CXW-zkSVWFNlJnlVGB5tuw','微信昵称','KmpFHQ','',1,'',NULL,1,NULL,NULL,1512711879,1512711881),(755,'oyl_00ItU_g5nM0Zy8sY6Gz3jm3w','微信昵称','kevlug','',1,'',NULL,1,NULL,NULL,1512711898,1512711898),(756,'oyl_00M-MTreQaCmGpkgFLsv5Di4','微信昵称','WFjKkM','',1,'',NULL,1,NULL,NULL,1512711926,1514450064),(757,'oyl_00Eo3UgPzLHZ4Z4aYVXtIKF0','微信昵称','eqfgRp','',1,'',NULL,1,NULL,NULL,1512712113,1512712113),(758,'oyl_00LqUtFHYgHl4djUT_EwWjFs','微信昵称','USUxdX','',1,'',NULL,1,NULL,NULL,1512712146,1514010099),(759,'oyl_00Lmzfc3Ww6A6YSG6Uejrspo','微信昵称','XHBj5s','',1,'',NULL,1,NULL,NULL,1512712179,1512712179),(760,'oyl_00Fk3GMyu1tFaeM-dXM6bQH0','微信昵称','KE87bJ','',1,'',NULL,1,NULL,NULL,1512712212,1512712212),(761,'oyl_00E2PfoN6kLmSjqPhS8Bkk-E','微信昵称','wD4tbg','',1,'',NULL,1,NULL,NULL,1512712295,1512712296),(762,'oyl_00H9shLdK6pKEGlwotSqOEcI','微信昵称','_pR-4q','',1,'',NULL,1,NULL,NULL,1512712371,1512712371),(763,'oyl_00CvPgt8nf2gCaYTa-Nu8gWg','微信昵称','tyUzK3','',1,'',NULL,1,NULL,NULL,1512712469,1513428636),(764,'oyl_00Kt_cXC2AQOX5y9ZT-menBQ','微信昵称','XVHiJr','',1,'',NULL,1,NULL,NULL,1512712864,1512712866),(765,'oyl_00D_ZkLePAYbZBiojPhXo-Ho','微信昵称','KxlC6N','',1,'',NULL,1,NULL,NULL,1512712977,1512712977),(766,'oyl_00FGxMaeBGmpVLqRwi8t4p1w','微信昵称','q6pSqV','',1,'',NULL,1,NULL,NULL,1512713712,1512723925),(767,'oyl_00AmsxT2dfzoIJUQSv-1myMQ','微信昵称','NjDvm7','',1,'',NULL,1,NULL,NULL,1512714004,1513689570),(768,'oyl_00Ftwk0BM0qSNfdF5kRy39YQ','A_小程序开发～18631851103','MSRUkL','',1,'https://wx.qlogo.cn/mmopen/vi_32/DYAIOgq83eoh0j1b38c7e1IyTjW6WroRChYf9SmsgWQ3PziciaEKVtwJnhgKlDJ8q1rgoKWjjBdOufibevuEYljYg/0',NULL,1,NULL,NULL,1512718867,1512718867),(769,'oyl_00MQ7yFY0qrcCEOV_3pecdNU','微信昵称','SLdact','',1,'',NULL,1,NULL,NULL,1512719206,1512719209),(770,'oyl_00KIR3IfonIhX8mxOVNN5q6U','微信昵称','mWDTB4','',1,'',NULL,1,NULL,NULL,1512719517,1512719518),(771,'oyl_00E_z0ZaTCp-4Vwim46g8Odw','微信昵称','ZDU1Jy','',1,'',NULL,1,NULL,NULL,1512720257,1512720258),(772,'oyl_00CqpoL8sk9QI9Trob_kRsIc','微信昵称','oXutcc','',1,'',NULL,1,NULL,NULL,1512723493,1512743326),(773,'oyl_00Ke7iPB_Rgo3wgAI9dOFUtk','微信昵称','dS4XnJ','',1,'',NULL,1,NULL,NULL,1512723929,1514276477),(774,'oyl_00BAkQYEDB414wqPRFi01Z8Y','微信昵称','slmEEY','',1,'',NULL,1,NULL,NULL,1512725722,1512725723),(775,'oyl_00Oy4qZPs-QXGkJyTyuLGD-8','微信昵称','nM2cGn','',1,'',NULL,1,NULL,NULL,1512729666,1513822349),(776,'oyl_00ABGz_uAkC0oNPEE5uIf9Iw','微信昵称','Aj-D9e','',1,'',NULL,1,NULL,NULL,1512732836,1512732837),(777,'oyl_00PBYTJ23nWaRiR1vtDy2EIY','微信昵称','Ej732H','',1,'',NULL,1,NULL,NULL,1512735093,1512956586),(778,'oyl_00ITAJPRGr1mP8REHD-So8l0','微信昵称','ICRs0C','',1,'',NULL,1,NULL,NULL,1512737521,1512737521),(779,'oyl_00HEghFxF8Z0FkAiM6uNmWog','微信昵称','VX1hcF','',1,'',NULL,1,NULL,NULL,1512737556,1513953520),(780,'oyl_00Peol6f41dI0qCdoscLG66g','微信昵称','CjseZx','',1,'',NULL,1,NULL,NULL,1512750993,1512750994),(782,'oyl_00DymjebBmazhhlbiiI-RvD4','微信昵称','_VIC0l','',1,'',NULL,1,NULL,NULL,1512779763,1514358553),(783,'oyl_00CrQvLHAohlu0NY4nlgHq3I','微信昵称','bLGIAE','',1,'',NULL,1,NULL,NULL,1512792258,1512792258),(784,'oyl_00NPTxOXmNz4TJXf771s9keM','燕子','ha0msP','',2,'https://wx.qlogo.cn/mmopen/vi_32/Q0j4TwGTfTKCk1iaFzWsyy2YqFnzQfYrXq4ibZ2IiaSibdBNJqOKiaiamwyTIzuciahr9ictjNRNoGTvQmMSIiamDyhtAtA/0',NULL,1,NULL,NULL,1512804163,1514280588),(785,'oyl_00C_dODY5KNfSaukQ16MRpFI','微信昵称','HyNtFN','',1,'',NULL,1,NULL,NULL,1512877335,1512877335),(786,'oyl_00F5D7YYTGYWAi6jZm-6ffp4','微信昵称','IbLOMM','',1,'',NULL,1,NULL,NULL,1512888703,1512888703),(787,'oyl_00Ji_k503lwuKMrIpA00TBbc','微信昵称','jqgC9s','',1,'',NULL,1,NULL,NULL,1512888911,1512888911),(788,'oyl_00P9riUEwUc2jCwtEOoe83BY','微信昵称','QSpe75','',1,'',NULL,1,NULL,NULL,1512889151,1513083251),(789,'oyl_00M6Kit8zOxdpEuSTrhaoX_8','王淑丽','Ni8E0u','',2,'https://wx.qlogo.cn/mmopen/vi_32/Q0j4TwGTfTJwfbibZLzkj9QYdqyEaCI9LNykOo3lSSDWj9pr82dfia2Qa8ZJLYrIDExdVWJzib3pK2vcHQFCcTUWA/0',NULL,1,NULL,NULL,1512889328,1514015100),(790,'oyl_00OV5YbAnnG81i0qggtn7ito','微信昵称','GUxfZp','',1,'',NULL,1,NULL,NULL,1512889339,1512889339),(791,'oyl_00Ke3UO2KdwvpKRJzqKGRH_k','微信昵称','HtWNUd','',1,'',NULL,1,NULL,NULL,1512889460,1512889460),(792,'oyl_00E1UyISeMBARQyvIWGVT6B8','微信昵称','c3t2mW','',1,'',NULL,1,NULL,NULL,1512889514,1513158461),(793,'oyl_00L2ThA99goJfafGuCY2EvE0','微信昵称','cKFfKd','',1,'',NULL,1,NULL,NULL,1512889579,1514350719),(794,'oyl_00OFiPYnfAsvghTyqy7q1jUw','微信昵称','bQV8jc','',1,'',NULL,1,NULL,NULL,1512889822,1512889822),(795,'oyl_00LqJdDSOXH1hCFbJg7xwB5Y','微信昵称','vbOAi5','',1,'',NULL,1,NULL,NULL,1512889825,1513764128),(796,'oyl_00Gizx6Ub9Zjx1QpHJUUy2wQ','微信昵称','gR1jCM','',1,'',NULL,1,NULL,NULL,1512890048,1512890048),(797,'oyl_00OucYa9Q--Oa52w3yYtxYoU','微信昵称','jqt8zk','',1,'',NULL,1,NULL,NULL,1512890642,1514265411),(798,'oyl_00AJvAXjaOeLKhbHjTP7Vcz0','微信昵称','vIKXfE','',1,'',NULL,1,NULL,NULL,1512891604,1512891604),(799,'oyl_00GOHYd4O37MO6nVX3iRFmSM','微信昵称','ERucYD','',1,'',NULL,1,NULL,NULL,1512891667,1514256994),(800,'oyl_00MjfaAg6A6ASSJHuQALcuWI','微信昵称','aycFpm','',1,'',NULL,1,NULL,NULL,1512891942,1512891942),(801,'oyl_00BMgJ2dAic5kuBNvsEzUnls','微信昵称','SSn2GY','',1,'',NULL,1,NULL,NULL,1512892242,1514184891),(802,'oyl_00IBrk4v0KTFxrATubO2Bth8','微信昵称','LatbXA','',1,'',NULL,1,NULL,NULL,1512893883,1512893883),(803,'oyl_00GNp7HZITwNK2ER_0RVUswI','微信昵称','H43ZZ-','',1,'',NULL,1,NULL,NULL,1512895079,1512895079),(804,'oyl_00Hd81UMUsWETcWuwmEZu6oY','微信昵称','uw7_8B','',1,'',NULL,1,NULL,NULL,1512895952,1512895952),(805,'oyl_00Imzu-KvnGcsnYmWgu5S4C4','微信昵称','FK5h4l','',1,'',NULL,1,NULL,NULL,1512896720,1512896720),(806,'oyl_00NN212Ua-1PFL79Z7UZCOUk','微信昵称','wJyYit','',1,'',NULL,1,NULL,NULL,1512896793,1512896793),(807,'oyl_00HLDP_aH4SrHJbFuS3IIQ6k','微信昵称','nDV5II','',1,'',NULL,1,NULL,NULL,1512897179,1512897179),(808,'oyl_00OIUfiTw1vCLAwsrUiW7SmI','微信昵称','nkRwRE','',1,'',NULL,1,NULL,NULL,1512897590,1512897590),(809,'oyl_00Ow4gpzgy8p-YbfjIDCnrpo','微信昵称','c0XZCS','',1,'',NULL,1,NULL,NULL,1512898482,1514294428),(810,'oyl_00HMRkVPA7DnRUU1hJAzAaE8','微信昵称','n8ST4m','',1,'',NULL,1,NULL,NULL,1512899281,1512899281),(811,'oyl_00FyjfL0DiZkRSnirPa_iCjk','微信昵称','S55GYp','',1,'',NULL,1,NULL,NULL,1512899343,1514257151),(812,'oyl_00BEA52Bd8Gz-HxjsrreaSL0','微信昵称','P5Itp5','',1,'',NULL,1,NULL,NULL,1512899495,1512899495),(813,'oyl_00AO-iulPHBd8MzZr6SdrHR0','微信昵称','fRgcFY','',1,'',NULL,1,NULL,NULL,1512902901,1512902901),(814,'oyl_00BC5EWT5OSri6LZN6QPIoPU','微信昵称','q534Hf','',1,'',NULL,1,NULL,NULL,1512952671,1514015361),(815,'oyl_00MCe5639GOD6JMp2vetqLjk','微信昵称','pvy1CJ','',1,'',NULL,1,NULL,NULL,1512956147,1512956147),(816,'oyl_00MdX3CyYVbbmZ2VrWy7j7ZY','蓝心','WB669e','',2,'https://wx.qlogo.cn/mmopen/vi_32/Q0j4TwGTfTJib7mXvibEiay9coFfibDw7D8vlIlIApQzc5e8ibjWWnILDKLzGfOtiadbA84hKES86v1OhL8E05ud0Zpw/0',NULL,1,NULL,NULL,1512981883,1514363197),(817,'oyl_00MfX6m7-ESsCixZsfbM-pN8','微信昵称','vX3gcm','',1,'',NULL,1,NULL,NULL,1512987208,1512987208),(818,'oyl_00GrFTG89NolwyW6NepPsKUo','微信昵称','hN9N7A','',1,'',NULL,1,NULL,NULL,1513002162,1513002162),(819,'oyl_00Psy0oHqK-J-ghOSRuNUSmE','微信昵称','GHgnsn','',1,'',NULL,1,NULL,NULL,1513061797,1513061797),(820,'oyl_00KeNjZOvpugUwvsu5bI5tkE','微信昵称','TP2INB','',1,'',NULL,1,NULL,NULL,1513067827,1513067827),(821,'oyl_00OZlOf9oAaToUgYk7zPfoV0','微信昵称','zigPXP','',1,'',NULL,1,NULL,NULL,1513131424,1513131424),(822,'oyl_00BDTIbE-2a58Sici1RV9I6g','微信昵称','v4oMgC','',1,'',NULL,1,NULL,NULL,1513145039,1513145040),(823,'oyl_00Mhf6Kxzl0vuEf--ZzE-B7c','微信昵称','hoElxZ','',1,'',NULL,1,NULL,NULL,1513151728,1513151728),(824,'oyl_00GcEhTOxob1ucKTo-2tBvBE','柯南','O3ntVl','',1,'https://wx.qlogo.cn/mmopen/vi_32/Q0j4TwGTfTLMibOHuG88Kv0SuEIXjG0WKZXF9RbU7nzI2hRZZUhpH2390qpUxjCbfKkVJvhwn77mpHTPYNmSibpg/0',NULL,1,NULL,NULL,1513159981,1513588809),(825,'oyl_00OzwUX9l-Emi3R7H7f56B0k','微信昵称','TNf53a','',1,'',NULL,1,NULL,NULL,1513166166,1513166177),(827,'oyl_00KCNv_cKyJX_0CqZ-0Iaqv0','微信昵称','KEeiDO','',1,'',NULL,1,NULL,NULL,1513166444,1513766799),(828,'oyl_00OthlMCoXeOYlECVsZ1HDDQ','微信昵称','e4iQRf','',1,'',NULL,1,NULL,NULL,1513172931,1513172931),(829,'oyl_00EAfcB5-5gIwr9lLR3LYjHg','微信昵称','wnuK4c','',1,'',NULL,1,NULL,NULL,1513175040,1513175040),(830,'oyl_00HOsXED0EQJzdN-8xRjc5nc','微信昵称','PZj4_X','',1,'',NULL,1,NULL,NULL,1513237652,1513237652),(831,'oyl_00FipQd3IsSjl1df__-S0LK0','soufar','ECMZsW','',1,'https://wx.qlogo.cn/mmopen/vi_32/DYAIOgq83eo4icAbsS25a3liaEKnz3s2LV6OuibrxVZ6LiadNocQFPNQtmiaiaaJrF1fNcjuLlZCmEU02mzTdwR4nIiaw/0',NULL,1,NULL,NULL,1513245008,1514444434),(832,'oyl_00FqsXcO34_bG-4qYAUQB8X8','微信昵称','QtU9nf','',1,'',NULL,1,NULL,NULL,1513246341,1513735139),(833,'oyl_00IeZfKDTYd1xfKxQn0C3N98','微信昵称','WF5TEK','',1,'',NULL,1,NULL,NULL,1513246590,1513764845),(834,'oyl_00HGIm41eCf9cDARR9rGxfGw','李晓','sKlUEu','',2,'https://wx.qlogo.cn/mmopen/vi_32/PiajxSqBRaEJzo8SicusP8Q7qqfRNmFs1oAbkYpHN3kTwPmOEtKaUFzkzyh6jtOuNicssOEfKsLxeLSHhZHjHXSPw/0',NULL,1,NULL,NULL,1513261132,1513261132),(835,'oyl_00GpiHPie5kJJ4PajDsH-C98','微信昵称','s9GslG','',1,'',NULL,1,NULL,NULL,1513294335,1513294335),(836,'oyl_00EQtvvokEqwaMhS34-CYPss','林海','jb4ewG','',1,'https://wx.qlogo.cn/mmopen/vi_32/Q0j4TwGTfTLyb9zsXpTX8LfnRPpROlU1ua6UZN5kw93LQzFLOnv9tefYHc28Y5E4srb3drWz2q2fYBgg88lSicg/0',NULL,1,NULL,NULL,1513298222,1513298222),(837,'oyl_00PoA6hlPA7Dtqo6xcwG8UOY','晨曦','P3XkO8','',1,'https://wx.qlogo.cn/mmopen/vi_32/Q0j4TwGTfTLB7RStuMfXmoBgXno8TLbVsTo4Aicic45tO5k4uzzqgAJZibzhYbFveyEbhFGQ8BXg7HSmE8qFDVU7g/0',NULL,1,NULL,NULL,1513301609,1513301609),(838,'oyl_00P-VeoCT-EIjZp27WGh1-EA','微信昵称','zxt-Ii','',1,'',NULL,1,NULL,NULL,1513318335,1513318335),(839,'oyl_00HJ1K1uD0XCC-hW5u6TtwuY','微信昵称','AyC-BS','',1,'',NULL,1,NULL,NULL,1513323571,1513323571),(840,'oyl_00CijQ0X7M2qou9NYJ1jGT5o','微信昵称','bZ2kYn','',1,'',NULL,1,NULL,NULL,1513323793,1513323793),(841,'oyl_00HBQSOiG_FaVEFwtKhNCRw0','微信昵称','y9lM0m','',1,'',NULL,1,NULL,NULL,1513324730,1513324730),(842,'oyl_00GHbTqnTlJ3rpaqEqDtQsgI','路过滴先生','kMZdlJ','',1,'https://wx.qlogo.cn/mmopen/vi_32/NhBClVGd7ldp0IM13IdfyIYQETaK8GjYndC8Ebics6rwUPAicNcyVAAFNzQpTsPtk3ZibQWwMEAia69YeLBd11mrXw/0',NULL,1,NULL,NULL,1513326247,1513326247),(843,'oyl_00Murin3CF5bnq_675TKW0_U','微信昵称','W-5mgw','',1,'',NULL,1,NULL,NULL,1513326633,1513326633),(844,'oyl_00A9Kaw2aM-5oJPdw7_yhVJk','微信昵称','kOp0Nc','',1,'',NULL,1,NULL,NULL,1513337077,1513337077),(845,'oyl_00PKATfqWc5IessrHs7pkCCc','嗨哥','q3thxB','',0,'https://wx.qlogo.cn/mmopen/vi_32/DYAIOgq83eoV8sm5g7sEg05uJhFicibiaauv3HZCRPb0fBw1uWHZibIzdIoALuQiannHcbXtwPFEt7BFV4U1Ro4CDBg/0',NULL,1,NULL,NULL,1513337507,1513588263),(846,'oyl_00Kev6IIqyOdkZOxJXJElkUU','微信昵称','e3mA8c','',1,'',NULL,1,NULL,NULL,1513343990,1513343990),(847,'oyl_00C9bpT1DMBAGrMqHP57jQa8','微信昵称','eACAeA','',1,'',NULL,1,NULL,NULL,1513347980,1513347980),(848,'oyl_00LH_en4PFq-X5apLVXyB2M4','微信昵称','osPdBV','',1,'',NULL,1,NULL,NULL,1513352794,1513352794),(849,'oyl_00AIG8yP5CQM_9lDTaLByesA','微信昵称','vy_CsB','',1,'',NULL,1,NULL,NULL,1513356051,1514428442),(850,'oyl_00JhpdpEXSWisWsEatGF8CaQ','微信昵称','kh8qPI','',1,'',NULL,1,NULL,NULL,1513424883,1513655020),(851,'oyl_00FnMoVLHuXx_BupQRB_aoAE','微信昵称','tpwxTU','',1,'',NULL,1,NULL,NULL,1513428699,1513428699),(852,'oyl_00AmZaLCpFWnCZmTd3UIpAJY','微信昵称','p_mUEy','',1,'',NULL,1,NULL,NULL,1513429186,1514361164),(853,'oyl_00K0YwzfUgghMQ03aSb8KEf4','AA海尔全系列家电批发','PzpFR4','',1,'https://wx.qlogo.cn/mmopen/vi_32/TLVxCcRkiaRbjXDMmJgjzCjaXse9CAqOQ3hkc6nszLJltjDOiaEJABUePawx9hE2p3BqCZVPOmPZ1CaicyL1h3WQQ/0',NULL,1,NULL,NULL,1513429324,1513429324),(854,'oyl_00GfG-ctnwCUvNmwV-kaNvH0','微信昵称','xHLuMn','',1,'',NULL,1,NULL,NULL,1513432475,1513432475),(855,'oyl_00EZba34icVjqW6Dpf_E45lM','（雅然软装-玉兰集团）段春林','nrRUnK','',1,'https://wx.qlogo.cn/mmopen/vi_32/DYAIOgq83epnDNtV9cCuVCOWcHFeiczmgJbeyhQZMtx3grVUrTODc0fq3vNdNeX7xwBKBrJichcvicaRWzD4iciaG2g/0',NULL,1,NULL,NULL,1513432788,1513497078),(856,'oyl_00En0BY5I95Y5w6MLhC4YFkY','杏黄月','dvaTAD','',2,'https://wx.qlogo.cn/mmopen/vi_32/Q0j4TwGTfTKaTCFFICUdrADib72tMXibVMe3JftATAIiaptu7UXMNAOBZ61DkUn78wx0jbwwqSmC73HAcYuHYvYdA/0',NULL,1,NULL,NULL,1513434652,1514258791),(857,'oyl_00PuKz21znakt3LA3T3I1FsU','微信昵称','f7bXf3','',1,'',NULL,1,NULL,NULL,1513435050,1514257695),(858,'oyl_00OcCYoDuLBrjUolWi6i_vrY','微信昵称','cPdu5Q','',1,'',NULL,1,NULL,NULL,1513437606,1513437606),(859,'oyl_00I_nJocD4hXW52bz5I_z6oU','小马同学','ClkVsJ','',0,'https://wx.qlogo.cn/mmopen/vi_32/PiajxSqBRaEJTzWwxJBASsBPOI38H6YWlMNT4EgMhwuFrgmEB5kgnyNVyef1cZTN5MiagVEfwZ0kzBPxia2JUvY5Q/0',NULL,1,NULL,NULL,1513465865,1513465865),(860,'oyl_00KvhJSPGPus0-XpOmCn-BwU','微信昵称','d8XjoI','',1,'',NULL,1,NULL,NULL,1513468892,1513468892),(861,'oyl_00NXh7ozfSw-eQDQzl5JPAmY','微信昵称','nfeRkj','',1,'',NULL,1,NULL,NULL,1513488243,1513488243),(862,'oyl_00DcjFoBJxiSiarjxUNvi1v0','微信昵称','GrqRoq','',1,'',NULL,1,NULL,NULL,1513497386,1513844072),(863,'oyl_00IEreF8ItkqSCJBPbl4MYFE','微信昵称','RbIHz6','',1,'',NULL,1,NULL,NULL,1513518729,1514259235),(864,'oyl_00BeTvtHh0IXdV_LY16TJWNA','海尔家电陈冲18519269986','X0B1rv','',1,'https://wx.qlogo.cn/mmopen/vi_32/DYAIOgq83erFIjia0AL4WOQ7aic55XsbQEh2iaKbicibe8jvnxqaP7uNaU8SyYb82BBZiamr9YzVobjA5iaTrLclLZIxw/0',NULL,1,NULL,NULL,1513562493,1514368787),(865,'oyl_00M2689zPunJvNdkx1PM6YKs','CR董','MuVBIk','',0,'https://wx.qlogo.cn/mmopen/vi_32/YaxuGRLOLySzHiagzGJicAwrR2SpEFwwuzvUstpNWQyGXm0G0KTickQOUsFVZWE28ksia48tM8UuEQIwLYia4zMribrg/0',NULL,1,NULL,NULL,1513562630,1513562630),(866,'oyl_00OHTIvdS3epNtlH6Nby2Bs4','微信昵称','LQcsgH','',1,'',NULL,1,NULL,NULL,1513581327,1513581476),(867,'oyl_00D6qeRA1IxjcPox85gTaDME','微信昵称','MrXZ0l','',1,'',NULL,1,NULL,NULL,1513581355,1513581355),(868,'oyl_00NDx_MF5ZVY8lSb8zrlFr7M','微信昵称','FOO-5y','',1,'',NULL,1,NULL,NULL,1513585323,1513585323),(869,'oyl_00LueqCDDLK6Ysr6ivTrQBtc','微信昵称','yo---d','',1,'',NULL,1,NULL,NULL,1513587312,1513689057),(870,'oyl_00H3-FgxcKrEq5WZLLeJGHpQ','微信昵称','nb8NRN','',1,'',NULL,1,NULL,NULL,1513664124,1514334986),(871,'oyl_00MNkAWzUM_zYs28CUdo5_f4','微信昵称','E7x03h','',1,'',NULL,1,NULL,NULL,1513666347,1513666347),(872,'oyl_00GQ-JJGWGHAlljeWQb02mvI','微信昵称','PctuQE','',1,'',NULL,1,NULL,NULL,1513681162,1514074372),(873,'oyl_00I-4a1itU5poMLyp4UNQBNQ','小生意圈','LCbFj9','',1,'https://wx.qlogo.cn/mmopen/vi_32/PiajxSqBRaEKzFd67eK6HB8ICZ4D1vdtkWbntFtHB7Q644OcAtgia8a6DbwJbJ72ibbeavNssULJy3bg4wvrwd2SQ/0',NULL,1,NULL,NULL,1513685176,1513685176),(874,'oyl_00FAsFCqYnhJ39BnAZ8bIk74','微信昵称','RUkm6z','',1,'',NULL,1,NULL,NULL,1513689286,1513689286),(875,'oyl_00ED2FoVYzLjlpm6wWsvYKUw','微信昵称','O37Hww','',1,'',NULL,1,NULL,NULL,1513736588,1514256917),(876,'oyl_00PRkHYiHl3mwvDs8m2JCsQY','灰灰','SqdH0f','',2,'https://wx.qlogo.cn/mmopen/vi_32/z9pK67ZOibOW5XlrGqicbBTLiaQXc2bGa7ye0v2z7AXqia2dUpLG47uJ2qPW0ZDfQthrOIZ7StW05NbXMJKOQdpphg/0',NULL,1,NULL,NULL,1513738657,1514257797),(877,'oyl_00KgHmlguVZgCVB0bMyn5aAQ','李铁','kW8ccx','',1,'https://wx.qlogo.cn/mmopen/vi_32/Q0j4TwGTfTImFIYRXdOAEyAdictsRt2ZRmcwnD3F7oh7vCvE10b0ax3Wsb5HZ1qLHrpgJnYRkENIOMpibHDZZQ2Q/0',NULL,1,NULL,NULL,1513762701,1513762701),(878,'oyl_00Euo9IKQ-VIZPhHOAD2671A','微信昵称','K08RWR','',1,'',NULL,1,NULL,NULL,1513779373,1514199895),(879,'oyl_00PLGPZEVAZyM_J2DeIIv2XE','微信昵称','Kfe4mj','',1,'',NULL,1,NULL,NULL,1513819982,1513819982),(880,'oyl_00DOZ3Ek-gG7uVfFKg9o3Lcs','A  A  A 家美天成装饰','Al5l-x','',1,'https://wx.qlogo.cn/mmopen/vi_32/Q0j4TwGTfTI36jyWyTdRgMYgOkDXyATJsnnb0vV3xia7WyLbS4WX1Jzanrbn7N5iaJicVl2UmAsBsyaCGwR0p83Nw/0',NULL,1,NULL,NULL,1513824943,1513824943),(881,'oyl_00HuGFdd86qvi5QfCdOWmvoc','崔雪光13311307186','X4WqUV','',1,'https://wx.qlogo.cn/mmopen/vi_32/Q0j4TwGTfTJZy9fQlF6a186Fckzy0antoJp0ewu9aA0z97PWDgW7UZaDjZXsVqRkjqQeBgicEacZ9s06umbvUhw/0',NULL,1,NULL,NULL,1513843350,1514427161),(882,'oyl_00DgOa35gE-0wW7vP7vQ1qgQ','微信昵称','QTaOFg','',1,'',NULL,1,NULL,NULL,1513844048,1513844048),(883,'oyl_00PR_q76St_z0uHXTNKimA2U','邹邹哥','Yj6MgX','',1,'https://wx.qlogo.cn/mmopen/vi_32/icHLETetYSSCFKAhIM8HOxc8G2rtS65g86picwgiasMVuNK3V0vKX1iaXtgicZubrK690KU4pO1N47hqPdkWcsqMGow/0',NULL,1,NULL,NULL,1513844099,1513844099),(884,'oyl_00I906e5nf6BYhR8Y7G6ugFo','微信昵称','q_u8Fe','',1,'',NULL,1,NULL,NULL,1513865346,1513865346),(885,'oyl_00F_bPXA8HaWvuliN2VNEhf0','微信昵称','NhjwAE','',1,'',NULL,1,NULL,NULL,1513898421,1513898421),(886,'oyl_00FS1_NquyaAQyUxYVaRm5vU','圣火暖气地暖13691215393','mg9aNn','',1,'https://wx.qlogo.cn/mmopen/vi_32/GL3dqHKibAcRaWdApwhQxZ2S3icsX6giaa7mN5ZOrIUrGkaGqESMRYJGn8VWWFm92NIIPl9mGQ8hysPcgaAJ5HtfQ/0',NULL,1,NULL,NULL,1513900946,1514433931),(887,'oyl_00E4Td5hQSldSaWSH8hsP4ug','微信昵称','oD_9-7','',1,'',NULL,1,NULL,NULL,1513903742,1513911031),(888,'oyl_00Cng27wRXeJMP9oh_xUJY8U','微信昵称','N8RZo5','',1,'',NULL,1,NULL,NULL,1513905212,1513905212),(889,'oyl_00AZk2vJCsP61cPgvcHDApXM','rdgztest_KPUHXA','c91vdM','',0,'',NULL,1,NULL,NULL,1513932586,1513932586),(890,'oyl_00HO6d3f9baLcwPj2HAAUotA','微信昵称','0jGrNy','',1,'',NULL,1,NULL,NULL,1513954911,1513973055),(891,'oyl_00ADS988ZxOCP8SzCEDpptwM','微信昵称','llqn0k','',1,'',NULL,1,NULL,NULL,1513955721,1513955721),(892,'oyl_00BJoxfSYtSBipvMjuuKiYho','微信昵称','W_qdgA','',1,'',NULL,1,NULL,NULL,1513955851,1513955851),(893,'oyl_00JLsoKcnySDWO4rO0jQ2rOo','微信昵称','z4lr-e','',1,'',NULL,1,NULL,NULL,1513986069,1513986069),(894,'oyl_00MZdmLIksJKgicKpDLB0ER8','微信昵称','E4BLtx','',1,'',NULL,1,NULL,NULL,1513988379,1513988379),(895,'oyl_00Lh5otwU5eI2_d5lvEM_zW8','微信昵称','esLKVj','',1,'',NULL,1,NULL,NULL,1513996005,1514005509),(896,'oyl_00FsncmRejFVt92QC-2lK_IE','微信昵称','sHxwEC','',1,'',NULL,1,NULL,NULL,1513996809,1513996809),(897,'oyl_00AtJNPk55yGnYaNFNKRp5Z8','微信昵称','RAUvZk','',1,'',NULL,1,NULL,NULL,1514001409,1514001409),(898,'oyl_00JxQkNyJJRmm8dkcrUEDc5E','微信昵称','NsHtn5','',1,'',NULL,1,NULL,NULL,1514001807,1514001807),(899,'oyl_00JRsjXl9ZLdTu91oHuW1vSg','微信昵称','RoapXG','',1,'',NULL,1,NULL,NULL,1514008434,1514008434),(900,'oyl_00FswmnL9NxOwRyEJzAyoXT8','微信昵称','tZQtWs','',1,'',NULL,1,NULL,NULL,1514016152,1514016153),(901,'oyl_00H6fXfsRMP9mw9LLg95ATZ8','微信昵称','KBx6Ee','',1,'',NULL,1,NULL,NULL,1514093082,1514093082),(902,'oyl_00MCSmwkqD80l9JKCq6o3Rj8','微信昵称','iw790U','',1,'',NULL,1,NULL,NULL,1514112569,1514112569),(903,'oyl_00IkCo7u59icZiTM-ntwtrKI','微信昵称','ntQQaW','',1,'',NULL,1,NULL,NULL,1514113336,1514120236),(904,'oyl_00HLeOkPeBmY2rT5cth4XCI8','微信昵称','w8lxAm','',1,'',NULL,1,NULL,NULL,1514113945,1514169399),(905,'oyl_00ObmlDTf_d6h59M2dbM6zJ4','微信昵称','I2yhOx','',1,'',NULL,1,NULL,NULL,1514115882,1514115882),(906,'oyl_00PAYyAe49sdAEs3EUJ3G0D8','微信昵称','IIbQtO','',1,'',NULL,1,NULL,NULL,1514117312,1514117312),(907,'oyl_00Fl15cgDyTUI93yZ_g9TX5c','照照','BXzDac','',2,'https://wx.qlogo.cn/mmopen/vi_32/PiajxSqBRaELL9bD59Nm9EdY3ibUZibEKm7DFZkKAP3OibYdmdlIY4LicrJWfk8x2EnGIOQ8zJPAcOZn6325AofClkg/0',NULL,1,NULL,NULL,1514119670,1514257483),(908,'oyl_00AQvZMlkxpzE9OFdELbcVLc','网络精灵','AvnT9F','',2,'https://wx.qlogo.cn/mmopen/vi_32/DYAIOgq83erSD7HMAlvbchwc2GDicmgib2BIgz3YqPHe57ZSkd1f4vRC9Xh7Yjn369S36FlzwwpJaJTEu4aibCv8w/0',NULL,1,NULL,NULL,1514120269,1514120269),(909,'oyl_00CgqWTo4UFs8rHxXobxq9Q8','微信昵称','QHNNcp','',1,'',NULL,1,NULL,NULL,1514122210,1514122210),(910,'oyl_00JPbqV7NxktziS_AKBzmpUc','微信昵称','jl9MPs','',1,'',NULL,1,NULL,NULL,1514122347,1514122347),(911,'oyl_00E9bfMtMsxDu7yBrIxJunTk','微信昵称','Si1Cqp','',1,'',NULL,1,NULL,NULL,1514122525,1514122525),(912,'oyl_00Mf6EsR8lEzngQU1x1GViq0','微信昵称','uyLh2U','',1,'',NULL,1,NULL,NULL,1514123072,1514123073),(913,'oyl_00K6xDUHDeqkp9XFrrFhSwxg','微信昵称','wzNOb6','',1,'',NULL,1,NULL,NULL,1514123304,1514123304),(914,'oyl_00AIf6EaB-fZemRHCOG2_hPM','微信昵称','mJnxO4','',1,'',NULL,1,NULL,NULL,1514123887,1514123887),(915,'oyl_00FZsuS4t7I9BthMZ3PCKgbQ','微信昵称','c5m01l','',1,'',NULL,1,NULL,NULL,1514124122,1514127036),(916,'oyl_00GU1IpkRWXUrPw6IAVsf67s','微信昵称','SHRyga','',1,'',NULL,1,NULL,NULL,1514125763,1514125763),(917,'oyl_00Pn5y_PBnqSBt1jJJOULsgc','微信昵称','_M2RR7','',1,'',NULL,1,NULL,NULL,1514126921,1514126921),(918,'oyl_00OTCLJmPcaeH36XtMB5H1hI','微信昵称','dAkdRQ','',1,'',NULL,1,NULL,NULL,1514132426,1514132426),(919,'oyl_00JCJ4UhHRsfsdwoe-GwYKXM','微信昵称','iq4z_c','',1,'',NULL,1,NULL,NULL,1514153555,1514153555),(920,'oyl_00ONg0tDT7mHjMWv7g3OZhH4','微信昵称','tEWaos','',1,'',NULL,1,NULL,NULL,1514166318,1514166318),(921,'oyl_00PdmVBo47dSWHgZczLj91aA','微信昵称','KyUAoJ','',1,'',NULL,1,NULL,NULL,1514168570,1514168570),(922,'oyl_00GtSsCX90ZH2BMXKuuNSux8','王高峰-_-最开心的好','wgfqFT','',1,'https://wx.qlogo.cn/mmopen/vi_32/PMHXE3hgtnj96EEf4pPZ13rS18PrpGUySxPCsMMkUnvyqwKsJgEibCUoleGO6K3uzy2AhPHrwemxO7s2nL4YJlA/0',NULL,1,NULL,NULL,1514170198,1514384472),(923,'oyl_00DS-71KV-FKVGaPHVupb99Y','微信昵称','UGN_Gs','',1,'',NULL,1,NULL,NULL,1514179515,1514179515),(924,'oyl_00ICZ-ISxKUGFIfsvlMLv_C0','微信昵称','R97i94','',1,'',NULL,1,NULL,NULL,1514187758,1514187758),(925,'oyl_00O_zNavDyLbF_zomrcQPVME','whx','MvbiXm','',1,'https://wx.qlogo.cn/mmopen/vi_32/Q0j4TwGTfTJtic4NlCC9eFuJyfmFoCC1dV8eicJTqic2BLT1R0hW4F3t099XzoGIiaP3pd5laQKQqklFLH46QVgcew/0',NULL,1,NULL,NULL,1514187801,1514348461),(926,'oyl_00PUobfV6FUm4tACCGYafjRw','飞美爱格地板赵涛','zNpat7','',1,'https://wx.qlogo.cn/mmopen/vi_32/NGn9l4yTqNnJGwh3SpntoaUdP4TOuA2dbqg3No8842MgJ9q6zne0sIa1lIZouE4ETxNZtOvuIOuFIs5XxNXcPQ/0',NULL,1,NULL,NULL,1514187814,1514187814),(927,'oyl_00ElSipbWWGxLmG0k_vu6fk0','微信昵称','Sen0ZT','',1,'',NULL,1,NULL,NULL,1514190373,1514257065),(928,'oyl_00KgilUGfagvm0MwOLQZyP-E','微信昵称','tODqmd','',1,'',NULL,1,NULL,NULL,1514197277,1514389998),(929,'oyl_00Jhege0dHJSrlaGf7saUR9E','微信昵称','WnAzeH','',1,'',NULL,1,NULL,NULL,1514197304,1514197304),(930,'oyl_00H2bnPb3UwTQQPCdPeBqFRo','微信昵称','ZNOn-l','',1,'',NULL,1,NULL,NULL,1514197352,1514197352),(931,'oyl_00AMKxohxH0F46u5Ya1mDaAg','微信昵称','M7qdvd','',1,'',NULL,1,NULL,NULL,1514197581,1514197581),(932,'oyl_00PUs-nBQJ5NdPOevRYLr8Lo','微信昵称','xA3tt8','',1,'',NULL,1,NULL,NULL,1514197627,1514197627),(933,'oyl_00JmfL8YS_0tnOjQEZnnnblQ','微信昵称','UIu5dx','',1,'',NULL,1,NULL,NULL,1514197744,1514286028),(934,'oyl_00DZrvoIo02luScwr4v7KS9A','微信昵称','xgyCNz','',1,'',NULL,1,NULL,NULL,1514197748,1514197748),(935,'oyl_00Btii_1UckP0o68KCXoVMJY','微信昵称','TCH5Kb','',1,'',NULL,1,NULL,NULL,1514197819,1514197819),(936,'oyl_00Jd3A1pFKx0QWZ5_UnPcStI','微信昵称','piJkLM','',1,'',NULL,1,NULL,NULL,1514197889,1514266317),(937,'oyl_00E36wOxJ91OOHoYlT01-ylE','小琦㊙','oA69yb','',1,'https://wx.qlogo.cn/mmopen/vi_32/Q3auHgzwzM59BkKg2V7YOPl714W7uekwSPaV5T6UsINkPaeFbU9nZlc4CdUClkf9Cib8Yw7ZFvjnrBicBrMtJqiaw/0',NULL,1,NULL,NULL,1514198025,1514198025),(938,'oyl_00LIV92OSprg6G4iqwOP42L4','微信昵称','GXkGhW','',1,'',NULL,1,NULL,NULL,1514198147,1514198147),(939,'oyl_00F-0FvRKvGubBTXBCr1zLy8','微信昵称','DuhLem','',1,'',NULL,1,NULL,NULL,1514198200,1514198200),(940,'oyl_00Ew6U5sBxmH6XrFCFquB23g','微信昵称','gt2Hdd','',1,'',NULL,1,NULL,NULL,1514198306,1514207903),(941,'oyl_00HFdkzfDJIHxrY0eC27isVc','微信昵称','Oi0cWr','',1,'',NULL,1,NULL,NULL,1514198348,1514198348),(942,'oyl_00NIGj1v1aE3PFiqZqyp2TNc','微信昵称','vsNBmQ','',1,'',NULL,1,NULL,NULL,1514198412,1514198412),(943,'oyl_00ANDGkKpy66IKzta_CDBdmQ','微信昵称','JjYnnD','',1,'',NULL,1,NULL,NULL,1514198483,1514203218),(944,'oyl_00Gdu5hpzEAPY-SWswvjn8_8','微信昵称','kdAmlI','',1,'',NULL,1,NULL,NULL,1514198532,1514198532),(945,'oyl_00HZaJD8J7auv4vyiCXbEMjs','微信昵称','DjTSkK','',1,'',NULL,1,NULL,NULL,1514198593,1514200118),(946,'oyl_00Pg--6Z5JjsKH2BsGtw52Ck','微信昵称','uVd8uL','',1,'',NULL,1,NULL,NULL,1514198617,1514198617),(947,'oyl_00AmD7zlX4bnW4aOXrc-0uaY','麒豆豆','yOcSeI','',2,'https://wx.qlogo.cn/mmopen/vi_32/DYAIOgq83eqnwc76trn2r5e64KqfGuLPOO69qYAUiaKNhbKWmfnLudsW4GMSewm6ghKSnedTcb4zU2Eibbicdbddg/0',NULL,1,NULL,NULL,1514198900,1514258819),(948,'oyl_00MhjLGNauRgi9Okh0VBD5XE','微信昵称','Jfy3kw','',1,'',NULL,1,NULL,NULL,1514199246,1514363497),(949,'oyl_00CobWzny3XpQghq_12BoR2I','微信昵称','Sh8Qtt','',1,'',NULL,1,NULL,NULL,1514199305,1514201569),(950,'oyl_00BrIEKO2Uwx-NsvxuomuL9s','微信昵称','Ldyzrq','',1,'',NULL,1,NULL,NULL,1514199378,1514199378),(951,'oyl_00C217DMWAyxkjKUMZ8Nw8wI','微信昵称','0NRGAA','',1,'',NULL,1,NULL,NULL,1514199402,1514386640),(952,'oyl_00PxY9rVCNEl_uVzVprQWRUA','微信昵称','YExIyA','',1,'',NULL,1,NULL,NULL,1514199485,1514199850),(953,'oyl_00KnkypXewfiD-YHIHwYB8ls','微信昵称','DX734j','',1,'',NULL,1,NULL,NULL,1514199568,1514199568),(954,'oyl_00JwOkCfVW8x9iRDPzvzI730','微信昵称','eAPoeE','',1,'',NULL,1,NULL,NULL,1514199743,1514199743),(955,'oyl_00M2cOkAjAQfDO1bUyBsy18k','崔某某','U3xfOK','',1,'https://wx.qlogo.cn/mmopen/vi_32/Q0j4TwGTfTJicRG5osa5xxHb9eJ5u1icwrMq1LicSBSUqCYAHTLEicIkLMO1xzb9Ps8RlYx2ibeK4o1nlSIXgPoMHDA/0',NULL,1,NULL,NULL,1514199824,1514207416),(956,'oyl_00BQJhhXL9HjIxrzOBQCng9M','微信昵称','I2QoDS','',1,'',NULL,1,NULL,NULL,1514199856,1514199856),(957,'oyl_00CKXU6lkJvkNDHgQZtr-Hx4','微信昵称','GSP7JG','',1,'',NULL,1,NULL,NULL,1514200500,1514200500),(958,'oyl_00AMfRQli3roGEDp6Yg8PZpM','微信昵称','erEEtS','',1,'',NULL,1,NULL,NULL,1514200609,1514200609),(959,'oyl_00ELx5fpQ5Mj4XfNqJ88Klhc','微信昵称','lCd-JC','',1,'',NULL,1,NULL,NULL,1514200752,1514256737),(960,'oyl_00BCeBG5Z8MRGy8IswXVwJDQ','微信昵称','IuObBR','',1,'',NULL,1,NULL,NULL,1514200832,1514354151),(961,'oyl_00BraU5J4peJbfbxh1pzxPyU','微信昵称','xM-dtn','',1,'',NULL,1,NULL,NULL,1514201218,1514201218),(962,'oyl_00NzoKdO-xgWjaSuM93CelU8','微信昵称','X5VKVI','',1,'',NULL,1,NULL,NULL,1514201560,1514259835),(963,'oyl_00GgxCtI5Ed-9IwTDeVkJh6g','微信昵称','IKFHbz','',1,'',NULL,1,NULL,NULL,1514201586,1514201586),(964,'oyl_00IcA-HhqYQDp-o3-z0zm1Sw','微信昵称','z2gnut','',1,'',NULL,1,NULL,NULL,1514201599,1514449383),(965,'oyl_00PoeEaCKKbDcTzsrphSR1VM','微信昵称','ixgk8e','',1,'',NULL,1,NULL,NULL,1514201678,1514203153),(966,'oyl_00NmOB46oMxkV9SxlqC4EBSs','微信昵称','wVXhaq','',1,'',NULL,1,NULL,NULL,1514201826,1514318551),(967,'oyl_00ILNKDYTZLLmr9CnDMn2ThU','微信昵称','A0eboG','',1,'',NULL,1,NULL,NULL,1514201919,1514201919),(968,'oyl_00GFSQQNu8DwGvDZ9lsVgMSI','微信昵称','tPZAqC','',1,'',NULL,1,NULL,NULL,1514202041,1514202041),(969,'oyl_00BXhsKGy0b6Tu56lXzYwz_s','微信昵称','Z5vv9s','',1,'',NULL,1,NULL,NULL,1514202418,1514447037),(970,'oyl_00Hx0e09cy1TRykDxmw5W_P4','微信昵称','BHHxLi','',1,'',NULL,1,NULL,NULL,1514202437,1514209791),(971,'oyl_00GshcSv-WQcl_BBXbz7Il4w','微信昵称','qo65Am','',1,'',NULL,1,NULL,NULL,1514202532,1514360981),(972,'oyl_00NBFvSAJ-fs_ex5oi3kX2s0','微信昵称','Q0mPKK','',1,'',NULL,1,NULL,NULL,1514202955,1514284450),(973,'oyl_00OGlJVyY-JVvPT9OzakxjEk','微信昵称','DS3TDJ','',1,'',NULL,1,NULL,NULL,1514203060,1514203060),(974,'oyl_00Gx0ww6W14I4bKyC4YRgz_o','微信昵称','KTDJ4m','',1,'',NULL,1,NULL,NULL,1514203093,1514208988),(975,'oyl_00ARxoW6LfPpg5Z1u-RQ9L0U','微信昵称','nX6dWS','',1,'',NULL,1,NULL,NULL,1514203159,1514447104),(976,'oyl_00MHr1va3AfIKHkYbluRGdoQ','微信昵称','_DEb_L','',1,'',NULL,1,NULL,NULL,1514203274,1514203274),(977,'oyl_00CB5iHdqPiPi_THNvUHmz3Q','微信昵称','AJ_z3O','',1,'',NULL,1,NULL,NULL,1514203548,1514207816),(978,'oyl_00DuwS2ZlgpTXwL3UhBZCkLw','微信昵称','jdRuIf','',1,'',NULL,1,NULL,NULL,1514203677,1514203677),(979,'oyl_00HQ5jTbg0K2Rm2UK8FFd8as','微信昵称','dbQByG','',1,'',NULL,1,NULL,NULL,1514204037,1514263123),(980,'oyl_00IvVhyOiebNGoRfNX3tOiHk','微信昵称','w0GMe_','',1,'',NULL,1,NULL,NULL,1514204302,1514204302),(981,'oyl_00JU0qOq-LHfNUz45IYm0pKU','微信昵称','qQIbCD','',1,'',NULL,1,NULL,NULL,1514205682,1514213177),(982,'oyl_00JViJqs1qyOO-M3fw4kZx_w','微信昵称','so7KEg','',1,'',NULL,1,NULL,NULL,1514206431,1514207463),(983,'oyl_00EGG_zA2hVLxOnZZLnznWwg','微信昵称','G-UFjA','',1,'',NULL,1,NULL,NULL,1514207253,1514287446),(984,'oyl_00B0QMeiu_qWpVUwh6tGWpJo','微信昵称','RXi5CL','',1,'',NULL,1,NULL,NULL,1514207341,1514207341),(985,'oyl_00E9MlRy20v2XcIocLjNPnow','微信昵称','iiQiDF','',1,'',NULL,1,NULL,NULL,1514207969,1514207969),(986,'oyl_00Ib1D478i96j86pBjOugucI','微信昵称','oAaB1y','',1,'',NULL,1,NULL,NULL,1514208111,1514338215),(987,'oyl_00Ph2CnJWenpJOZEgSiBv31s','微信昵称','i79NdC','',1,'',NULL,1,NULL,NULL,1514208293,1514208293),(988,'oyl_00KHLWVAmhgHZO1sHyS2Trfg','微信昵称','mEY8rG','',1,'',NULL,1,NULL,NULL,1514209937,1514209937),(989,'oyl_00DCT-kFGYKOcn_qyqNK6Bns','微信昵称','T3y5t2','',1,'',NULL,1,NULL,NULL,1514210919,1514210919),(990,'oyl_00Dryo1VGhIaB0AxnrHCMsqw','微信昵称','T2FifR','',1,'',NULL,1,NULL,NULL,1514212354,1514212354),(991,'oyl_00KqFjn8LBbvubsda_f_3hII','微信昵称','gkXasj','',1,'',NULL,1,NULL,NULL,1514212902,1514212902),(992,'oyl_00JDo7XrPbgJXWJISZV6Kx2k','微信昵称','D0mwNu','',1,'',NULL,1,NULL,NULL,1514237800,1514361994),(993,'oyl_00DgAX33KGnlTkRmMjc6TdI4','微信昵称','VQxs4w','',1,'',NULL,1,NULL,NULL,1514240967,1514240967),(994,'oyl_00Hn5YFP_xLIZEFz93mKf58M','微信昵称','iBhgpk','',1,'',NULL,1,NULL,NULL,1514247309,1514247309),(995,'oyl_00FYVCEmlC-WTWDgBOUP0w4E','微信昵称','h2EHhZ','',1,'',NULL,1,NULL,NULL,1514255705,1514255706),(996,'oyl_00PgqlHkzrVElMCVvXDLJA8M','微信昵称','y0r41C','',1,'',NULL,1,NULL,NULL,1514255876,1514255876),(997,'oyl_00MpTjROIFOejLDPIZrZMP5E','微信昵称','r6rhi3','',1,'',NULL,1,NULL,NULL,1514255889,1514257816),(998,'oyl_00CJHZ2nsZmosblviWu5M3tA','微信昵称','b_3Ols','',1,'',NULL,1,NULL,NULL,1514256408,1514256408),(999,'oyl_00FzWaSnGHVlEggxJL_jHawo','微信昵称','yQK2y-','',1,'',NULL,1,NULL,NULL,1514256491,1514428040),(1000,'oyl_00FIBOSA2L2mWOhU9SP4nrUk','微信昵称','Sh1U_F','',1,'',NULL,1,NULL,NULL,1514256539,1514256539),(1001,'oyl_00CdDJyDIiw25F4dEOrbc6wQ','微信昵称','vMqG_J','',1,'',NULL,1,NULL,NULL,1514256658,1514256659),(1002,'oyl_00FwOwaSJtyPHsKI5cCUtTIU','微信昵称','iron4-','',1,'',NULL,1,NULL,NULL,1514256733,1514256733),(1003,'oyl_00M5zsNH3fzTC8gZALVJB4zw','微信昵称','GJAcq8','',1,'',NULL,1,NULL,NULL,1514256736,1514256736),(1004,'oyl_00Gum2W0NLfaGHlxF417M3r4','微信昵称','RQNPZN','',1,'',NULL,1,NULL,NULL,1514256792,1514256793),(1005,'oyl_00F1ADzxSg3_8a_LCKP6dVxc','微信昵称','YN2vPa','',1,'',NULL,1,NULL,NULL,1514256990,1514256991),(1006,'oyl_00EZVBXGuMFJ2OWxSwMVho4A','微信昵称','VhPpsS','',1,'',NULL,1,NULL,NULL,1514257004,1514257004),(1007,'oyl_00Ga37zDUfZmdtkPf-7wipME','微信昵称','asH_KC','',1,'',NULL,1,NULL,NULL,1514257022,1514257022),(1008,'oyl_00GlQ7bEAL-kNtPeIkGScmIw','微信昵称','UXFvyP','',1,'',NULL,1,NULL,NULL,1514257198,1514257198),(1009,'oyl_00IUe-eadqj_EnggZ37bXxKk','微信昵称','Zn_I21','',1,'',NULL,1,NULL,NULL,1514257377,1514257377),(1011,'oyl_00B9YNwpieDScW4v7m8Lspl4','微信昵称','Jyt2FG','',1,'',NULL,1,NULL,NULL,1514257444,1514257444),(1012,'oyl_00LMlAP2nTPOv74Cswe0s4W0','微信昵称','QuaCLO','',1,'',NULL,1,NULL,NULL,1514257808,1514264052),(1013,'oyl_00AL9h4Iczw6_ruCBSE1ZsL4','微信昵称','VKJK47','',1,'',NULL,1,NULL,NULL,1514258340,1514339550),(1014,'oyl_00EiDOc_9UvYlMsq7eWaLboI','微信昵称','Eu6Are','',1,'',NULL,1,NULL,NULL,1514258619,1514258729),(1015,'oyl_00NvibPdxnJf3gJAL_G39j1A','微信昵称','_pH92y','',1,'',NULL,1,NULL,NULL,1514259205,1514259205),(1016,'oyl_00EYOdthS5-JcdtUwKsAvV_8','微信昵称','HcZyWV','',1,'',NULL,1,NULL,NULL,1514259275,1514259275),(1017,'oyl_00H4dcWmNem49yqkOEeeGTBQ','微信昵称','SK2xgN','',1,'',NULL,1,NULL,NULL,1514259374,1514259375),(1018,'oyl_00JNT0rlp7j0-udipV7CoGIY','微信昵称','H2umxT','',1,'',NULL,1,NULL,NULL,1514259418,1514259418),(1021,'oyl_00M9f7bJ4HLC7tdnxKX03Jv0','微信昵称','cpD7lF','',1,'',NULL,1,NULL,NULL,1514259451,1514259451),(1022,'oyl_00KuMuHPRIg_R-MyEFiiSe8I','微信昵称','Mi2CTY','',1,'',NULL,1,NULL,NULL,1514259519,1514259519),(1023,'oyl_00NkEBpdiF6n-takx46zEY1k','微信昵称','qfL1jS','',1,'',NULL,1,NULL,NULL,1514259912,1514283476),(1024,'oyl_00JAu3wLjCMqcpOj8U9EPiW4','微信昵称','HDOf8M','',1,'',NULL,1,NULL,NULL,1514259929,1514259929),(1025,'oyl_00DNVdph6B98LMGfkLbm8R9U','微信昵称','mmkXdn','',1,'',NULL,1,NULL,NULL,1514259945,1514259945),(1026,'oyl_00Du5XIFiLMBxy-te99gp8os','微信昵称','xgYWJ9','',1,'',NULL,1,NULL,NULL,1514259976,1514259976),(1027,'oyl_00BOHJfRXuhQ5hlkwyJ2VZts','微信昵称','QKe0RA','',1,'',NULL,1,NULL,NULL,1514260003,1514260003),(1029,'oyl_00GUfoQTdMb1zpQQb21b743s','微信昵称','fg6eWw','',1,'',NULL,1,NULL,NULL,1514260092,1514260092),(1030,'oyl_00EFFqfOU-nLoZXl986tsz0Q','微信昵称','uLyR7Y','',1,'',NULL,1,NULL,NULL,1514260248,1514260248),(1031,'oyl_00IM54oZlL9hNVGDjhbEMNVg','微信昵称','MZG_iq','',1,'',NULL,1,NULL,NULL,1514260377,1514260377),(1032,'oyl_00GDS5Z3pZT_oFUi750Deyic','微信昵称','eG8wYw','',1,'',NULL,1,NULL,NULL,1514260550,1514428016),(1033,'oyl_00CN2D6TxgiS3t8MAIwXd5tM','微信昵称','_-RxFx','',1,'',NULL,1,NULL,NULL,1514260839,1514260840),(1034,'oyl_00NEKRkWhoHVB3QoI9PjKLNE','微信昵称','dfYh23','',1,'',NULL,1,NULL,NULL,1514261298,1514261299),(1035,'oyl_00JbHWaxwyxEahOnqjywpLVo','微信昵称','ze5Fhc','',1,'',NULL,1,NULL,NULL,1514263611,1514263612),(1036,'oyl_00PMgB9pKbxLrx3mUgpDGfV0','微信昵称','J5uN6o','',1,'',NULL,1,NULL,NULL,1514264059,1514264059),(1037,'oyl_00DeduAxc5eLTsECG8tIN8j8','微信昵称','XBsYW8','',1,'',NULL,1,NULL,NULL,1514264083,1514264084),(1038,'oyl_00JoDcqyUvu6w2_Q_XTFS82o','微信昵称','mZ3xe3','',1,'',NULL,1,NULL,NULL,1514264527,1514264527),(1040,'oyl_00D87xgucRNVhlUjdtIAJz7E','微信昵称','qo_MRD','',1,'',NULL,1,NULL,NULL,1514265378,1514265378),(1041,'oyl_00PjcWo_NIKh656H3Be151PU','微信昵称','Dyq5O2','',1,'',NULL,1,NULL,NULL,1514266508,1514430471),(1042,'oyl_00BImX_-NlaqGLzSGr3m294Y','微信昵称','eClS25','',1,'',NULL,1,NULL,NULL,1514266857,1514266858),(1043,'oyl_00B0C87llGj7amxCuiSKx4Zk','微信昵称','uD5Tuy','',1,'',NULL,1,NULL,NULL,1514266981,1514266981),(1044,'oyl_00N5_zFL8z0q-eGa9o_1q3j4','微信昵称','QS0943','',1,'',NULL,1,NULL,NULL,1514267255,1514267256),(1045,'oyl_00ExhBJb6nxqi9WJs4pdMC_8','微信昵称','xlg1uR','',1,'',NULL,1,NULL,NULL,1514267362,1514267362),(1046,'oyl_00ALGiCbYMB6hF1An2B-1gUE','微信昵称','INElFP','',1,'',NULL,1,NULL,NULL,1514267409,1514267409),(1047,'oyl_00GOxkwPWo71MgLqo8eDiSV0','微信昵称','QXA1Bf','',1,'',NULL,1,NULL,NULL,1514267555,1514267555),(1048,'oyl_00HBajIJlUiLdPE9ZFnOKQUM','微信昵称','c_MTEv','',1,'',NULL,1,NULL,NULL,1514269542,1514269543),(1049,'oyl_00PAySicJZEV9ft71Xh4PMhk','微信昵称','POv3Ct','',1,'',NULL,1,NULL,NULL,1514269640,1514269641),(1050,'oyl_00CMc4-wGMp2LzfGmGtiR5DY','微信昵称','oSupOg','',1,'',NULL,1,NULL,NULL,1514270826,1514270826),(1051,'oyl_00KBwRVXd6e6Lm1BFDkMhCZ4','微信昵称','sgjFfR','',1,'',NULL,1,NULL,NULL,1514271250,1514274410),(1052,'oyl_00Fol6Gh8cNy8jdNo4zsp6n0','微信昵称','q8VaXW','',1,'',NULL,1,NULL,NULL,1514271608,1514271611),(1053,'oyl_00EbpiNiR5zvzXwu3lsCH0XE','微信昵称','XW8S5c','',1,'',NULL,1,NULL,NULL,1514273085,1514273085),(1054,'oyl_00PSaa6IL_W2Vs9DXclk6fDw','微信昵称','-YG-z5','',1,'',NULL,1,NULL,NULL,1514273867,1514298401),(1055,'oyl_00EPriEi_Lvi5Ia-u7w-ZUzs','微信昵称','RQOcQK','',1,'',NULL,1,NULL,NULL,1514273920,1514384947),(1056,'oyl_00FcYmTaLzGmCTGPctL82VAc','微信昵称','XXqXNu','',1,'',NULL,1,NULL,NULL,1514274155,1514274155),(1057,'oyl_00AT53OEUNj148ltYPydSDkE','微信昵称','bRVoRP','',1,'',NULL,1,NULL,NULL,1514274390,1514274391),(1058,'oyl_00OMITVoAu8dxgT19xLEKysU','微信昵称','cA3Wd8','',1,'',NULL,1,NULL,NULL,1514275106,1514388683),(1059,'oyl_00EI0v3Bri_aUlIVG-LUVGW0','微信昵称','LOgG3T','',1,'',NULL,1,NULL,NULL,1514275278,1514275281),(1060,'oyl_00IJJR45JFYBfL0jLmlJjdiU','春天花会开','HSm46L','',1,'https://wx.qlogo.cn/mmopen/vi_32/DYAIOgq83eqOoUNNQFmWlFiaXlTbhBbLDNcB8ekVsib7tRGJUP8fXzRcxbvwT7jtxAjprtBlZicPNTLUINbkgUepw/0',NULL,1,NULL,NULL,1514275522,1514275523),(1061,'oyl_00KZWzkr0hd5lMzwBTTqD2es','微信昵称','pw0WkH','',1,'',NULL,1,NULL,NULL,1514278206,1514358580),(1062,'oyl_00IBm1ZjtiKkhxa-IA3_njxk','微信昵称','lqxcN3','',1,'',NULL,1,NULL,NULL,1514279354,1514279354),(1063,'oyl_00IclutQ2TSsm_1agt6wa4qo','微信昵称','ImDKfT','',1,'',NULL,1,NULL,NULL,1514280402,1514280402),(1064,'oyl_00PmhMLPJUFdbzSk_0HABWAo','微信昵称','feBdJz','',1,'',NULL,1,NULL,NULL,1514280694,1514280695),(1065,'oyl_00BUpxtsvZhwl7RfBP_U4TiU','玻妞园园','dKLm1C','',2,'https://wx.qlogo.cn/mmopen/vi_32/Q0j4TwGTfTLuqUyMUUruPN4IJORGbm9zRe5bU4tl7fVKWNdOumADibRwD1kzSibqCnWInObS5lAhzX7JCNkz8QMQ/0',NULL,1,NULL,NULL,1514280791,1514366074),(1066,'oyl_00AlmdAA77vwYravW7AD-pZo','微信昵称','aQv6cj','',1,'',NULL,1,NULL,NULL,1514281003,1514281004),(1067,'oyl_00AFvrmiCbMiu4xlTxpoxTX4','微信昵称','T-0JZC','',1,'',NULL,1,NULL,NULL,1514281200,1514286868),(1068,'oyl_00DvUOHBDktBDD9810v0DL_0','微信昵称','nBMbzW','',1,'',NULL,1,NULL,NULL,1514282228,1514282228),(1069,'oyl_00Euq0qgH6Xjk4Zh8KYp1aNg','微信昵称','gA-17Y','',1,'',NULL,1,NULL,NULL,1514284846,1514284848),(1070,'oyl_00Nsao7LFUCwDcD_yhKcQBWA','微信昵称','LJoneR','',1,'',NULL,1,NULL,NULL,1514284854,1514284855),(1071,'oyl_00C1-GixQbD3_MPX5XWgO7q4','微信昵称','KyhSxN','',1,'',NULL,1,NULL,NULL,1514284883,1514284883),(1072,'oyl_00EbrBbI_OnBZ23IJhASP2fk','微信昵称','gxVrhk','',1,'',NULL,1,NULL,NULL,1514284966,1514358432),(1073,'oyl_00OGay_Wz2gYQrfZIV8XOIZI','微信昵称','zqXupD','',1,'',NULL,1,NULL,NULL,1514284972,1514284972),(1074,'oyl_00J5OOXVBLdS6DCcEJkiDPZY','微信昵称','pZRUps','',1,'',NULL,1,NULL,NULL,1514285033,1514285033),(1075,'oyl_00C_rtI-wyTLlmgKV_uvElUA','微信昵称','p2Wn01','',1,'',NULL,1,NULL,NULL,1514285169,1514285169),(1076,'oyl_00BVteZtjjkjJANlV7pCLSjQ','微信昵称','muun-u','',1,'',NULL,1,NULL,NULL,1514285722,1514285722),(1077,'oyl_00OjrVFW6ay6CHCEHA3qUlaU','微信昵称','FhU042','',1,'',NULL,1,NULL,NULL,1514285938,1514285938),(1078,'oyl_00Jgcsf_p3jLr4YjxV9lZVoM','微信昵称','rpB0u8','',1,'',NULL,1,NULL,NULL,1514285983,1514285983),(1079,'oyl_00OkWgI6fyWGJI0eK33Kz9x8','微信昵称','PbKe1y','',1,'',NULL,1,NULL,NULL,1514286551,1514361001),(1080,'oyl_00JrlMZnpRfx63hirNZhXn_Y','微信昵称','MlMxwk','',1,'',NULL,1,NULL,NULL,1514286703,1514286704),(1081,'oyl_00JCWaAg2PhcFWnosVcaEthY','微信昵称','WREjNF','',1,'',NULL,1,NULL,NULL,1514286918,1514286922),(1082,'oyl_00OaxkrMAz5rzNvzRhq-jkBE','微信昵称','sjxyPV','',1,'',NULL,1,NULL,NULL,1514287086,1514287086),(1083,'oyl_00NWXUzhBWf7C9nSWBirCMkU','微信昵称','nlrjJg','',1,'',NULL,1,NULL,NULL,1514287299,1514287300),(1084,'oyl_00P6RRYtR3_pP2CMa9xJ0twE','微信昵称','_SDwng','',1,'',NULL,1,NULL,NULL,1514288053,1514445511),(1085,'oyl_00OJhLJJraKsRMmSlW649xOI','微信昵称','naPT7f','',1,'',NULL,1,NULL,NULL,1514292923,1514292923),(1086,'oyl_00BVs_Y8AYCaRnHRfbULsZ6k','微信昵称','RmOJ8M','',1,'',NULL,1,NULL,NULL,1514297572,1514297572),(1087,'oyl_00E0o3mF5yRczYR33aVPcZ0w','微信昵称','jMERUT','',1,'',NULL,1,NULL,NULL,1514302233,1514302233),(1088,'oyl_00HiLJy3Okn6-1QyYEiiBm2k','微信昵称','N7Z9OG','',1,'',NULL,1,NULL,NULL,1514302958,1514302958),(1089,'oyl_00FExoTKuFCQLe8X0StbZpHI','微信昵称','c6HLH3','',1,'',NULL,1,NULL,NULL,1514328039,1514328039),(1090,'oyl_00NetzkXEo7KHX4ngF2m38Yw','微信昵称','mEj7ph','',1,'',NULL,1,NULL,NULL,1514329961,1514329961),(1091,'oyl_00Iisp5-CUjPIyMd402269JA','刘智秋','TLHnYV','',1,'https://wx.qlogo.cn/mmopen/vi_32/Q0j4TwGTfTLh7lGkNhWZHb3WRc89XcUpFt2HhwjgBibWESPGMibbesrFrs0w23OtACWDCJFBodCc54e5sOreF9hg/0',NULL,1,NULL,NULL,1514334398,1514334398),(1092,'oyl_00Lhda5_mcSLnyGzUyEVNNu4','微信昵称','xJpDyJ','',1,'',NULL,1,NULL,NULL,1514335676,1514335676),(1094,'oyl_00H6hHZyigUxI95BR1WAWeBE','微信昵称','nt6NqJ','',1,'',NULL,1,NULL,NULL,1514335989,1514335989),(1095,'oyl_00C-xlBdMDzZK0WwUOQbZNL8','微信昵称','j6mtDL','',1,'',NULL,1,NULL,NULL,1514339768,1514342667),(1096,'oyl_00G8rf0vFxgDUtccElhRiJXE','微信昵称','F3MkSb','',1,'',NULL,1,NULL,NULL,1514342266,1514342266),(1097,'oyl_00EnqnY-9Txz950iRGqYQUfE','微信昵称','DWan25','',1,'',NULL,1,NULL,NULL,1514344069,1514344069),(1098,'oyl_00Ei76wEGx1BNnv5wTkgXrPY','微信昵称','TKqM8N','',1,'',NULL,1,NULL,NULL,1514347360,1514347360),(1099,'oyl_00L9nccXFjapiUi0v7Os3ZS4','微信昵称','bLxUvF','',1,'',NULL,1,NULL,NULL,1514351411,1514351411),(1100,'oyl_00EjuoLx5zCTwqDHKwrBvKtY','微信昵称','LuL7sU','',1,'',NULL,1,NULL,NULL,1514354505,1514421484),(1101,'oyl_00FiIl2aq5jk9XJOY3dwLiNQ','微信昵称','iraugD','',1,'',NULL,1,NULL,NULL,1514355151,1514355151),(1102,'oyl_00F7UCPWV0KCWULKwn-8E8JI','微信昵称','zJeegE','',1,'',NULL,1,NULL,NULL,1514355203,1514355831),(1103,'oyl_00IxMX66EM_n2coTzXYDyiKA','微信昵称','KIo-iJ','',1,'',NULL,1,NULL,NULL,1514355985,1514355985),(1105,'oyl_00PrWvC_hwJSUXLfq9VRzFvI','微信昵称','lTgvzI','',1,'',NULL,1,NULL,NULL,1514356490,1514356490),(1106,'oyl_00LinSSXPUaNf_rrUgdlX73M','微信昵称','LHOfWV','',1,'',NULL,1,NULL,NULL,1514356501,1514356503),(1107,'oyl_00Nn4LCuiIk5I5RyukRCfKmc','微信昵称','XPRqab','',1,'',NULL,1,NULL,NULL,1514358593,1514358594),(1108,'oyl_00C51qzY5uMfSOkqkNBbbBQg','微信昵称','t18VSE','',1,'',NULL,1,NULL,NULL,1514358990,1514358990),(1109,'oyl_00D6zI3odq6izKhu9LVY3VKg','小农民','LiblNJ','',1,'https://wx.qlogo.cn/mmopen/vi_32/2yFLQicnCQmbUib1poibZ4kcfDlJT3j339iak6W7ibb1ia1qXnYeSXV2ibYskic9JQEzHFacEqaibujsibbFF0htybehdeTw/0',NULL,1,NULL,NULL,1514359455,1514360947),(1110,'oyl_00K_49K_Zh79FVUEeCam55SM','微信昵称','SwP-C8','',1,'',NULL,1,NULL,NULL,1514361160,1514361160),(1111,'oyl_00Iib9pvIkZRbAKu0EhBkyY4','微信昵称','ug7y4I','',1,'',NULL,1,NULL,NULL,1514361914,1514361931),(1112,'oyl_00Pb1EhbNQZd7cUIdZ4cwTgQ','','IUfD5B','',1,'https://wx.qlogo.cn/mmopen/vi_32/oqcLEJAic4CrrFk0AshqXsAdibrH6SAkBu3deW2eUUUDgHz0UGze6LZzzibqAyEv68eZSr43fT9dzLVdvIkMXbhLA/0',NULL,1,NULL,NULL,1514362858,1514362858),(1113,'oyl_00PCKYQatyOEeHSnSZE5gem8','微信昵称','EmmiU0','',1,'',NULL,1,NULL,NULL,1514363181,1514363181),(1114,'oyl_00BXqu74nRtIZL6XYCCVfL7w','微信昵称','XacnM2','',1,'',NULL,1,NULL,NULL,1514363523,1514363523),(1115,'oyl_00IbVX93gg-kBQCTUlrXEyMk','微信昵称','Iwyqh5','',1,'',NULL,1,NULL,NULL,1514371730,1514371730),(1116,'oyl_00EoDw9jrtOOeBGLqXPTfZDc','微信昵称','g2Sbft','',1,'',NULL,1,NULL,NULL,1514373379,1514373379),(1117,'oyl_00NnC8PlTPpe8LLcuB4DES7E','微信昵称','0pgDii','',1,'',NULL,1,NULL,NULL,1514374951,1514374951),(1118,'oyl_00LGCxTjOrFAgbLbWV5t8zPY','微信昵称','a9XVx4','',1,'',NULL,1,NULL,NULL,1514377734,1514377734),(1119,'oyl_00F6lN1bhi2QKaSLcYVJIE88','微信昵称','eOJSVI','',1,'',NULL,1,NULL,NULL,1514382251,1514382251),(1120,'oyl_00FhpE6mI1slEGy0vCwzfwko','微信昵称','t9LDCL','',1,'',NULL,1,NULL,NULL,1514385249,1514385249),(1121,'oyl_00Om-EJlzDRkYxeU5_uLlEcw','cam y e','SFzdOg','',2,'https://wx.qlogo.cn/mmopen/vi_32/Zzmz60kvrgM4eCHoagWPaMRrdkYQGxR8zbqGWHX7nf8icqSUFpQWE9ViaSKmgWiaQqeG4dzNfPmAiaHFCTQrUw3PicA/0',NULL,1,NULL,NULL,1514385399,1514385399),(1122,'oyl_00GxSWyULOBGiRQQOBMPfwH4','微信昵称','uqvTyE','',1,'',NULL,1,NULL,NULL,1514418290,1514418290),(1123,'oyl_00LGJf9zGF_e98Dq2MSkVOUc','微信昵称','KNz5PA','',1,'',NULL,1,NULL,NULL,1514427018,1514427018),(1124,'oyl_00M8W4CiBUug2HK9bHF5FVqk','微信昵称','AqmxyA','',1,'',NULL,1,NULL,NULL,1514427545,1514427545),(1125,'oyl_00OAcPex9WIv62-cLyhs_680','微信昵称','M4CbK8','',1,'',NULL,1,NULL,NULL,1514427646,1514435655),(1126,'oyl_00C8aE7jiA_Ym0ty9-LRpyIQ','微信昵称','MWcXYP','',1,'',NULL,1,NULL,NULL,1514427707,1514427707),(1127,'oyl_00KOuIeLujVtijp_D1z--SDM','微信昵称','yWXjdN','',1,'',NULL,1,NULL,NULL,1514427736,1514427737),(1128,'oyl_00Es6GXfyYcaapljYjQ5LQgQ','微信昵称','VOu8hA','',1,'',NULL,1,NULL,NULL,1514428286,1514428286),(1129,'oyl_00Ebqeas9blbiFai6lXYij1Y','微信昵称','smMpsf','',1,'',NULL,1,NULL,NULL,1514428694,1514428694),(1130,'oyl_00Lu27kuvJtgIohynz03ZiRA','微信昵称','yAaWED','',1,'',NULL,1,NULL,NULL,1514430026,1514430026),(1131,'oyl_00BTgvTgvyd9BVnyMgaRC0I4','微信昵称','Q3r-Jt','',1,'',NULL,1,NULL,NULL,1514431089,1514431090),(1132,'oyl_00CZjJOmMbC_ENfWVxjrBwXc','微信昵称','Yks1Mi','',1,'',NULL,1,NULL,NULL,1514432105,1514445846),(1133,'oyl_00HIF6s_yc07Gz_KNoMOMLQc','微信昵称','BWgYYw','',1,'',NULL,1,NULL,NULL,1514432676,1514432676),(1134,'oyl_00IDJ60LFlohUr9YLSJDNLic','微信昵称','JTTeBe','',1,'',NULL,1,NULL,NULL,1514433814,1514433814),(1135,'oyl_00AenZrmOb0G0f6Llgd5PJws','微信昵称','SIfu-e','',1,'',NULL,1,NULL,NULL,1514434381,1514434381),(1136,'oyl_00NrwzDjLoKQXhaVcZzIABy0','微信昵称','Godx8k','',1,'',NULL,1,NULL,NULL,1514436625,1514436625),(1137,'oyl_00Eyefw5XXLrTz7nrPZjHUlw','微信昵称','wP1qK_','',1,'',NULL,1,NULL,NULL,1514440651,1514440651),(1138,'oyl_00Bjfd55v6zPBhN0fEfKHGhw','微信昵称','l6hQj0','',1,'',NULL,1,NULL,NULL,1514441707,1514441707),(1139,'oyl_00BViVEsYdirzhjYHYtUsfe4','long','KmHkWi','',1,'https://wx.qlogo.cn/mmopen/vi_32/Q0j4TwGTfTICgicia8hickzGNyOxyPuEofFdAWdC8mk4Fu5VtfP5WNcTABxfARbwp8XiauJiaUBNAibC7WHXCodMt8BA/0',NULL,1,NULL,NULL,1514442952,1514442952),(1140,'oyl_00NdTBYiwpDGEJ_Qke2W17Ck','微信昵称','JDE-NN','',1,'',NULL,1,NULL,NULL,1514445437,1514445438),(1141,'oyl_00JTHTyrym8OPnjos5LCnp8M','微信昵称','wjxFfv','',1,'',NULL,1,NULL,NULL,1514450291,1514450291),(1142,'oyl_00A51c-txEfMWPqN28l3ogZ4','微信昵称','iyMMiw','',1,'',NULL,1,NULL,NULL,1514450932,1514450932),(1143,'oyl_00GTTNyoWLgFxLn_0CUGgipE','微信昵称','BuiSPc','',1,'',NULL,1,NULL,NULL,1514451138,1514451138);
/*!40000 ALTER TABLE `user` ENABLE KEYS */;
UNLOCK TABLES;

--
-- Table structure for table `withdraw`
--

DROP TABLE IF EXISTS `withdraw`;
/*!40101 SET @saved_cs_client     = @@character_set_client */;
/*!40101 SET character_set_client = utf8 */;
CREATE TABLE `withdraw` (
  `id` int(11) NOT NULL AUTO_INCREMENT,
  `admin_id` int(11) NOT NULL COMMENT '申请商户id',
  `cash` decimal(8,2) NOT NULL DEFAULT '0.00' COMMENT '申请提现金额\n\n',
  `st` tinyint(4) DEFAULT '1' COMMENT '1 待转账 2线下转账功(确认此状态后，商家收益-)',
  `create_time` int(11) DEFAULT '0',
  `update_time` int(11) DEFAULT '0',
  PRIMARY KEY (`id`)
) ENGINE=MyISAM AUTO_INCREMENT=10 DEFAULT CHARSET=utf8 COMMENT='商户申请提现表';
/*!40101 SET character_set_client = @saved_cs_client */;

--
-- Dumping data for table `withdraw`
--

LOCK TABLES `withdraw` WRITE;
/*!40000 ALTER TABLE `withdraw` DISABLE KEYS */;
INSERT INTO `withdraw` VALUES (1,10,1000.00,2,1511164795,1511858239),(2,59,1000.00,2,1511857246,1511858232),(6,82,0.30,2,1514278735,1514279359),(5,82,0.20,2,1514278720,1514279352),(7,82,0.03,2,1514278776,1514279322),(8,82,0.00,1,1514278829,1514278829),(9,82,0.00,1,1514279027,1514279027);
/*!40000 ALTER TABLE `withdraw` ENABLE KEYS */;
UNLOCK TABLES;
/*!40103 SET TIME_ZONE=@OLD_TIME_ZONE */;

/*!40101 SET SQL_MODE=@OLD_SQL_MODE */;
/*!40014 SET FOREIGN_KEY_CHECKS=@OLD_FOREIGN_KEY_CHECKS */;
/*!40014 SET UNIQUE_CHECKS=@OLD_UNIQUE_CHECKS */;
/*!40101 SET CHARACTER_SET_CLIENT=@OLD_CHARACTER_SET_CLIENT */;
/*!40101 SET CHARACTER_SET_RESULTS=@OLD_CHARACTER_SET_RESULTS */;
/*!40101 SET COLLATION_CONNECTION=@OLD_COLLATION_CONNECTION */;
/*!40111 SET SQL_NOTES=@OLD_SQL_NOTES */;

-- Dump completed on 2017-12-28 17:00:49
